o convex_0
v 0.842815 0.233576 0.0101515
v 0.842815 0.223378 0.0609089
v 0.851294 0.221686 0.0693685
v 0.852935 0.223378 0.0609089
v 0.863191 0.223378 0.0304544
v 0.87673 0.216611 0.0338383
v 0.917345 0.196308 0.00338383
v 0.842815 0.233576 -0.0101515
v -0.462754 0.182772 0.0507574
v 0.841584 0.220863 0.0710604
v 0.842815 0.213227 0.0913633
v 0.858131 0.218303 0.0761361
v 0.866473 0.216611 0.0642927
v 0.907089 0.196308 0.0541412
v 0.927465 0.186156 0.0439898
v 0.910507 0.199692 -0.00338383
v 0.87673 0.216611 -0.0270706
v 0.927465 0.186156 -0.0372221
v 0.863191 0.223378 -0.0304544
v 0.849653 0.230146 -0.0236868
v 0.847875 0.231015 -0.0253787
v -0.462754 0.182772 -0.0507574
v -0.462754 0.155702 0.104899
v 0.839396 0.199692 0.11848
v 0.839396 0.209843 0.098131
v 0.849653 0.199692 0.11848
v 0.856354 0.196308 0.125247
v 0.852935 0.203075 0.111666
v 0.866473 0.196308 0.11505
v 0.88849 0.187848 0.106591
v 0.898747 0.198 0.0659846
v 0.925824 0.184464 0.0524493
v 0.929106 0.177697 0.0659846
v 0.934302 0.172621 0.0507574
v 0.869892 0.219994 -0.0338383
v 0.920627 0.18954 -0.0439898
v 0.930883 0.179389 -0.0541412
v 0.859772 0.219994 -0.0642927
v 0.852935 0.223378 -0.0609089
v 0.847875 0.220863 -0.0761361
v -0.462754 0.155702 -0.104899
v 0.837755 0.210712 -0.0964391
v 0.837755 0.20056 -0.116788
v -0.462754 0.135399 0.135399
v 0.846234 0.196308 0.125247
v 0.846234 0.165853 0.165853
v 0.858131 0.177697 0.147242
v 0.878371 0.167545 0.147242
v 0.868251 0.187848 0.126939
v 0.878371 0.187848 0.116788
v 0.908866 0.187848 0.0761361
v 0.918986 0.167545 0.106591
v 0.927465 0.165853 0.0947472
v 0.929106 0.157394 0.106591
v 0.934302 0.172621 -0.0507574
v 0.934302 0.152318 0.0913633
v 0.900388 0.199692 -0.0541412
v 0.918986 0.187848 -0.0532724
v 0.898747 0.198 -0.0634696
v 0.930883 0.159086 -0.0947472
v 0.929106 0.177697 -0.0634696
v 0.858131 0.218303 -0.0736211
v 0.852935 0.220863 -0.0723407
v 0.859772 0.199692 -0.11505
v 0.852935 0.203075 -0.111666
v 0.852935 0.199692 -0.11848
v -0.462754 0.135399 -0.135399
v 0.842815 0.196308 -0.125247
v 0.852935 0.196308 -0.125247
v -0.462754 0.104899 0.155702
v 0.846234 0.125247 0.196308
v 0.856354 0.125247 0.196308
v 0.858131 0.147242 0.177697
v 0.866473 0.155702 0.165853
v 0.866473 0.165853 0.155702
v 0.878371 0.147242 0.167545
v 0.929106 0.137091 0.137091
v 0.898747 0.167545 0.126939
v 0.908866 0.167545 0.116788
v 0.934302 0.152318 -0.0913633
v 0.934302 0.132015 0.121864
v 0.908866 0.187848 -0.0736211
v 0.931704 0.152318 -0.102795
v 0.929106 0.157394 -0.104076
v 0.918986 0.167545 -0.104076
v 0.88849 0.187848 -0.104076
v 0.858131 0.198 -0.119303
v -0.462754 0.104899 -0.155702
v 0.842815 0.176416 -0.152318
v 0.842815 0.165853 -0.165853
v 0.847875 0.147242 -0.180257
v 0.842815 0.125247 -0.196308
v 0.847875 0.180257 -0.147242
v 0.878371 0.167545 -0.144681
v 0.858131 0.177697 -0.144681
v -0.462754 0.0507574 0.182772
v 0.839396 0.11848 0.199692
v 0.849653 0.11848 0.199692
v 0.842815 0.0913633 0.213227
v 0.852935 0.111666 0.203075
v 0.858131 0.0761361 0.218303
v 0.866473 0.11505 0.196308
v 0.878371 0.116788 0.187848
v 0.868251 0.126939 0.187848
v 0.898747 0.126939 0.167545
v 0.918986 0.106591 0.167545
v 0.929106 0.106591 0.157394
v 0.934302 0.121864 0.132015
v 0.908866 0.116788 0.167545
v 0.934302 0.132015 -0.121864
v 0.931704 0.132015 -0.13325
v 0.929106 0.137091 -0.13453
v 0.898747 0.167545 -0.124379
v 0.863191 0.192924 -0.121864
v -0.462754 0.0507574 -0.182772
v 0.863191 0.165853 -0.155702
v 0.863191 0.155702 -0.165853
v 0.852935 0.125247 -0.196308
v 0.858131 0.116788 -0.20056
v 0.842815 0.11848 -0.199692
v 0.878371 0.147242 -0.164984
v -0.462754 -0.0507574 0.182772
v -0.0608408 -0.0101515 0.203075
v 0.842815 0.0101515 0.233576
v 0.842815 0.0609089 0.223378
v 0.851294 0.0693685 0.221686
v 0.841584 0.0710604 0.220863
v 0.839396 0.098131 0.209843
v 0.852935 0.0609089 0.223378
v 0.866473 0.0642927 0.216611
v 0.898747 0.0659846 0.198
v 0.88849 0.106591 0.187848
v 0.929106 0.0659846 0.177697
v 0.927465 0.0947472 0.165853
v 0.908866 0.0761361 0.187848
v 0.934302 0.0913633 0.152318
v 0.934302 0.121864 -0.132015
v 0.931704 0.101515 -0.153598
v 0.929106 0.106591 -0.154833
v 0.918986 0.106591 -0.164984
v 0.908866 0.116788 -0.164984
v 0.898747 0.126939 -0.164984
v -0.462754 -0.0507574 -0.182772
v 0.842815 0.0913633 -0.213227
v 0.847875 0.0761361 -0.220863
v 0.847875 0.0253787 -0.231015
v 0.842815 0.0101515 -0.233576
v 0.852935 0.0812119 -0.217068
v 0.913926 0.0913633 -0.176416
v 0.88343 0.0913633 -0.196719
v 0.873311 0.0812119 -0.206916
v 0.863191 0.0710604 -0.217068
v -0.0303451 -0.0406059 0.203075
v -0.0406015 -0.0304544 0.203075
v -0.462754 -0.104899 0.155702
v 0.837755 -0.116788 0.20056
v 0.837755 -0.0964391 0.210712
v 0.847875 -0.0761361 0.220863
v 0.842815 -0.0101515 0.233576
v 0.917345 0.00338383 0.196308
v 0.87673 0.0338383 0.216611
v 0.863191 0.0304544 0.223378
v 0.907089 0.0541412 0.196308
v 0.927465 0.0439898 0.186156
v 0.925824 0.0524493 0.184464
v 0.934302 0.0507574 0.172621
v 0.934302 0.0913633 -0.152318
v 0.931704 0.0609089 -0.173901
v 0.927465 0.0913633 -0.165853
v 0.918986 0.0964391 -0.17006
v -0.462754 -0.100189 -0.15808
v 0.842815 -0.0101515 -0.233576
v 0.842815 -0.0609089 -0.223378
v 0.844593 -0.0693685 -0.221686
v 0.842815 -0.0913633 -0.213227
v 0.839396 -0.104899 -0.206459
v 0.839396 -0.125247 -0.196308
v 0.858131 0.0659846 -0.220863
v 0.852935 0.0609089 -0.223378
v 0.868251 0.0355302 -0.220863
v 0.924046 0.0507574 -0.186568
v 0.903806 0.0609089 -0.196719
v 0.898747 0.0558331 -0.20056
v 0.847875 -0.0253787 0.231015
v -0.462754 -0.135399 0.135399
v 0.842815 -0.125247 0.196308
v 0.852935 -0.125247 0.196308
v 0.852935 -0.11848 0.199692
v 0.852935 -0.111666 0.203075
v 0.859772 -0.11505 0.199692
v 0.852935 -0.0723407 0.220863
v 0.852935 -0.0609089 0.223378
v 0.849653 -0.0236868 0.230146
v 0.863191 -0.0304544 0.223378
v 0.87673 -0.0270706 0.216611
v 0.910507 -0.00338383 0.199692
v 0.927465 -0.0372221 0.186156
v 0.934302 -0.0507574 0.172621
v 0.934302 0.0507574 -0.172621
v 0.930883 0.0507574 -0.179389
v 0.929106 0.0558331 -0.180257
v -0.462754 -0.104899 -0.155702
v 0.908866 0.00507574 -0.20056
v 0.87673 -0.0304544 -0.216611
v 0.863191 -0.0304544 -0.223378
v 0.849653 -0.020303 -0.230146
v 0.852935 -0.0609089 -0.223378
v 0.854302 -0.0710604 -0.220863
v 0.856354 -0.11848 -0.199692
v 0.846234 -0.11848 -0.199692
v 0.849653 -0.125247 -0.196308
v 0.839396 -0.165853 -0.165853
v -0.462754 -0.135399 -0.135399
v 0.918986 0.0456817 -0.190409
v 0.87673 0.0304544 -0.216611
v 0.927465 0.0406059 -0.186156
v 0.859772 -0.0642927 0.219994
v 0.869892 -0.0338383 0.219994
v -0.462754 -0.155702 0.104899
v 0.842815 -0.196308 0.125247
v 0.847875 -0.180257 0.147242
v 0.842815 -0.165853 0.165853
v 0.842815 -0.152318 0.176416
v 0.847875 -0.147242 0.180257
v 0.858131 -0.144681 0.177697
v 0.878371 -0.144681 0.167545
v 0.858131 -0.119303 0.198
v 0.88849 -0.104076 0.187848
v 0.858131 -0.0736211 0.218303
v 0.920627 -0.0439898 0.18954
v 0.930883 -0.0541412 0.179389
v 0.934302 -0.0913633 0.152318
v 0.934302 -0.0507574 -0.172621
v 0.917345 -2.77556e-17 -0.196308
v 0.866473 -0.0609089 -0.216611
v 0.859772 -0.0609089 -0.219994
v 0.927465 -0.0406059 -0.186156
v 0.907089 -0.0507574 -0.196308
v 0.855533 -0.0761361 -0.218303
v 0.894918 -0.0609089 -0.20056
v 0.855533 -0.147242 -0.177697
v 0.860593 -0.116788 -0.198
v 0.863191 -0.121864 -0.192924
v 0.875772 -0.147242 -0.167545
v 0.855533 -0.177697 -0.147242
v 0.849653 -0.196308 -0.125247
v 0.839396 -0.196308 -0.125247
v -0.462754 -0.155702 -0.104899
v 0.900388 -0.0541412 0.199692
v -0.462754 -0.182772 0.0507574
v 0.842815 -0.199692 0.11848
v 0.858131 -0.20056 0.116788
v 0.852935 -0.196308 0.125247
v 0.863191 -0.165853 0.155702
v 0.863191 -0.155702 0.165853
v 0.898747 -0.124379 0.167545
v 0.863191 -0.121864 0.192924
v 0.878371 -0.164984 0.147242
v 0.929106 -0.13453 0.137091
v 0.918986 -0.104076 0.167545
v 0.908866 -0.0736211 0.187848
v 0.898747 -0.0634696 0.198
v 0.918986 -0.0532724 0.187848
v 0.929106 -0.0634696 0.177697
v 0.930883 -0.0947472 0.159086
v 0.931704 -0.102795 0.152318
v 0.934302 -0.121864 0.132015
v 0.934302 -0.0913633 -0.152318
v 0.931704 -0.0558331 -0.177697
v 0.930883 -0.0507574 -0.179389
v 0.917345 -0.0609089 -0.186156
v 0.896148 -0.0659846 -0.198
v 0.886029 -0.106591 -0.187848
v 0.916524 -0.106591 -0.167545
v 0.886029 -0.137091 -0.167545
v 0.926644 -0.137091 -0.137091
v 0.875772 -0.167545 -0.147242
v 0.856354 -0.199692 -0.11848
v 0.846234 -0.199692 -0.11848
v 0.842815 -0.213227 -0.0913633
v 0.839396 -0.206459 -0.104899
v -0.462754 -0.182772 -0.0507574
v -0.462754 -0.15808 -0.100189
v 0.842815 -0.233576 0.0101515
v 0.847875 -0.231015 0.0253787
v 0.847875 -0.220863 0.0761361
v 0.842815 -0.213227 0.0913633
v 0.852935 -0.217068 0.0812119
v 0.863191 -0.217068 0.0710604
v 0.873311 -0.206916 0.0812119
v 0.88343 -0.196719 0.0913633
v 0.913926 -0.176416 0.0913633
v 0.918986 -0.164984 0.106591
v 0.908866 -0.164984 0.116788
v 0.898747 -0.164984 0.126939
v 0.929106 -0.154833 0.106591
v 0.931704 -0.153598 0.101515
v 0.931704 -0.13325 0.132015
v 0.929106 -0.104076 0.157394
v 0.934302 -0.132015 0.121864
v 0.934302 -0.121864 -0.132015
v 0.931704 -0.0964391 -0.157394
v 0.927465 -0.0913633 -0.165853
v 0.926644 -0.0659846 -0.177697
v 0.906268 -0.0761361 -0.187848
v 0.926644 -0.106591 -0.157394
v 0.931704 -0.126939 -0.137091
v 0.931704 -0.137091 -0.126939
v 0.926644 -0.157394 -0.106591
v 0.916524 -0.167545 -0.106591
v 0.886029 -0.167545 -0.137091
v 0.863191 -0.192924 -0.121864
v 0.855533 -0.218303 -0.0761361
v 0.854302 -0.220863 -0.0710604
v 0.860593 -0.198 -0.116788
v 0.844593 -0.221686 -0.0693685
v 0.842815 -0.223378 -0.0609089
v 0.842815 -0.233576 -0.0101515
v 0.868251 -0.220863 0.0355302
v 0.858131 -0.220863 0.0659846
v 0.852935 -0.223378 0.0609089
v 0.898747 -0.20056 0.0558331
v 0.903806 -0.196719 0.0609089
v 0.924046 -0.186568 0.0507574
v 0.927465 -0.165853 0.0913633
v 0.918986 -0.17006 0.0964391
v 0.931704 -0.173901 0.0609089
v 0.934302 -0.152318 0.0913633
v 0.934302 -0.132015 -0.121864
v 0.931704 -0.157394 -0.0964391
v 0.927465 -0.165853 -0.0913633
v 0.906268 -0.187848 -0.0761361
v 0.886029 -0.187848 -0.106591
v 0.926644 -0.177697 -0.0659846
v 0.896148 -0.198 -0.0659846
v 0.852935 -0.223378 -0.0609089
v 0.894918 -0.20056 -0.0609089
v 0.866473 -0.216611 -0.0609089
v 0.859772 -0.219994 -0.0609089
v 0.849653 -0.230146 -0.020303
v 0.863191 -0.223378 -0.0304544
v 0.87673 -0.216611 -0.0304544
v 0.908866 -0.20056 0.00507574
v 0.87673 -0.216611 0.0304544
v 0.918986 -0.190409 0.0456817
v 0.927465 -0.186156 0.0406059
v 0.929106 -0.180257 0.0558331
v 0.930883 -0.179389 0.0507574
v 0.934302 -0.172621 0.0507574
v 0.934302 -0.152318 -0.0913633
v 0.931704 -0.177697 -0.0558331
v 0.917345 -0.186156 -0.0609089
v 0.907089 -0.196308 -0.0507574
v 0.927465 -0.186156 -0.0406059
v 0.917345 -0.196308 -2.77556e-17
v 0.934302 -0.172621 -0.0507574
v 0.930883 -0.179389 -0.0507574
f 1 2 3
f 1 3 4
f 1 4 5
f 1 5 6
f 1 6 7
f 1 7 8
f 1 8 22
f 1 22 9
f 1 9 2
f 2 9 3
f 3 9 10
f 3 10 11
f 3 11 12
f 3 12 4
f 4 12 13
f 4 13 6
f 4 6 5
f 6 13 14
f 6 14 15
f 6 15 7
f 7 16 35
f 7 35 17
f 7 17 8
f 7 15 18
f 7 18 36
f 7 36 16
f 8 17 19
f 8 19 20
f 8 20 21
f 8 21 22
f 9 22 41
f 9 41 67
f 9 67 88
f 9 88 115
f 9 115 143
f 9 143 171
f 9 171 202
f 9 202 213
f 9 213 248
f 9 248 283
f 9 283 282
f 9 282 250
f 9 250 219
f 9 219 185
f 9 185 155
f 9 155 122
f 9 122 96
f 9 96 70
f 9 70 44
f 9 44 23
f 9 23 24
f 9 24 25
f 9 25 11
f 9 11 10
f 11 25 24
f 11 24 26
f 11 26 27
f 11 27 28
f 11 28 12
f 12 29 30
f 12 30 51
f 12 51 31
f 12 31 14
f 12 14 13
f 12 28 27
f 12 27 29
f 14 31 15
f 15 32 33
f 15 33 34
f 15 34 55
f 15 55 37
f 15 37 18
f 15 31 32
f 16 36 35
f 17 35 19
f 18 37 36
f 19 35 21
f 19 21 20
f 21 35 38
f 21 38 39
f 21 39 40
f 21 40 22
f 22 40 42
f 22 42 43
f 22 43 41
f 23 44 45
f 23 45 24
f 24 45 27
f 24 27 26
f 27 45 46
f 27 46 47
f 27 47 48
f 27 48 49
f 27 49 50
f 27 50 30
f 27 30 29
f 30 50 79
f 30 79 52
f 30 52 51
f 31 51 32
f 32 51 33
f 33 52 53
f 33 53 54
f 33 54 56
f 33 56 34
f 33 51 52
f 34 56 81
f 34 81 108
f 34 108 136
f 34 136 166
f 34 166 198
f 34 198 232
f 34 232 267
f 34 267 300
f 34 300 328
f 34 328 349
f 34 349 356
f 34 356 350
f 34 350 329
f 34 329 301
f 34 301 268
f 34 268 233
f 34 233 199
f 34 199 167
f 34 167 137
f 34 137 110
f 34 110 80
f 34 80 55
f 35 36 57
f 35 57 38
f 36 37 58
f 36 58 59
f 36 59 57
f 37 60 84
f 37 84 61
f 37 61 58
f 37 55 80
f 37 80 60
f 38 57 59
f 38 59 62
f 38 62 63
f 38 63 39
f 39 63 40
f 40 63 64
f 40 64 65
f 40 65 66
f 40 66 43
f 40 43 42
f 41 43 68
f 41 68 67
f 43 66 69
f 43 69 68
f 44 70 71
f 44 71 46
f 44 46 45
f 46 71 72
f 46 72 73
f 46 73 74
f 46 74 75
f 46 75 47
f 47 75 48
f 48 75 74
f 48 74 76
f 48 76 77
f 48 77 78
f 48 78 49
f 49 78 79
f 49 79 50
f 52 77 54
f 52 54 53
f 52 79 77
f 54 77 81
f 54 81 56
f 58 61 59
f 59 61 82
f 59 82 86
f 59 86 62
f 60 80 83
f 60 83 84
f 61 84 85
f 61 85 82
f 62 86 64
f 62 64 63
f 64 87 65
f 64 86 87
f 65 87 66
f 66 87 69
f 67 68 89
f 67 89 90
f 67 90 91
f 67 91 92
f 67 92 88
f 68 69 93
f 68 93 89
f 69 87 94
f 69 94 95
f 69 95 93
f 70 96 97
f 70 97 71
f 71 97 98
f 71 98 72
f 72 98 99
f 72 99 100
f 72 100 101
f 72 101 102
f 72 102 132
f 72 132 103
f 72 103 104
f 72 104 76
f 72 76 73
f 73 76 74
f 76 104 105
f 76 105 77
f 77 106 107
f 77 107 136
f 77 136 108
f 77 108 81
f 77 79 78
f 77 105 109
f 77 109 106
f 80 110 83
f 82 85 86
f 83 111 112
f 83 112 84
f 83 110 111
f 84 112 85
f 85 112 113
f 85 113 114
f 85 114 87
f 85 87 86
f 87 114 94
f 88 92 120
f 88 120 115
f 89 93 90
f 90 93 116
f 90 116 117
f 90 117 91
f 91 118 92
f 91 117 118
f 92 118 119
f 92 119 120
f 93 95 116
f 94 121 117
f 94 117 116
f 94 116 95
f 94 114 113
f 94 113 112
f 94 112 121
f 96 122 123
f 96 123 124
f 96 124 125
f 96 125 126
f 96 126 127
f 96 127 99
f 96 99 128
f 96 128 97
f 97 128 99
f 97 99 98
f 99 127 126
f 99 126 101
f 99 101 100
f 101 126 129
f 101 129 130
f 101 130 163
f 101 163 131
f 101 131 135
f 101 135 132
f 101 132 102
f 103 132 106
f 103 106 109
f 103 109 105
f 103 105 104
f 106 133 134
f 106 134 107
f 106 132 135
f 106 135 133
f 107 134 133
f 107 133 166
f 107 166 136
f 110 137 111
f 111 138 112
f 111 137 138
f 112 138 139
f 112 139 140
f 112 140 141
f 112 141 142
f 112 142 121
f 115 120 144
f 115 144 145
f 115 145 146
f 115 146 147
f 115 147 172
f 115 172 143
f 117 121 118
f 118 121 119
f 119 148 145
f 119 145 120
f 119 121 142
f 119 142 141
f 119 141 140
f 119 140 149
f 119 149 150
f 119 150 151
f 119 151 152
f 119 152 148
f 120 145 144
f 122 153 154
f 122 154 123
f 122 155 156
f 122 156 157
f 122 157 158
f 122 158 153
f 123 154 159
f 123 159 124
f 124 159 160
f 124 160 161
f 124 161 162
f 124 162 129
f 124 129 126
f 124 126 125
f 129 162 161
f 129 161 130
f 130 161 163
f 131 163 164
f 131 164 165
f 131 165 135
f 133 135 165
f 133 165 164
f 133 164 166
f 137 167 138
f 138 168 169
f 138 169 139
f 138 167 199
f 138 199 168
f 139 169 140
f 140 169 170
f 140 170 149
f 143 172 173
f 143 173 174
f 143 174 175
f 143 175 176
f 143 176 177
f 143 177 171
f 145 148 152
f 145 152 178
f 145 178 179
f 145 179 146
f 146 179 178
f 146 178 180
f 146 180 147
f 147 180 172
f 149 170 169
f 149 169 181
f 149 181 182
f 149 182 150
f 150 182 151
f 151 182 152
f 152 182 183
f 152 183 178
f 153 158 184
f 153 184 159
f 153 159 154
f 155 185 186
f 155 186 156
f 156 186 187
f 156 187 188
f 156 188 158
f 156 158 157
f 158 188 189
f 158 189 190
f 158 190 191
f 158 191 192
f 158 192 184
f 159 184 193
f 159 193 194
f 159 194 195
f 159 195 160
f 160 195 218
f 160 218 196
f 160 196 230
f 160 230 197
f 160 197 164
f 160 164 161
f 161 164 163
f 164 197 231
f 164 231 198
f 164 198 166
f 168 200 201
f 168 201 169
f 168 199 200
f 169 201 181
f 171 177 202
f 172 180 203
f 172 203 204
f 172 204 205
f 172 205 206
f 172 206 207
f 172 207 174
f 172 174 173
f 174 207 208
f 174 208 175
f 175 208 209
f 175 209 210
f 175 210 177
f 175 177 176
f 177 210 209
f 177 209 211
f 177 211 212
f 177 212 213
f 177 213 202
f 178 183 180
f 180 183 214
f 180 214 216
f 180 216 215
f 180 215 234
f 180 234 203
f 181 201 216
f 181 216 214
f 181 214 183
f 181 183 182
f 184 192 217
f 184 217 218
f 184 218 194
f 184 194 193
f 185 219 220
f 185 220 221
f 185 221 222
f 185 222 223
f 185 223 186
f 186 223 224
f 186 224 187
f 187 224 225
f 187 225 226
f 187 226 227
f 187 227 188
f 188 227 189
f 189 227 190
f 190 228 229
f 190 229 191
f 190 227 228
f 191 229 217
f 191 217 192
f 194 218 195
f 196 218 230
f 197 230 231
f 198 231 265
f 198 265 232
f 199 233 270
f 199 270 237
f 199 237 216
f 199 216 200
f 200 216 201
f 203 234 204
f 204 235 236
f 204 236 205
f 204 234 237
f 204 237 238
f 204 238 235
f 205 236 207
f 205 207 206
f 207 236 208
f 208 239 209
f 208 236 235
f 208 235 238
f 208 238 240
f 208 240 272
f 208 272 239
f 209 241 211
f 209 239 242
f 209 242 243
f 209 243 244
f 209 244 241
f 211 241 212
f 212 241 245
f 212 245 246
f 212 246 247
f 212 247 213
f 213 247 248
f 215 216 234
f 216 237 234
f 217 249 218
f 217 229 262
f 217 262 249
f 218 249 230
f 219 250 251
f 219 251 220
f 220 251 252
f 220 252 253
f 220 253 221
f 221 253 254
f 221 254 222
f 222 254 255
f 222 255 224
f 222 224 223
f 224 255 225
f 225 255 226
f 226 256 257
f 226 257 227
f 226 255 254
f 226 254 258
f 226 258 259
f 226 259 256
f 227 257 256
f 227 256 260
f 227 260 228
f 228 260 261
f 228 261 262
f 228 262 229
f 230 249 262
f 230 262 263
f 230 263 231
f 231 263 264
f 231 264 299
f 231 299 265
f 232 265 266
f 232 266 267
f 233 268 302
f 233 302 269
f 233 269 270
f 237 270 269
f 237 269 304
f 237 304 271
f 237 271 238
f 238 271 272
f 238 272 240
f 239 272 273
f 239 273 242
f 241 244 277
f 241 277 245
f 242 273 243
f 243 273 274
f 243 274 275
f 243 275 244
f 244 275 276
f 244 276 277
f 245 277 278
f 245 278 246
f 246 278 279
f 246 279 247
f 247 279 280
f 247 280 281
f 247 281 282
f 247 282 283
f 247 283 248
f 250 284 285
f 250 285 286
f 250 286 287
f 250 287 251
f 250 282 318
f 250 318 284
f 251 287 286
f 251 286 252
f 252 286 288
f 252 288 289
f 252 289 290
f 252 290 291
f 252 291 292
f 252 292 293
f 252 293 294
f 252 294 295
f 252 295 258
f 252 258 253
f 253 258 254
f 256 259 260
f 258 295 259
f 259 296 297
f 259 297 298
f 259 298 266
f 259 266 299
f 259 299 260
f 259 295 294
f 259 294 293
f 259 293 296
f 260 299 264
f 260 264 261
f 261 264 262
f 262 264 263
f 265 299 266
f 266 298 267
f 267 298 300
f 268 301 307
f 268 307 302
f 269 302 303
f 269 303 304
f 271 305 272
f 271 304 305
f 272 305 273
f 273 305 274
f 274 305 304
f 274 304 303
f 274 303 306
f 274 306 276
f 274 276 275
f 276 306 302
f 276 302 307
f 276 307 308
f 276 308 330
f 276 330 309
f 276 309 310
f 276 310 311
f 276 311 277
f 277 311 312
f 277 312 278
f 278 313 314
f 278 314 280
f 278 280 279
f 278 312 315
f 278 315 313
f 280 314 316
f 280 316 282
f 280 282 281
f 282 316 317
f 282 317 318
f 284 318 319
f 284 319 285
f 285 319 320
f 285 320 321
f 285 321 286
f 286 321 320
f 286 320 289
f 286 289 288
f 289 322 323
f 289 323 290
f 289 320 322
f 290 323 291
f 291 323 292
f 292 323 324
f 292 324 325
f 292 325 326
f 292 326 293
f 293 326 325
f 293 325 296
f 296 325 297
f 297 325 327
f 297 327 349
f 297 349 328
f 297 328 300
f 297 300 298
f 301 329 308
f 301 308 307
f 302 306 303
f 308 329 350
f 308 350 330
f 309 330 331
f 309 331 310
f 310 332 333
f 310 333 312
f 310 312 311
f 310 331 334
f 310 334 332
f 312 333 315
f 313 315 333
f 313 333 335
f 313 335 337
f 313 337 314
f 314 336 316
f 314 337 353
f 314 353 338
f 314 338 339
f 314 339 336
f 316 336 318
f 316 318 317
f 318 336 340
f 318 340 341
f 318 341 342
f 318 342 343
f 318 343 319
f 319 343 355
f 319 355 344
f 319 344 346
f 319 346 345
f 319 345 322
f 319 322 320
f 322 345 324
f 322 324 323
f 324 346 347
f 324 347 325
f 324 345 346
f 325 347 327
f 327 348 349
f 327 347 348
f 330 350 356
f 330 356 351
f 330 351 331
f 331 351 334
f 332 334 352
f 332 352 335
f 332 335 333
f 334 351 354
f 334 354 352
f 335 352 353
f 335 353 337
f 336 339 341
f 336 341 340
f 338 353 342
f 338 342 339
f 339 342 341
f 342 353 354
f 342 354 355
f 342 355 343
f 344 355 346
f 346 354 357
f 346 357 356
f 346 356 349
f 346 349 348
f 346 348 347
f 346 355 354
f 351 356 357
f 351 357 354
f 352 354 353
o convex_1
v -0.746948 0.277014 0.126405
v -0.724377 0.260647 0.159108
v -0.724377 0.270807 0.138795
v -0.721007 0.274176 0.132024
v -0.711776 0.273274 0.126405
v -0.77912 0.277014 0.126405
v -0.717638 0.257251 0.165878
v -0.80566 0.260647 0.159108
v -0.717638 0.267411 0.145566
v -0.705775 0.269109 0.137102
v -0.685512 0.269109 0.126946
v -0.686066 0.269374 0.126405
v -0.926363 0.271921 0.126405
v -0.802245 0.274176 0.132024
v -0.80566 0.270807 0.138795
v -0.758256 0.236958 0.196347
v -0.727792 0.226798 0.206504
v -0.707483 0.216639 0.216642
v -0.66691 0.247092 0.165878
v -0.68722 0.257251 0.155722
v -0.798875 0.257251 0.165878
v -0.927517 0.250487 0.169264
v -0.675357 0.258949 0.147259
v -0.655048 0.258949 0.137102
v -0.675911 0.266854 0.126405
v -0.682742 0.268552 0.126405
v -0.685419 0.269215 0.126405
v -0.928625 0.270807 0.126405
v -0.927517 0.270807 0.128639
v -0.920732 0.247092 0.176035
v -0.788721 0.226798 0.206504
v -0.758256 0.196319 0.236955
v -0.727792 0.206479 0.226799
v -0.717638 0.165866 0.257268
v -0.66691 0.165866 0.247111
v -0.646601 0.196319 0.216642
v -0.655048 0.208177 0.208196
v -0.677065 0.216639 0.206504
v -0.646601 0.216639 0.196347
v -0.646601 0.247092 0.155722
v -0.655048 0.248789 0.157415
v -0.931717 0.248789 0.167571
v -0.931717 0.228496 0.187884
v -0.927517 0.220034 0.199733
v -0.920732 0.236958 0.186191
v -0.634738 0.248789 0.147259
v -0.642123 0.258392 0.126405
v -0.645447 0.259241 0.126405
v -0.931625 0.269295 0.126405
v -0.931717 0.269109 0.126946
v -0.80903 0.216639 0.216642
v -0.788721 0.206479 0.226799
v -0.920732 0.176026 0.247111
v -0.798875 0.165866 0.257268
v -0.721007 0.132044 0.274195
v -0.717638 0.145546 0.267424
v -0.68722 0.155706 0.257268
v -0.655048 0.157404 0.248804
v -0.646601 0.155706 0.247111
v -0.626291 0.186159 0.216642
v -0.604274 0.198017 0.19804
v -0.626291 0.216639 0.186191
v -0.93204 0.268552 0.126405
v -0.934302 0.243723 0.162493
v -0.934302 0.19295 0.213275
v -0.931717 0.167564 0.248804
v -0.927517 0.209874 0.209889
v -0.629384 0.254148 0.126405
v -0.637 0.256694 0.126405
v -0.614429 0.218336 0.177727
v -0.604274 0.228496 0.157415
v -0.594119 0.23863 0.137102
v -0.927517 0.169235 0.250497
v -0.80566 0.159102 0.260653
v -0.751471 0.111724 0.284351
v -0.721007 0.0812448 0.294507
v -0.700698 0.0711115 0.294507
v -0.700698 0.121884 0.274195
v -0.644893 0.106658 0.269117
v -0.67028 0.132044 0.264039
v -0.705775 0.137111 0.269117
v -0.802245 0.132044 0.274195
v -0.675357 0.147244 0.25896
v -0.655048 0.137111 0.25896
v -0.634738 0.147244 0.248804
v -0.614429 0.177697 0.218335
v -0.594119 0.137111 0.238648
v -0.57381 0.137111 0.228491
v -0.563655 0.167564 0.19804
v -0.57381 0.187857 0.187884
v -0.57381 0.228496 0.137102
v -0.934302 0.253883 0.126405
v -0.934302 0.253883 0.14218
v -0.934302 0.16247 0.243726
v -0.934302 0.121884 0.264039
v -0.931717 0.106658 0.279273
v -0.927517 0.128649 0.270809
v -0.614983 0.249081 0.126405
v -0.614429 0.248789 0.126946
v -0.585903 0.23672 0.126405
v -0.60012 0.242821 0.126405
v -0.80566 0.138808 0.270809
v -0.781935 0.111724 0.284351
v -0.741316 0.0304722 0.304646
v -0.802245 0.0812448 0.294507
v -0.721007 0.010179 0.304646
v -0.690589 0.0609517 0.294507
v -0.64997 0.0609517 0.284351
v -0.644893 0.0761782 0.279273
v -0.655048 0.086338 0.279273
v -0.614429 0.106658 0.25896
v -0.624583 0.116791 0.25896
v -0.924101 0.101565 0.284351
v -0.594119 0.086338 0.25896
v -0.57381 0.086338 0.248804
v -0.5535 0.106658 0.228491
v -0.543346 0.116791 0.218335
v -0.543346 0.137111 0.208196
v -0.523036 0.167564 0.167571
v -0.563655 0.198017 0.167571
v -0.543346 0.208177 0.137102
v -0.552393 0.217779 0.126405
v -0.565917 0.226215 0.126405
v -0.934302 0.233563 0.126405
v -0.934302 0.101565 0.274195
v -0.934302 0.0711115 0.284351
v -0.931717 0.0761782 0.289429
v -0.927517 0.0778759 0.291122
v -0.927517 0.108329 0.280966
v -0.781935 0.0304722 0.304646
v -0.924101 0.0711115 0.294507
v -0.721007 0.00601427 0.304646
v -0.712052 0.00601427 0.30346
v -0.660125 0.010179 0.294507
v -0.67028 0.0304722 0.294507
v -0.639816 0.040632 0.284351
v -0.619506 0.0609517 0.274195
v -0.614429 0.0761782 0.269117
v -0.599197 0.0711115 0.264039
v -0.585672 0.0744804 0.257268
v -0.565363 0.0744804 0.247111
v -0.567025 0.0829426 0.245419
v -0.546715 0.103262 0.225106
v -0.504389 0.0744804 0.206504
v -0.512882 0.086338 0.208196
v -0.523036 0.126951 0.19804
v -0.492572 0.116791 0.177727
v -0.462754 0.135413 0.13541
v -0.523036 0.198017 0.126946
v -0.523036 0.198017 0.126405
v -0.933148 0.224544 0.126405
v -0.934302 0.223403 0.132024
v -0.934302 0.00601427 0.284351
v -0.931487 0.00601427 0.298643
v -0.930886 0.0711115 0.291122
v -0.927148 0.00601427 0.301645
v -0.802245 0.0203123 0.304646
v -0.927886 0.00601427 0.301278
v -0.816554 0.00601427 0.304646
v -0.660125 0.00601427 0.294507
v -0.629661 0.010179 0.284351
v -0.609351 0.0304722 0.274195
v -0.578887 0.010179 0.264039
v -0.575518 0.0440275 0.257268
v -0.555208 0.0440275 0.247111
v -0.524744 0.0541873 0.226799
v -0.526406 0.0626494 0.225106
v -0.514543 0.0643206 0.216642
v -0.462754 0.0507918 0.182806
v -0.462754 0.0551953 0.180607
v -0.462754 0.0653552 0.175529
v -0.462754 0.0981956 0.159108
v -0.462754 0.10496 0.155722
v -0.462754 0.138808 0.128639
v -0.462754 0.139923 0.126405
v -0.93144 0.00601427 0.256744
v -0.934302 0.0203123 0.253882
v -0.863496 0.00601427 0.126405
v -0.934302 0.00601427 0.264039
v -0.929409 0.00601427 0.30051
v -0.812399 0.010179 0.304646
v -0.629661 0.00601427 0.284351
v -0.600397 0.00601427 0.272991
v -0.583041 0.00601427 0.266098
v -0.578887 0.00601427 0.264039
v -0.572102 0.00678356 0.260653
v -0.565363 0.0135479 0.257268
v -0.534899 0.0338676 0.236955
v -0.494234 0.0440275 0.206504
v -0.504389 0.0237078 0.216642
v -0.515097 0.00601427 0.226275
v -0.462754 0.00601427 0.182806
v -0.462754 0.00601427 0.126405
v -0.572102 0.00601427 0.260653
v -0.565363 0.00601427 0.257268
v -0.545561 0.00601427 0.246588
f 358 359 360
f 358 360 361
f 358 361 362
f 358 362 369
f 358 369 384
f 358 384 383
f 358 383 382
f 358 382 405
f 358 405 404
f 358 404 426
f 358 426 425
f 358 425 455
f 358 455 458
f 358 458 457
f 358 457 480
f 358 480 479
f 358 479 507
f 358 507 532
f 358 532 550
f 358 550 535
f 358 535 508
f 358 508 481
f 358 481 449
f 358 449 420
f 358 420 406
f 358 406 385
f 358 385 370
f 358 370 363
f 358 363 365
f 358 365 359
f 359 364 366
f 359 366 360
f 359 365 378
f 359 378 364
f 360 366 361
f 361 366 367
f 361 367 368
f 361 368 369
f 361 369 362
f 363 370 371
f 363 371 372
f 363 372 365
f 364 373 374
f 364 374 375
f 364 375 376
f 364 376 377
f 364 377 366
f 364 378 373
f 365 372 386
f 365 386 379
f 365 379 387
f 365 387 378
f 366 377 380
f 366 380 367
f 367 380 381
f 367 381 368
f 368 381 382
f 368 382 383
f 368 383 384
f 368 384 369
f 370 385 386
f 370 386 372
f 370 372 371
f 373 378 387
f 373 387 388
f 373 388 374
f 374 389 390
f 374 390 375
f 374 388 389
f 375 390 391
f 375 391 392
f 375 392 393
f 375 393 394
f 375 394 395
f 375 395 376
f 376 395 396
f 376 396 419
f 376 419 397
f 376 397 403
f 376 403 398
f 376 398 380
f 376 380 377
f 379 386 407
f 379 407 399
f 379 399 400
f 379 400 401
f 379 401 402
f 379 402 387
f 380 398 403
f 380 403 381
f 381 403 404
f 381 404 405
f 381 405 382
f 385 406 386
f 386 406 407
f 387 402 408
f 387 408 388
f 388 408 409
f 388 409 389
f 389 391 390
f 389 409 410
f 389 410 411
f 389 411 391
f 391 412 413
f 391 413 414
f 391 414 392
f 391 411 431
f 391 431 459
f 391 459 439
f 391 439 412
f 392 414 440
f 392 440 415
f 392 415 442
f 392 442 416
f 392 416 417
f 392 417 393
f 393 417 418
f 393 418 394
f 394 396 395
f 394 418 396
f 396 418 419
f 397 419 427
f 397 427 403
f 399 407 420
f 399 420 421
f 399 421 400
f 400 421 422
f 400 422 423
f 400 423 401
f 401 424 410
f 401 410 402
f 401 423 424
f 402 410 408
f 403 425 426
f 403 426 404
f 403 427 428
f 403 428 429
f 403 429 425
f 406 420 407
f 408 410 409
f 410 424 430
f 410 430 431
f 410 431 411
f 412 432 433
f 412 433 434
f 412 434 435
f 412 435 436
f 412 436 437
f 412 437 441
f 412 441 438
f 412 438 414
f 412 414 413
f 412 439 460
f 412 460 432
f 414 438 440
f 415 440 441
f 415 441 442
f 416 442 443
f 416 443 417
f 417 443 418
f 418 443 444
f 418 444 445
f 418 445 446
f 418 446 447
f 418 447 477
f 418 477 448
f 418 448 428
f 418 428 427
f 418 427 419
f 420 449 450
f 420 450 421
f 421 450 449
f 421 449 481
f 421 481 509
f 421 509 534
f 421 534 536
f 421 536 510
f 421 510 483
f 421 483 482
f 421 482 452
f 421 452 451
f 421 451 422
f 422 451 423
f 423 451 452
f 423 452 453
f 423 453 454
f 423 454 430
f 423 430 424
f 425 429 456
f 425 456 455
f 428 448 429
f 429 448 457
f 429 457 458
f 429 458 456
f 430 454 459
f 430 459 431
f 432 460 462
f 432 462 433
f 433 461 434
f 433 462 487
f 433 487 461
f 434 461 463
f 434 463 464
f 434 464 465
f 434 465 466
f 434 466 467
f 434 467 436
f 434 436 435
f 436 467 466
f 436 466 495
f 436 495 471
f 436 471 468
f 436 468 469
f 436 469 442
f 436 442 441
f 436 441 437
f 438 441 440
f 439 459 486
f 439 486 470
f 439 470 460
f 442 469 444
f 442 444 443
f 444 471 472
f 444 472 445
f 444 469 468
f 444 468 471
f 445 472 473
f 445 473 474
f 445 474 475
f 445 475 446
f 446 475 476
f 446 476 447
f 447 476 477
f 448 477 478
f 448 478 479
f 448 479 480
f 448 480 457
f 452 482 453
f 453 482 483
f 453 483 484
f 453 484 485
f 453 485 486
f 453 486 454
f 454 486 459
f 455 456 458
f 460 470 462
f 461 487 514
f 461 514 538
f 461 538 516
f 461 516 489
f 461 489 463
f 462 470 488
f 462 488 487
f 463 489 490
f 463 490 491
f 463 491 492
f 463 492 464
f 464 492 465
f 465 492 491
f 465 491 493
f 465 493 494
f 465 494 495
f 465 495 466
f 470 486 485
f 470 485 488
f 471 496 497
f 471 497 498
f 471 498 472
f 471 495 494
f 471 494 496
f 472 498 499
f 472 499 500
f 472 500 473
f 473 500 474
f 474 500 501
f 474 501 502
f 474 502 503
f 474 503 475
f 475 503 476
f 476 503 504
f 476 504 505
f 476 505 506
f 476 506 478
f 476 478 477
f 478 506 479
f 479 506 507
f 481 508 509
f 483 510 511
f 483 511 484
f 484 511 512
f 484 512 485
f 485 512 488
f 487 488 513
f 487 513 514
f 488 512 515
f 488 515 513
f 489 516 513
f 489 513 515
f 489 515 537
f 489 537 511
f 489 511 510
f 489 510 536
f 489 536 533
f 489 533 535
f 489 535 550
f 489 550 549
f 489 549 548
f 489 548 553
f 489 553 552
f 489 552 551
f 489 551 542
f 489 542 541
f 489 541 540
f 489 540 539
f 489 539 517
f 489 517 490
f 490 517 491
f 491 517 539
f 491 539 518
f 491 518 493
f 493 518 494
f 494 518 519
f 494 519 520
f 494 520 496
f 496 520 521
f 496 521 497
f 497 521 522
f 497 522 498
f 498 522 523
f 498 523 524
f 498 524 499
f 499 524 501
f 499 501 500
f 501 524 525
f 501 525 526
f 501 526 502
f 502 526 504
f 502 504 503
f 504 526 527
f 504 527 528
f 504 528 529
f 504 529 530
f 504 530 505
f 505 530 529
f 505 529 528
f 505 528 527
f 505 527 526
f 505 526 549
f 505 549 550
f 505 550 532
f 505 532 531
f 505 531 506
f 506 531 532
f 506 532 507
f 508 533 534
f 508 534 509
f 508 535 533
f 511 537 512
f 512 537 515
f 513 516 538
f 513 538 514
f 518 539 540
f 518 540 541
f 518 541 520
f 518 520 519
f 520 541 542
f 520 542 551
f 520 551 543
f 520 543 544
f 520 544 521
f 521 544 522
f 522 544 545
f 522 545 523
f 523 545 546
f 523 546 526
f 523 526 525
f 523 525 524
f 526 546 547
f 526 547 548
f 526 548 549
f 533 536 534
f 543 551 552
f 543 552 544
f 544 552 553
f 544 553 545
f 545 548 547
f 545 547 546
f 545 553 548
o convex_2
v -0.462754 0.00598675 0.182808
v -0.462754 -0.050796 0.182808
v -0.462754 0.00598675 0.130067
v -0.515097 0.00598675 0.22627
v -0.514543 0.00337194 0.226799
v -0.492572 -0.114267 0.177732
v -0.462754 -0.0846509 0.165889
v -0.534899 -0.0270975 0.236951
v -0.524744 -0.0474105 0.226799
v -0.531483 -0.0541814 0.230183
v -0.511174 -0.0744944 0.20988
v -0.512882 -0.0837976 0.208188
v -0.523036 -0.124424 0.198036
v -0.462754 -0.138076 0.130067
v -0.859111 0.00598675 0.130067
v -0.545561 0.00598675 0.24659
v -0.545054 0.00337194 0.247103
v -0.462754 -0.135406 0.135416
v -0.462754 -0.104964 0.15572
v -0.541638 -0.0338685 0.240335
v -0.533191 -0.0634847 0.228491
v -0.572102 -0.0744944 0.250487
v -0.543346 -0.114267 0.21834
v -0.523036 -0.165022 0.167581
v -0.543346 -0.13458 0.208188
v -0.543346 -0.205648 0.137108
v -0.526175 -0.193923 0.130067
v -0.931717 -0.213933 0.130067
v -0.93144 0.00598675 0.256742
v -0.565363 0.00598675 0.257255
v -0.572102 0.00598675 0.260656
v -0.551793 -0.00339905 0.250487
v -0.572102 -0.0135555 0.260656
v -0.561947 -0.044025 0.250487
v -0.57381 -0.0837976 0.248795
v -0.592412 -0.0744944 0.260656
v -0.57381 -0.13458 0.228491
v -0.538268 -0.172619 0.172657
v -0.563655 -0.165022 0.198036
v -0.563655 -0.195491 0.167581
v -0.57381 -0.225933 0.137108
v -0.570671 -0.226346 0.130067
v -0.540207 -0.206033 0.130067
v -0.934302 -0.225355 0.130067
v -0.934302 0.00598675 0.26404
v -0.578887 0.00598675 0.26404
v -0.599197 -1.35602e-05 0.274191
v -0.592412 -0.00339905 0.270807
v -0.594119 -0.0837976 0.258964
v -0.612721 -0.0643379 0.270807
v -0.599197 -0.0825315 0.261493
v -0.57381 -0.185335 0.187884
v -0.594119 -0.13458 0.238643
v -0.604274 -0.195491 0.198036
v -0.594119 -0.205648 0.177732
v -0.589042 -0.237383 0.132032
v -0.576949 -0.230255 0.130067
v -0.934302 -0.255825 0.130067
v -0.934302 0.00598675 0.284343
v -0.583041 0.00598675 0.266108
v -0.600397 0.00598675 0.272978
v -0.629661 0.00598675 0.284343
v -0.629661 -0.01017 0.284343
v -0.619506 -0.0609524 0.274191
v -0.599197 -0.133314 0.24119
v -0.624583 -0.114267 0.258964
v -0.619506 -0.072375 0.271645
v -0.64997 -0.072375 0.281814
v -0.629661 -0.113001 0.261493
v -0.614429 -0.175178 0.21834
v -0.634738 -0.144709 0.248795
v -0.629661 -0.186161 0.216665
v -0.64997 -0.196317 0.216665
v -0.614429 -0.200556 0.198036
v -0.619506 -0.206914 0.19296
v -0.629661 -0.227227 0.172657
v -0.604274 -0.241182 0.137108
v -0.590981 -0.238842 0.130067
v -0.588396 -0.237301 0.130067
v -0.619506 -0.237383 0.152336
v -0.934302 -0.25387 0.142184
v -0.932456 -0.264027 0.130067
v -0.934302 -1.35602e-05 0.294495
v -0.931717 0.00505093 0.299571
v -0.931487 0.00598675 0.298648
v -0.660125 0.00598675 0.294495
v -0.660125 -0.01017 0.294495
v -0.639816 -0.0406395 0.284343
v -0.64997 -0.0609524 0.284343
v -0.639816 -0.143443 0.251341
v -0.690589 -0.072375 0.291965
v -0.660125 -0.0825315 0.281814
v -0.64997 -0.102844 0.271645
v -0.660125 -0.133314 0.261493
v -0.64997 -0.155691 0.247103
v -0.665202 -0.210712 0.208188
v -0.64997 -0.21663 0.196344
v -0.67028 -0.165848 0.247103
v -0.710852 -0.21663 0.216665
v -0.629661 -0.21663 0.186192
v -0.64997 -0.227227 0.182808
v -0.67028 -0.2471 0.165889
v -0.64997 -0.2471 0.15572
v -0.644893 -0.251338 0.14726
v -0.665202 -0.261495 0.137108
v -0.651909 -0.259155 0.130067
v -0.934302 -0.243714 0.162488
v -0.931394 -0.266752 0.130067
v -0.930886 -0.260641 0.145568
v -0.930886 -0.250485 0.165889
v -0.930886 -1.35602e-05 0.301263
v -0.934302 -0.0711089 0.284343
v -0.929409 0.00598675 0.300511
v -0.712052 0.00598675 0.30345
v -0.710852 -1.35602e-05 0.304664
v -0.67028 -0.030483 0.294495
v -0.690589 -0.0609524 0.294495
v -0.660125 -0.153599 0.251341
v -0.700698 -0.0711089 0.294495
v -0.67028 -0.132048 0.26404
v -0.710852 -0.0825315 0.291965
v -0.700698 -0.102844 0.281814
v -0.680434 -0.143443 0.261493
v -0.67028 -0.21707 0.203112
v -0.690589 -0.155691 0.257255
v -0.721007 -0.165848 0.257255
v -0.761626 -0.236943 0.196344
v -0.731162 -0.226787 0.206496
v -0.721007 -0.257256 0.165889
v -0.731162 -0.206474 0.226799
v -0.761626 -0.196317 0.236951
v -0.812399 -0.21663 0.216665
v -0.665202 -0.251338 0.157412
v -0.710852 -0.257669 0.162488
v -0.685512 -0.261495 0.14726
v -0.71593 -0.271651 0.137108
v -0.692528 -0.269312 0.130067
v -0.67028 -0.26477 0.130067
v -0.934302 -0.233558 0.172657
v -0.931717 -0.243714 0.173921
v -0.929594 -0.268321 0.130067
v -0.928717 -0.268926 0.130067
v -0.929179 -0.258963 0.149807
v -0.929179 -0.248806 0.17011
v -0.930886 -0.0711089 0.291111
v -0.929179 -0.00507803 0.302117
v -0.924101 -1.35602e-05 0.304664
v -0.927148 0.00598675 0.301656
v -0.934302 -0.101578 0.274191
v -0.721007 0.00598675 0.304664
v -0.741316 -0.030483 0.304664
v -0.721007 -0.0812654 0.294495
v -0.721007 -0.132048 0.274191
v -0.690589 -0.142149 0.26404
v -0.690589 -0.14892 0.260656
v -0.721007 -0.159077 0.260656
v -0.802245 -0.165848 0.257255
v -0.79209 -0.226787 0.206496
v -0.924101 -0.2471 0.17604
v -0.802245 -0.257256 0.165889
v -0.744271 -0.275174 0.130067
v -0.71593 -0.261495 0.157412
v -0.924101 -0.176004 0.247103
v -0.79209 -0.206474 0.226799
v -0.924101 -0.206474 0.216665
v -0.680434 -0.257669 0.152336
v -0.721007 -0.274183 0.132032
v -0.721007 -0.274183 0.130067
v -0.934302 -0.192932 0.213281
v -0.931717 -0.213245 0.204394
v -0.924101 -0.270082 0.130067
v -0.924101 -0.267412 0.135416
v -0.924101 -0.250485 0.169273
v -0.930886 -0.101578 0.280959
v -0.929179 -0.0761734 0.291965
v -0.924101 -0.0711089 0.294495
v -0.781935 -0.030483 0.304664
v -0.816554 0.00598675 0.304664
v -0.934302 -0.121891 0.26404
v -0.931717 -0.111735 0.275456
v -0.751471 -0.111735 0.284343
v -0.802245 -0.0812654 0.294495
v -0.787013 -0.116799 0.281814
v -0.802245 -0.132048 0.274191
v -0.802245 -0.159077 0.260656
v -0.807322 -0.157398 0.261493
v -0.802245 -0.274183 0.132032
v -0.781935 -0.275174 0.130067
v -0.733147 -0.274927 0.130067
v -0.929179 -0.167554 0.251341
v -0.931717 -0.172619 0.244984
v -0.931717 -0.203088 0.214545
v -0.934302 -0.162462 0.243719
v -0.929179 -0.106643 0.281814
v -0.924101 -0.101578 0.284343
v -0.931717 -0.132048 0.265304
v -0.781935 -0.111735 0.284343
v -0.807322 -0.137085 0.271645
f 554 555 560
f 554 560 572
f 554 572 571
f 554 571 567
f 554 567 556
f 554 556 568
f 554 568 582
f 554 582 598
f 554 598 612
f 554 612 638
f 554 638 666
f 554 666 701
f 554 701 731
f 554 731 703
f 554 703 667
f 554 667 639
f 554 639 615
f 554 615 614
f 554 614 613
f 554 613 599
f 554 599 584
f 554 584 583
f 554 583 569
f 554 569 557
f 554 557 558
f 554 558 555
f 555 559 560
f 555 558 561
f 555 561 562
f 555 562 563
f 555 563 564
f 555 564 565
f 555 565 566
f 555 566 559
f 556 567 580
f 556 580 596
f 556 596 595
f 556 595 610
f 556 610 632
f 556 632 631
f 556 631 659
f 556 659 691
f 556 691 690
f 556 690 721
f 556 721 742
f 556 742 714
f 556 714 741
f 556 741 724
f 556 724 695
f 556 695 694
f 556 694 661
f 556 661 635
f 556 635 611
f 556 611 597
f 556 597 581
f 556 581 568
f 557 569 558
f 558 569 570
f 558 570 561
f 559 571 572
f 559 572 560
f 559 566 571
f 561 570 585
f 561 585 573
f 561 573 563
f 561 563 562
f 563 574 565
f 563 565 564
f 563 573 587
f 563 587 575
f 563 575 588
f 563 588 574
f 565 574 588
f 565 588 576
f 565 576 566
f 566 577 571
f 566 576 578
f 566 578 577
f 567 571 579
f 567 579 580
f 568 581 582
f 569 583 570
f 570 583 584
f 570 584 585
f 571 577 579
f 573 585 586
f 573 586 587
f 575 587 586
f 575 586 589
f 575 589 602
f 575 602 588
f 576 588 590
f 576 590 578
f 577 591 579
f 577 578 592
f 577 592 591
f 578 590 592
f 579 593 594
f 579 594 595
f 579 595 596
f 579 596 580
f 579 591 593
f 581 597 598
f 581 598 582
f 584 599 600
f 584 600 601
f 584 601 586
f 584 586 585
f 586 601 603
f 586 603 589
f 588 602 590
f 589 603 620
f 589 620 604
f 589 604 602
f 590 605 592
f 590 602 606
f 590 606 607
f 590 607 605
f 591 592 605
f 591 605 593
f 593 605 607
f 593 607 608
f 593 608 594
f 594 608 609
f 594 609 595
f 595 609 610
f 597 611 634
f 597 634 660
f 597 660 692
f 597 692 722
f 597 722 746
f 597 746 732
f 597 732 702
f 597 702 665
f 597 665 636
f 597 636 612
f 597 612 598
f 599 613 600
f 600 613 614
f 600 614 615
f 600 615 639
f 600 639 640
f 600 640 616
f 600 616 641
f 600 641 617
f 600 617 603
f 600 603 601
f 602 618 606
f 602 604 622
f 602 622 619
f 602 619 618
f 603 617 620
f 604 620 621
f 604 621 645
f 604 645 622
f 606 623 607
f 606 618 643
f 606 643 624
f 606 624 623
f 607 623 625
f 607 625 626
f 607 626 627
f 607 627 628
f 607 628 629
f 607 629 608
f 608 629 609
f 609 630 631
f 609 631 632
f 609 632 610
f 609 629 633
f 609 633 630
f 611 635 634
f 612 636 637
f 612 637 638
f 616 640 641
f 617 641 642
f 617 642 621
f 617 621 620
f 618 619 622
f 618 622 643
f 621 642 670
f 621 670 644
f 621 644 645
f 622 645 646
f 622 646 647
f 622 647 643
f 623 624 625
f 624 643 648
f 624 648 625
f 625 648 651
f 625 651 626
f 626 649 650
f 626 650 627
f 626 651 652
f 626 652 649
f 627 650 628
f 628 650 653
f 628 653 629
f 629 653 650
f 629 650 654
f 629 654 655
f 629 655 656
f 629 656 657
f 629 657 633
f 630 633 657
f 630 657 658
f 630 658 659
f 630 659 631
f 634 635 661
f 634 661 662
f 634 662 663
f 634 663 660
f 636 664 637
f 636 665 698
f 636 698 664
f 637 664 666
f 637 666 638
f 639 667 668
f 639 668 640
f 640 669 642
f 640 642 641
f 640 668 669
f 642 669 670
f 643 647 671
f 643 671 651
f 643 651 648
f 644 670 672
f 644 672 645
f 645 673 647
f 645 647 646
f 645 672 674
f 645 674 675
f 645 675 673
f 647 673 676
f 647 676 671
f 649 677 650
f 649 652 677
f 650 677 655
f 650 655 654
f 651 671 676
f 651 676 678
f 651 678 679
f 651 679 652
f 652 680 681
f 652 681 682
f 652 682 655
f 652 655 677
f 652 679 683
f 652 683 684
f 652 684 685
f 652 685 680
f 655 686 657
f 655 657 656
f 655 682 687
f 655 687 686
f 657 686 688
f 657 688 658
f 658 688 689
f 658 689 690
f 658 690 691
f 658 691 659
f 660 663 693
f 660 693 692
f 661 694 662
f 662 694 695
f 662 695 696
f 662 696 663
f 663 696 697
f 663 697 693
f 664 698 728
f 664 728 699
f 664 699 700
f 664 700 701
f 664 701 666
f 665 702 727
f 665 727 698
f 667 703 668
f 668 703 731
f 668 731 700
f 668 700 730
f 668 730 704
f 668 704 672
f 668 672 670
f 668 670 669
f 672 704 705
f 672 705 674
f 673 675 706
f 673 706 676
f 674 705 706
f 674 706 675
f 676 707 708
f 676 708 678
f 676 706 707
f 678 708 709
f 678 709 679
f 679 684 683
f 679 709 738
f 679 738 710
f 679 710 684
f 680 682 681
f 680 685 711
f 680 711 712
f 680 712 713
f 680 713 682
f 682 714 689
f 682 689 715
f 682 715 687
f 682 713 741
f 682 741 714
f 684 710 716
f 684 716 717
f 684 717 685
f 685 717 716
f 685 716 718
f 685 718 712
f 685 712 711
f 686 687 719
f 686 719 688
f 687 715 688
f 687 688 719
f 688 715 689
f 689 714 720
f 689 720 690
f 690 720 721
f 692 693 723
f 692 723 722
f 693 697 712
f 693 712 723
f 695 724 696
f 696 724 725
f 696 725 726
f 696 726 712
f 696 712 697
f 698 727 747
f 698 747 728
f 699 728 700
f 700 728 729
f 700 729 730
f 700 731 701
f 702 732 749
f 702 749 733
f 702 733 727
f 704 730 735
f 704 735 705
f 705 734 706
f 705 735 750
f 705 750 734
f 706 709 708
f 706 708 707
f 706 734 736
f 706 736 737
f 706 737 738
f 706 738 709
f 710 738 739
f 710 739 743
f 710 743 716
f 712 718 723
f 712 726 713
f 713 726 725
f 713 725 740
f 713 740 741
f 714 742 720
f 716 743 744
f 716 744 745
f 716 745 718
f 718 745 723
f 720 742 721
f 722 723 745
f 722 745 744
f 722 744 746
f 724 741 740
f 724 740 725
f 727 733 747
f 728 747 748
f 728 748 729
f 729 748 735
f 729 735 730
f 732 746 744
f 732 744 749
f 733 749 747
f 734 750 736
f 735 748 750
f 736 750 748
f 736 748 747
f 736 747 737
f 737 747 751
f 737 751 739
f 737 739 738
f 739 751 747
f 739 747 743
f 743 747 749
f 743 749 744
o convex_3
v -0.770442 0.17693 -0.246671
v -0.761626 0.19635 -0.236958
v -0.761626 0.17693 -0.246671
v -0.924101 0.17693 -0.24532
v -0.79209 0.206503 -0.226769
v -0.812399 0.216657 -0.216618
v -0.79209 0.226811 -0.206466
v -0.761626 0.236964 -0.196314
v -0.731162 0.226811 -0.206466
v -0.710852 0.216657 -0.216618
v -0.731162 0.206503 -0.226769
v -0.708175 0.17693 -0.24532
v -0.756549 0.187884 -0.241157
v -0.931717 0.17693 -0.240719
v -0.924101 0.186184 -0.236958
v -0.924101 0.236964 -0.186162
v -0.924101 0.247106 -0.176011
v -0.721007 0.257259 -0.165859
v -0.802245 0.257259 -0.165859
v -0.690589 0.182807 -0.237359
v -0.67028 0.247106 -0.165859
v -0.64997 0.216657 -0.196314
v -0.665202 0.208191 -0.210702
v -0.67028 0.203115 -0.217056
v -0.64997 0.182807 -0.227208
v -0.667603 0.17693 -0.235168
v -0.934302 0.17693 -0.229289
v -0.934302 0.203115 -0.203106
v -0.931717 0.214544 -0.203106
v -0.931717 0.244992 -0.172615
v -0.929179 0.251345 -0.167539
v -0.721007 0.267425 -0.145555
v -0.690589 0.257259 -0.155707
v -0.807322 0.261498 -0.157387
v -0.802245 0.267425 -0.145555
v -0.660125 0.251345 -0.153589
v -0.64997 0.247106 -0.155707
v -0.629661 0.216657 -0.186162
v -0.614429 0.198038 -0.20055
v -0.64997 0.19635 -0.216618
v -0.629661 0.186184 -0.216618
v -0.625368 0.17693 -0.221876
v -0.655832 0.17693 -0.232028
v -0.934302 0.17693 -0.188646
v -0.934302 0.243729 -0.162463
v -0.931717 0.275466 -0.111704
v -0.929179 0.281805 -0.106628
v -0.751471 0.284344 -0.111704
v -0.721007 0.27419 -0.132008
v -0.690589 0.264037 -0.142159
v -0.680434 0.261498 -0.143437
v -0.807322 0.271652 -0.137083
v -0.781935 0.284344 -0.111704
v -0.639816 0.251345 -0.143437
v -0.634738 0.248806 -0.144679
v -0.614429 0.218345 -0.175171
v -0.604274 0.198038 -0.195474
v -0.619506 0.192961 -0.206904
v -0.605059 0.17693 -0.211724
v -0.932825 0.17693 -0.182036
v -0.922993 0.214381 0.126388
v -0.929086 0.218458 0.126388
v -0.929779 0.219458 0.126388
v -0.933148 0.224547 0.126388
v -0.934302 0.233576 0.126388
v -0.934302 0.27419 -0.101552
v -0.930886 0.280955 -0.101552
v -0.930886 0.291121 -0.0710605
v -0.929179 0.291959 -0.0761363
v -0.924101 0.284344 -0.101552
v -0.721007 0.294498 -0.0812122
v -0.710852 0.284344 -0.101552
v -0.710852 0.271652 -0.133286
v -0.660125 0.261498 -0.133286
v -0.802245 0.294498 -0.0812122
v -0.629661 0.261498 -0.112946
v -0.599197 0.241191 -0.133286
v -0.594119 0.238665 -0.134527
v -0.604274 0.228499 -0.154867
v -0.583965 0.218345 -0.154867
v -0.57381 0.187884 -0.185323
v -0.594119 0.177731 -0.205626
v -0.594904 0.17693 -0.206247
v -0.931717 0.17693 -0.177252
v -0.822554 0.17693 0.126388
v -0.934302 0.253883 0.126388
v -0.934302 0.284344 -0.0710605
v -0.930886 0.301275 -3.46941e-05
v -0.929179 0.302113 -0.00511057
v -0.924101 0.304664 -3.46941e-05
v -0.924101 0.294498 -0.0710605
v -0.741316 0.304664 -0.03049
v -0.700698 0.294498 -0.0710605
v -0.660125 0.27419 -0.101552
v -0.64997 0.271652 -0.102794
v -0.781935 0.304664 -0.03049
v -0.624583 0.25896 -0.114224
v -0.599197 0.261498 -0.0824903
v -0.594119 0.25896 -0.0837684
v -0.57381 0.248806 -0.0837684
v -0.57381 0.228499 -0.134527
v -0.563655 0.198038 -0.165019
v -0.542515 0.17693 -0.170497
v -0.545746 0.17693 -0.172907
v -0.56444 0.17693 -0.186528
v -0.502173 0.17693 0.126388
v -0.934302 0.264037 0.121859
v -0.93204 0.268563 0.126388
v -0.934302 0.294498 -3.46941e-05
v -0.931717 0.299574 0.0050777
v -0.930886 0.291121 0.0710641
v -0.924101 0.294498 0.0710641
v -0.781935 0.304664 0.0304571
v -0.700698 0.304664 -3.46941e-05
v -0.690589 0.294498 -0.0609087
v -0.690589 0.291959 -0.0723386
v -0.660125 0.281805 -0.0824903
v -0.592412 0.260648 -0.0744566
v -0.619506 0.271652 -0.0723386
v -0.572102 0.250494 -0.0744566
v -0.5535 0.238665 -0.0736167
v -0.563655 0.238665 -0.0939202
v -0.543346 0.218345 -0.114224
v -0.543346 0.208191 -0.134527
v -0.540392 0.17693 -0.168342
v -0.501896 0.17693 0.126132
v -0.502173 0.177168 0.126388
v -0.934302 0.27419 0.101519
v -0.931625 0.269301 0.126388
v -0.931717 0.279267 0.106632
v -0.934302 0.284344 0.0710641
v -0.931717 0.289421 0.07614
v -0.927517 0.291121 0.0778563
v -0.924101 0.284344 0.101519
v -0.802245 0.294498 0.0812159
v -0.741316 0.304664 0.0304571
v -0.700698 0.294498 0.0710641
v -0.690589 0.294498 0.0609124
v -0.67028 0.294498 0.0304571
v -0.660125 0.294498 0.0101536
v -0.660125 0.294498 -0.0101865
v -0.67028 0.294498 -0.03049
v -0.64997 0.284344 -0.0609087
v -0.64997 0.281805 -0.0723386
v -0.582257 0.260648 -0.0440378
v -0.612721 0.270802 -0.0643048
v -0.619506 0.27419 -0.0609087
v -0.561947 0.250494 -0.0440378
v -0.551793 0.240353 -0.0643048
v -0.531483 0.230199 -0.0541896
v -0.533191 0.228499 -0.0634649
v -0.512882 0.208191 -0.0837684
v -0.523036 0.198038 -0.124375
v -0.492572 0.177731 -0.114224
v -0.493357 0.17693 -0.115429
v -0.493357 0.17693 0.117587
v -0.492572 0.177731 0.116784
v -0.502727 0.177731 0.126388
v -0.928625 0.270802 0.126388
v -0.927517 0.280955 0.108312
v -0.781935 0.284344 0.111708
v -0.721007 0.294498 0.0812159
v -0.700698 0.27419 0.121859
v -0.644893 0.269113 0.106632
v -0.655048 0.279267 0.0862917
v -0.661833 0.282656 0.0795361
v -0.651678 0.282656 0.0693843
v -0.64997 0.284344 0.0609124
v -0.639816 0.284344 0.0406088
v -0.629661 0.284344 0.0101536
v -0.629661 0.284344 -0.0101865
v -0.639816 0.284344 -0.0406417
v -0.602566 0.270802 -0.0338861
v -0.578887 0.264037 -0.0101865
v -0.572102 0.260648 -0.013546
v -0.609351 0.27419 -0.03049
v -0.541638 0.240353 -0.0338861
v -0.524744 0.226811 -0.0473974
v -0.462754 0.182807 -0.0507935
v -0.521329 0.220046 -0.0643048
v -0.511174 0.20988 -0.0744566
v -0.462754 0.177505 -0.0613834
v -0.462754 0.17693 -0.0625155
v -0.492157 0.17693 -0.114041
v -0.492572 0.17693 0.116784
v -0.462754 0.17693 0.0625191
v -0.462754 0.182807 0.0507606
v -0.504389 0.206503 0.0744602
v -0.512882 0.208191 0.0862917
v -0.514543 0.19635 0.115067
v -0.523036 0.198038 0.126388
v -0.522483 0.197488 0.126388
v -0.926363 0.271927 0.126388
v -0.785351 0.280955 0.118463
v -0.77912 0.277004 0.126388
v -0.751471 0.284344 0.111708
v -0.711776 0.27329 0.126388
v -0.686066 0.269389 0.126388
v -0.665202 0.269113 0.116784
v -0.624583 0.25896 0.116784
v -0.614429 0.25896 0.106632
v -0.644893 0.279267 0.07614
v -0.619506 0.27419 0.0609124
v -0.609351 0.27419 0.0304571
v -0.599197 0.27419 -3.46941e-05
v -0.551793 0.250494 -0.00339427
v -0.592412 0.270802 -0.00339427
v -0.545054 0.247106 0.00336139
v -0.534899 0.236964 -0.0270939
v -0.514543 0.226811 0.00336139
v -0.494234 0.206503 0.0440049
v -0.524744 0.226811 0.0541567
v -0.514543 0.216657 0.0643084
v -0.546715 0.225123 0.103236
v -0.543346 0.218345 0.116784
v -0.552393 0.217795 0.126388
v -0.746948 0.277004 0.126388
v -0.682742 0.268563 0.126388
v -0.645447 0.259235 0.126388
v -0.644801 0.259072 0.126388
v -0.642123 0.258397 0.126388
v -0.635292 0.256134 0.126388
v -0.629384 0.254158 0.126388
v -0.614983 0.249081 0.126388
v -0.60012 0.242816 0.126388
v -0.585903 0.236739 0.126388
v -0.614429 0.269113 0.07614
v -0.594119 0.25896 0.0862917
v -0.599197 0.264037 0.0710641
v -0.578887 0.264037 0.0101536
v -0.572102 0.260648 0.00675748
v -0.565363 0.257259 0.0135132
v -0.534899 0.236964 0.0338167
v -0.545054 0.236964 0.0643084
v -0.546715 0.235276 0.0727804
v -0.55687 0.235276 0.0930839
v -0.563655 0.238665 0.0964435
v -0.5535 0.228499 0.106632
v -0.565363 0.226811 0.125219
v -0.565917 0.226248 0.126388
v -0.57381 0.248806 0.0862917
v -0.585672 0.257259 0.0744602
v -0.575518 0.257259 0.0440049
v -0.555208 0.247106 0.0440049
v -0.565363 0.247106 0.0744602
v -0.567025 0.245417 0.0829322
f 752 753 754
f 752 754 763
f 752 763 777
f 752 777 794
f 752 794 793
f 752 793 810
f 752 810 834
f 752 834 856
f 752 856 855
f 752 855 854
f 752 854 876
f 752 876 906
f 752 906 935
f 752 935 934
f 752 934 937
f 752 937 936
f 752 936 907
f 752 907 877
f 752 877 857
f 752 857 836
f 752 836 835
f 752 835 811
f 752 811 795
f 752 795 778
f 752 778 765
f 752 765 755
f 752 755 753
f 753 755 756
f 753 756 757
f 753 757 758
f 753 758 759
f 753 759 760
f 753 760 761
f 753 761 762
f 753 762 763
f 753 763 764
f 753 764 754
f 754 764 763
f 755 765 766
f 755 766 757
f 755 757 756
f 757 766 767
f 757 767 768
f 757 768 758
f 758 768 759
f 759 769 760
f 759 768 770
f 759 770 769
f 760 769 761
f 761 771 763
f 761 763 762
f 761 769 772
f 761 772 773
f 761 773 774
f 761 774 775
f 761 775 771
f 763 771 776
f 763 776 777
f 765 778 779
f 765 779 780
f 765 780 766
f 766 780 767
f 767 780 768
f 768 780 781
f 768 781 782
f 768 782 785
f 768 785 770
f 769 783 784
f 769 784 772
f 769 770 786
f 769 786 783
f 770 785 786
f 771 775 776
f 772 787 805
f 772 805 788
f 772 788 789
f 772 789 773
f 772 784 802
f 772 802 787
f 773 789 808
f 773 808 790
f 773 790 791
f 773 791 774
f 774 791 775
f 775 791 776
f 776 791 792
f 776 792 793
f 776 793 794
f 776 794 777
f 778 795 816
f 778 816 837
f 778 837 858
f 778 858 879
f 778 879 882
f 778 882 860
f 778 860 838
f 778 838 817
f 778 817 796
f 778 796 779
f 779 796 780
f 780 796 781
f 781 796 797
f 781 797 782
f 782 797 798
f 782 798 803
f 782 803 785
f 783 799 800
f 783 800 801
f 783 801 784
f 783 786 804
f 783 804 799
f 784 801 802
f 785 803 786
f 786 803 804
f 787 802 825
f 787 825 805
f 788 805 806
f 788 806 807
f 788 807 789
f 789 807 808
f 790 809 791
f 790 808 809
f 791 809 792
f 792 809 793
f 793 809 810
f 795 811 812
f 795 812 813
f 795 813 814
f 795 814 815
f 795 815 816
f 796 817 797
f 797 817 818
f 797 818 798
f 798 818 819
f 798 819 820
f 798 820 842
f 798 842 821
f 798 821 804
f 798 804 803
f 799 822 800
f 799 804 826
f 799 826 822
f 800 822 823
f 800 823 824
f 800 824 802
f 800 802 801
f 802 824 825
f 804 821 826
f 805 825 846
f 805 846 827
f 805 827 828
f 805 828 829
f 805 829 806
f 806 829 830
f 806 830 807
f 807 830 831
f 807 831 808
f 808 831 853
f 808 853 832
f 808 832 833
f 808 833 810
f 808 810 809
f 810 833 834
f 811 835 812
f 812 835 836
f 812 836 857
f 812 857 878
f 812 878 909
f 812 909 943
f 812 943 942
f 812 942 967
f 812 967 991
f 812 991 977
f 812 977 976
f 812 976 975
f 812 975 974
f 812 974 973
f 812 973 972
f 812 972 971
f 812 971 970
f 812 970 969
f 812 969 949
f 812 949 948
f 812 948 968
f 812 968 946
f 812 946 944
f 812 944 910
f 812 910 880
f 812 880 859
f 812 859 837
f 812 837 816
f 812 816 815
f 812 815 814
f 812 814 813
f 817 838 819
f 817 819 818
f 819 838 860
f 819 860 839
f 819 839 840
f 819 840 820
f 820 840 841
f 820 841 842
f 821 842 826
f 822 843 844
f 822 844 823
f 822 826 847
f 822 847 843
f 823 844 845
f 823 845 825
f 823 825 824
f 825 845 846
f 826 842 847
f 827 848 828
f 827 846 868
f 827 868 895
f 827 895 870
f 827 870 849
f 827 849 850
f 827 850 848
f 828 850 829
f 828 848 850
f 829 850 851
f 829 851 852
f 829 852 831
f 829 831 830
f 831 852 853
f 832 853 854
f 832 854 855
f 832 855 856
f 832 856 833
f 833 856 834
f 837 859 858
f 839 860 861
f 839 861 862
f 839 862 841
f 839 841 840
f 841 862 863
f 841 863 864
f 841 864 887
f 841 887 865
f 841 865 843
f 841 843 847
f 841 847 842
f 843 865 844
f 844 865 866
f 844 866 867
f 844 867 868
f 844 868 845
f 845 868 846
f 849 869 850
f 849 870 897
f 849 897 869
f 850 869 871
f 850 871 851
f 851 871 900
f 851 900 872
f 851 872 873
f 851 873 852
f 852 873 874
f 852 874 875
f 852 875 853
f 853 875 854
f 854 875 876
f 857 877 878
f 858 859 879
f 859 880 881
f 859 881 879
f 860 882 861
f 861 882 883
f 861 883 862
f 862 883 884
f 862 884 863
f 863 884 885
f 863 885 886
f 863 886 864
f 864 886 913
f 864 913 887
f 865 887 888
f 865 888 889
f 865 889 890
f 865 890 891
f 865 891 892
f 865 892 893
f 865 893 866
f 866 893 894
f 866 894 895
f 866 895 867
f 867 895 868
f 869 896 899
f 869 899 871
f 869 897 924
f 869 924 896
f 870 895 894
f 870 894 898
f 870 898 897
f 871 899 928
f 871 928 900
f 872 900 901
f 872 901 902
f 872 902 903
f 872 903 873
f 873 903 874
f 874 903 904
f 874 904 875
f 875 904 876
f 876 904 905
f 876 905 906
f 877 907 908
f 877 908 878
f 878 908 909
f 879 881 882
f 880 910 911
f 880 911 881
f 881 883 882
f 881 911 884
f 881 884 883
f 884 911 885
f 885 911 912
f 885 912 886
f 886 912 947
f 886 947 913
f 887 913 888
f 888 913 914
f 888 914 915
f 888 915 916
f 888 916 917
f 888 917 918
f 888 918 919
f 888 919 889
f 889 919 890
f 890 919 920
f 890 920 891
f 891 920 921
f 891 921 956
f 891 956 922
f 891 922 892
f 892 922 923
f 892 923 893
f 893 923 894
f 894 923 898
f 896 924 956
f 896 956 925
f 896 925 926
f 896 926 899
f 897 898 927
f 897 927 924
f 898 923 927
f 899 926 928
f 900 928 901
f 901 929 930
f 901 930 931
f 901 931 903
f 901 903 902
f 901 928 960
f 901 960 929
f 903 931 932
f 903 932 930
f 903 930 904
f 904 930 905
f 905 930 933
f 905 933 934
f 905 934 935
f 905 935 906
f 907 936 908
f 908 936 937
f 908 937 938
f 908 938 939
f 908 939 940
f 908 940 941
f 908 941 942
f 908 942 943
f 908 943 909
f 910 944 911
f 911 944 945
f 911 945 912
f 912 945 946
f 912 946 968
f 912 968 947
f 913 947 914
f 914 947 948
f 914 948 949
f 914 949 950
f 914 950 915
f 915 950 951
f 915 951 952
f 915 952 978
f 915 978 953
f 915 953 916
f 916 953 918
f 916 918 917
f 918 953 919
f 919 953 978
f 919 978 954
f 919 954 920
f 920 954 955
f 920 955 921
f 921 955 956
f 922 956 927
f 922 927 923
f 924 927 956
f 925 956 958
f 925 958 926
f 926 957 928
f 926 958 982
f 926 982 957
f 928 957 959
f 928 959 960
f 929 960 930
f 930 938 937
f 930 937 934
f 930 934 933
f 930 932 931
f 930 960 961
f 930 961 938
f 938 961 962
f 938 962 963
f 938 963 964
f 938 964 939
f 939 964 987
f 939 987 965
f 939 965 966
f 939 966 940
f 940 942 941
f 940 966 942
f 942 966 967
f 944 946 945
f 947 968 948
f 949 969 950
f 950 969 951
f 951 969 970
f 951 970 971
f 951 971 972
f 951 972 973
f 951 973 974
f 951 974 975
f 951 975 976
f 951 976 977
f 951 977 952
f 952 977 979
f 952 979 978
f 954 978 979
f 954 979 980
f 954 980 981
f 954 981 955
f 955 981 956
f 956 981 958
f 957 982 983
f 957 983 959
f 958 981 982
f 959 983 984
f 959 984 961
f 959 961 960
f 961 984 963
f 961 963 962
f 963 984 985
f 963 985 986
f 963 986 964
f 964 986 987
f 965 987 988
f 965 988 966
f 966 988 989
f 966 989 990
f 966 990 967
f 967 990 991
f 977 991 990
f 977 990 992
f 977 992 979
f 979 992 996
f 979 996 993
f 979 993 980
f 980 993 994
f 980 994 981
f 981 994 983
f 981 983 982
f 983 995 984
f 983 994 995
f 984 995 985
f 985 995 996
f 985 996 997
f 985 997 986
f 986 997 987
f 987 997 992
f 987 992 988
f 988 990 989
f 988 992 990
f 992 997 996
f 993 996 995
f 993 995 994
o convex_4
v -0.800906 -0.155065 -0.262675
v -0.80566 -0.165887 -0.257255
v -0.927517 -0.155724 -0.257255
v -0.926871 -0.155065 -0.257562
v -0.719669 -0.155065 -0.262675
v -0.927517 -0.176035 -0.247106
v -0.724377 -0.165887 -0.257255
v -0.765042 -0.196345 -0.236956
v -0.934302 -0.162489 -0.243723
v -0.931717 -0.155065 -0.251296
v -0.927655 -0.155065 -0.25737
v -0.693312 -0.155065 -0.257562
v -0.717638 -0.159107 -0.260638
v -0.927517 -0.186197 -0.236956
v -0.932594 -0.170953 -0.242031
v -0.795506 -0.206508 -0.226769
v -0.815815 -0.216656 -0.21662
v -0.673649 -0.165887 -0.247106
v -0.714222 -0.216656 -0.21662
v -0.734577 -0.206508 -0.226769
v -0.734577 -0.226819 -0.20647
v -0.795506 -0.226819 -0.20647
v -0.934302 -0.155065 -0.243723
v -0.934302 -0.172652 -0.233573
v -0.668895 -0.155065 -0.252488
v -0.66691 -0.159107 -0.250489
v -0.927517 -0.247114 -0.176023
v -0.932594 -0.181116 -0.231882
v -0.646601 -0.18958 -0.220003
v -0.65334 -0.196345 -0.21662
v -0.66691 -0.209891 -0.209853
v -0.724377 -0.257262 -0.165835
v -0.673649 -0.247114 -0.165835
v -0.765042 -0.236952 -0.196321
v -0.934302 -0.155065 -0.203087
v -0.934302 -0.233569 -0.17264
v -0.66211 -0.155065 -0.250988
v -0.657586 -0.157423 -0.248797
v -0.927517 -0.277573 -0.115089
v -0.934302 -0.264028 -0.121856
v -0.934302 -0.25388 -0.142154
v -0.932594 -0.242033 -0.170948
v -0.80566 -0.257262 -0.165835
v -0.80566 -0.267425 -0.145537
v -0.637277 -0.187881 -0.218311
v -0.657586 -0.208192 -0.208162
v -0.65334 -0.216656 -0.196321
v -0.717638 -0.260645 -0.159069
v -0.724377 -0.267425 -0.145537
v -0.66691 -0.250497 -0.159069
v -0.934302 -0.225383 0.130067
v -0.931717 -0.213961 0.130067
v -0.927332 -0.210784 0.130067
v -0.822554 -0.155065 0.130067
v -0.934302 -0.243717 -0.162452
v -0.658186 -0.155065 -0.24995
v -0.607413 -0.155065 -0.229652
v -0.606813 -0.157423 -0.22846
v -0.616967 -0.177733 -0.218311
v -0.924101 -0.284338 -0.101519
v -0.924101 -0.294501 -0.0710712
v -0.927517 -0.287736 -0.0846034
v -0.930886 -0.291118 -0.0676881
v -0.930886 -0.280956 -0.0981357
v -0.934302 -0.27419 -0.101519
v -0.802245 -0.27419 -0.132005
v -0.606813 -0.198044 -0.198013
v -0.637277 -0.218355 -0.187864
v -0.646601 -0.220039 -0.189555
v -0.68722 -0.260645 -0.14892
v -0.717638 -0.270808 -0.138771
v -0.657586 -0.248799 -0.157378
v -0.646601 -0.250497 -0.14892
v -0.934302 -0.255827 0.130067
v -0.489064 -0.155065 0.130067
v -0.587103 -0.155065 -0.219503
v -0.586503 -0.157423 -0.218311
v -0.781935 -0.284338 -0.111706
v -0.802245 -0.294501 -0.0812204
v -0.924101 -0.304664 -2.69742e-05
v -0.781935 -0.304664 -0.0304745
v -0.930886 -0.301266 0.00335608
v -0.934302 -0.294501 -2.69742e-05
v -0.934302 -0.284338 -0.0710712
v -0.616967 -0.218355 -0.177714
v -0.576349 -0.187881 -0.187864
v -0.596658 -0.208192 -0.177714
v -0.66691 -0.260645 -0.138771
v -0.721007 -0.27419 -0.132005
v -0.700698 -0.27419 -0.121856
v -0.637277 -0.248799 -0.147228
v -0.657586 -0.258961 -0.137079
v -0.934302 -0.264028 0.12184
v -0.932456 -0.264028 0.130067
v -0.495665 -0.16347 0.130067
v -0.482556 -0.155065 0.126799
v -0.556639 -0.155065 -0.199166
v -0.556039 -0.157423 -0.198013
v -0.566194 -0.167571 -0.198013
v -0.751471 -0.284338 -0.111706
v -0.721007 -0.294501 -0.0812204
v -0.924101 -0.294501 0.0710557
v -0.930886 -0.291118 0.0744388
v -0.781935 -0.304664 0.030459
v -0.741316 -0.304664 -0.0304745
v -0.934302 -0.284338 0.0710557
v -0.576349 -0.228503 -0.137079
v -0.596658 -0.238651 -0.137079
v -0.538268 -0.172652 -0.17264
v -0.566194 -0.198044 -0.167527
v -0.658879 -0.261495 -0.132005
v -0.656755 -0.270808 -0.108323
v -0.700698 -0.294501 -0.0710712
v -0.627122 -0.258961 -0.116781
v -0.638569 -0.251347 -0.142154
v -0.647432 -0.269109 -0.106632
v -0.934302 -0.27419 0.101542
v -0.930886 -0.270808 0.125223
v -0.931394 -0.266752 0.130067
v -0.50582 -0.173633 0.130067
v -0.492572 -0.165037 0.126915
v -0.492572 -0.175185 0.116765
v -0.462754 -0.155724 0.104925
v -0.462754 -0.155065 0.105232
v -0.515467 -0.155065 -0.164951
v -0.525575 -0.167571 -0.167527
v -0.924101 -0.284338 0.101542
v -0.802245 -0.294501 0.0812433
v -0.930886 -0.280956 0.104925
v -0.741316 -0.304664 0.030459
v -0.700698 -0.304664 -2.69742e-05
v -0.576349 -0.248799 -0.086295
v -0.596658 -0.258961 -0.086295
v -0.545884 -0.208192 -0.137079
v -0.545884 -0.218355 -0.116781
v -0.556039 -0.228503 -0.106632
v -0.597904 -0.241184 -0.132005
v -0.648724 -0.271657 -0.101519
v -0.658879 -0.281805 -0.0812204
v -0.67028 -0.284338 -0.0812204
v -0.689343 -0.291968 -0.0710712
v -0.690589 -0.294501 -0.0609605
v -0.616967 -0.258961 -0.106632
v -0.618214 -0.261495 -0.101519
v -0.628415 -0.261495 -0.111706
v -0.928717 -0.268948 0.130067
v -0.929179 -0.269109 0.129452
v -0.929594 -0.268333 0.130067
v -0.526175 -0.193944 0.130067
v -0.523036 -0.195496 0.126915
v -0.512882 -0.185348 0.126915
v -0.492572 -0.180267 0.106616
v -0.514543 -0.196345 0.111691
v -0.462754 -0.165887 0.0846264
v -0.462754 -0.155065 -0.105248
v -0.462754 -0.155724 -0.104902
v -0.495111 -0.177733 -0.116781
v -0.525575 -0.198044 -0.12693
v -0.924101 -0.27009 0.130067
v -0.929179 -0.279272 0.109154
v -0.781935 -0.284338 0.111691
v -0.781935 -0.275172 0.130067
v -0.721007 -0.294501 0.0812433
v -0.700698 -0.294501 0.0710557
v -0.690589 -0.294501 0.0609065
v -0.67028 -0.294501 -0.0304745
v -0.660125 -0.294501 -0.0101762
v -0.660125 -0.294501 0.0101222
v -0.67028 -0.294501 0.030459
v -0.577595 -0.251347 -0.0812204
v -0.565363 -0.247114 -0.0710712
v -0.597904 -0.261495 -0.0812204
v -0.534899 -0.216656 -0.101519
v -0.545054 -0.226819 -0.0913696
v -0.514543 -0.196345 -0.111706
v -0.618214 -0.271657 -0.0710712
v -0.648724 -0.281805 -0.0710712
v -0.64997 -0.284338 -0.0609605
v -0.540207 -0.206054 0.130067
v -0.523036 -0.200577 0.116765
v -0.543346 -0.21074 0.126915
v -0.462754 -0.1828 0.0507573
v -0.462754 -0.171188 0.0740159
v -0.528114 -0.206918 0.111691
v -0.504389 -0.206508 0.0710557
v -0.462754 -0.158096 -0.100173
v -0.462754 -0.159619 -0.0971361
v -0.462754 -0.176035 -0.0643435
v -0.462754 -0.1828 -0.0508113
v -0.751471 -0.284338 0.111691
v -0.744271 -0.275172 0.130067
v -0.71593 -0.291968 0.0863179
v -0.721007 -0.27419 0.130067
v -0.685512 -0.291968 0.0659811
v -0.644893 -0.281805 0.0659811
v -0.665202 -0.281805 0.0863179
v -0.695666 -0.291968 0.0761303
v -0.64997 -0.284338 0.0609065
v -0.639816 -0.284338 -0.0406237
v -0.629661 -0.284338 -0.0101762
v -0.599197 -0.27419 -2.69742e-05
v -0.629661 -0.284338 0.0101222
v -0.639816 -0.284338 0.0406082
v -0.572102 -0.250497 -0.0710712
v -0.555208 -0.247114 -0.0406237
v -0.514543 -0.216656 -0.0609605
v -0.524744 -0.226819 -0.0508113
v -0.592412 -0.260645 -0.0710712
v -0.599197 -0.264028 -0.0710712
v -0.619506 -0.27419 -0.0609605
v -0.504389 -0.206508 -0.0710712
v -0.570671 -0.226365 0.130067
v -0.543346 -0.220888 0.106616
v -0.57381 -0.231036 0.126915
v -0.548423 -0.217081 0.12184
v -0.517959 -0.217081 0.0710557
v -0.528114 -0.227229 0.0609065
v -0.524744 -0.226819 0.0507573
v -0.534899 -0.236952 0.030459
v -0.514543 -0.226819 -2.69742e-05
v -0.548423 -0.227229 0.101542
v -0.534899 -0.236952 -0.0304745
v -0.746394 -0.281805 0.116765
v -0.733147 -0.274923 0.130067
v -0.695666 -0.271657 0.126915
v -0.655048 -0.271657 0.106616
v -0.692528 -0.269314 0.130067
v -0.634738 -0.281805 0.0456828
v -0.614429 -0.271657 0.0659811
v -0.634738 -0.271657 0.0863179
v -0.578887 -0.264028 -0.0101762
v -0.592412 -0.270808 -2.69742e-05
v -0.594119 -0.271657 0.00504761
v -0.624583 -0.281805 0.0151968
v -0.561947 -0.250497 -0.0406237
v -0.545054 -0.247114 -2.69742e-05
v -0.565363 -0.257262 -0.0101762
v -0.572102 -0.260645 -0.0101762
v -0.576949 -0.230245 0.130067
v -0.588396 -0.237289 0.130067
v -0.590981 -0.238841 0.130067
v -0.568733 -0.247539 0.0812433
v -0.538268 -0.227229 0.0812433
v -0.558578 -0.247539 0.0507573
v -0.538268 -0.237377 0.0406082
v -0.543346 -0.241184 0.0355336
v -0.67028 -0.26476 0.130067
v -0.634738 -0.261495 0.116765
v -0.604274 -0.271657 0.0355336
v -0.594119 -0.261495 0.0761303
v -0.604274 -0.261495 0.0863179
v -0.551793 -0.250497 -2.69742e-05
v -0.572102 -0.260645 0.0101222
v -0.57381 -0.261495 0.0151968
v -0.5535 -0.251347 0.00504761
v -0.621445 -0.249004 0.130067
v -0.629661 -0.257687 0.12184
v -0.589042 -0.257687 0.0812433
v -0.57381 -0.251347 0.0761303
v -0.563655 -0.251347 0.0456828
v -0.651909 -0.259152 0.130067
v -0.583965 -0.261495 0.0456828
f 998 999 1000
f 998 1000 1001
f 998 1001 1008
f 998 1008 1007
f 998 1007 1020
f 998 1020 1032
f 998 1032 1051
f 998 1051 1072
f 998 1072 1093
f 998 1093 1121
f 998 1121 1152
f 998 1152 1122
f 998 1122 1094
f 998 1094 1073
f 998 1073 1054
f 998 1054 1053
f 998 1053 1034
f 998 1034 1022
f 998 1022 1009
f 998 1009 1002
f 998 1002 1004
f 998 1004 999
f 999 1003 1000
f 999 1004 1005
f 999 1005 1003
f 1000 1003 1006
f 1000 1006 1007
f 1000 1007 1008
f 1000 1008 1001
f 1002 1009 1010
f 1002 1010 1004
f 1003 1011 1025
f 1003 1025 1012
f 1003 1012 1006
f 1003 1005 1013
f 1003 1013 1014
f 1003 1014 1011
f 1004 1010 1023
f 1004 1023 1015
f 1004 1015 1016
f 1004 1016 1017
f 1004 1017 1005
f 1005 1017 1016
f 1005 1016 1018
f 1005 1018 1019
f 1005 1019 1014
f 1005 1014 1013
f 1006 1020 1007
f 1006 1012 1025
f 1006 1025 1021
f 1006 1021 1033
f 1006 1033 1052
f 1006 1052 1038
f 1006 1038 1037
f 1006 1037 1062
f 1006 1062 1081
f 1006 1081 1080
f 1006 1080 1103
f 1006 1103 1114
f 1006 1114 1090
f 1006 1090 1071
f 1006 1071 1048
f 1006 1048 1032
f 1006 1032 1020
f 1009 1022 1023
f 1009 1023 1010
f 1011 1024 1039
f 1011 1039 1025
f 1011 1014 1024
f 1014 1019 1024
f 1015 1023 1026
f 1015 1026 1027
f 1015 1027 1028
f 1015 1028 1016
f 1016 1029 1018
f 1016 1028 1030
f 1016 1030 1029
f 1018 1029 1031
f 1018 1031 1019
f 1019 1031 1024
f 1021 1025 1039
f 1021 1039 1033
f 1022 1034 1023
f 1023 1034 1035
f 1023 1035 1026
f 1024 1036 1037
f 1024 1037 1038
f 1024 1038 1039
f 1024 1031 1040
f 1024 1040 1041
f 1024 1041 1036
f 1026 1035 1042
f 1026 1042 1027
f 1027 1042 1043
f 1027 1043 1028
f 1028 1043 1044
f 1028 1044 1030
f 1029 1030 1047
f 1029 1047 1045
f 1029 1045 1068
f 1029 1068 1046
f 1029 1046 1041
f 1029 1041 1040
f 1029 1040 1031
f 1030 1044 1066
f 1030 1066 1047
f 1032 1048 1049
f 1032 1049 1050
f 1032 1050 1051
f 1033 1039 1052
f 1034 1053 1035
f 1035 1053 1054
f 1035 1054 1055
f 1035 1055 1056
f 1035 1056 1042
f 1036 1057 1058
f 1036 1058 1059
f 1036 1059 1060
f 1036 1060 1061
f 1036 1061 1062
f 1036 1062 1037
f 1036 1041 1063
f 1036 1063 1057
f 1038 1052 1039
f 1041 1046 1068
f 1041 1068 1086
f 1041 1086 1097
f 1041 1097 1075
f 1041 1075 1063
f 1042 1056 1064
f 1042 1064 1043
f 1043 1064 1065
f 1043 1065 1044
f 1044 1065 1066
f 1045 1067 1068
f 1045 1047 1067
f 1047 1066 1065
f 1047 1065 1069
f 1047 1069 1088
f 1047 1088 1070
f 1047 1070 1085
f 1047 1085 1067
f 1048 1071 1091
f 1048 1091 1116
f 1048 1116 1145
f 1048 1145 1143
f 1048 1143 1156
f 1048 1156 1159
f 1048 1159 1188
f 1048 1188 1221
f 1048 1221 1190
f 1048 1190 1224
f 1048 1224 1244
f 1048 1244 1258
f 1048 1258 1253
f 1048 1253 1238
f 1048 1238 1237
f 1048 1237 1236
f 1048 1236 1209
f 1048 1209 1176
f 1048 1176 1146
f 1048 1146 1117
f 1048 1117 1092
f 1048 1092 1072
f 1048 1072 1051
f 1048 1051 1050
f 1048 1050 1049
f 1054 1073 1074
f 1054 1074 1055
f 1055 1074 1064
f 1055 1064 1056
f 1057 1063 1075
f 1057 1075 1076
f 1057 1076 1058
f 1058 1077 1060
f 1058 1060 1059
f 1058 1076 1078
f 1058 1078 1077
f 1060 1079 1080
f 1060 1080 1081
f 1060 1081 1062
f 1060 1062 1061
f 1060 1077 1079
f 1064 1082 1065
f 1064 1074 1096
f 1064 1096 1083
f 1064 1083 1084
f 1064 1084 1082
f 1065 1082 1088
f 1065 1088 1069
f 1067 1085 1068
f 1068 1085 1087
f 1068 1087 1086
f 1070 1089 1085
f 1070 1088 1089
f 1071 1090 1091
f 1072 1092 1093
f 1073 1094 1095
f 1073 1095 1074
f 1074 1095 1096
f 1075 1097 1098
f 1075 1098 1076
f 1076 1098 1102
f 1076 1102 1078
f 1077 1099 1100
f 1077 1100 1079
f 1077 1078 1102
f 1077 1102 1128
f 1077 1128 1127
f 1077 1127 1101
f 1077 1101 1099
f 1079 1100 1080
f 1080 1100 1103
f 1082 1084 1104
f 1082 1104 1105
f 1082 1105 1088
f 1083 1096 1106
f 1083 1106 1107
f 1083 1107 1104
f 1083 1104 1084
f 1085 1089 1108
f 1085 1108 1109
f 1085 1109 1087
f 1086 1087 1110
f 1086 1110 1098
f 1086 1098 1097
f 1087 1109 1110
f 1088 1111 1112
f 1088 1112 1089
f 1088 1105 1111
f 1089 1112 1111
f 1089 1111 1113
f 1089 1113 1108
f 1090 1114 1115
f 1090 1115 1116
f 1090 1116 1091
f 1092 1117 1118
f 1092 1118 1093
f 1093 1118 1119
f 1093 1119 1120
f 1093 1120 1121
f 1094 1122 1095
f 1095 1122 1123
f 1095 1123 1096
f 1096 1123 1106
f 1098 1110 1102
f 1099 1124 1126
f 1099 1126 1100
f 1099 1101 1125
f 1099 1125 1124
f 1100 1126 1114
f 1100 1114 1103
f 1101 1127 1160
f 1101 1160 1125
f 1102 1110 1128
f 1104 1129 1130
f 1104 1130 1105
f 1104 1107 1131
f 1104 1131 1132
f 1104 1132 1133
f 1104 1133 1129
f 1105 1130 1169
f 1105 1169 1134
f 1105 1134 1111
f 1106 1123 1107
f 1107 1123 1131
f 1108 1113 1135
f 1108 1135 1109
f 1109 1135 1136
f 1109 1136 1137
f 1109 1137 1110
f 1110 1138 1139
f 1110 1139 1128
f 1110 1137 1136
f 1110 1136 1138
f 1111 1140 1169
f 1111 1169 1141
f 1111 1141 1142
f 1111 1142 1113
f 1111 1134 1140
f 1113 1142 1135
f 1114 1126 1115
f 1115 1126 1143
f 1115 1143 1144
f 1115 1144 1145
f 1115 1145 1116
f 1117 1146 1147
f 1117 1147 1148
f 1117 1148 1118
f 1118 1148 1119
f 1119 1149 1151
f 1119 1151 1120
f 1119 1148 1147
f 1119 1147 1150
f 1119 1150 1149
f 1120 1151 1180
f 1120 1180 1179
f 1120 1179 1186
f 1120 1186 1185
f 1120 1185 1184
f 1120 1184 1183
f 1120 1183 1153
f 1120 1153 1152
f 1120 1152 1121
f 1122 1152 1153
f 1122 1153 1123
f 1123 1153 1154
f 1123 1154 1155
f 1123 1155 1131
f 1124 1156 1143
f 1124 1143 1157
f 1124 1157 1126
f 1124 1125 1158
f 1124 1158 1159
f 1124 1159 1156
f 1125 1160 1187
f 1125 1187 1158
f 1126 1157 1143
f 1127 1128 1161
f 1127 1161 1160
f 1128 1162 1161
f 1128 1139 1163
f 1128 1163 1164
f 1128 1164 1165
f 1128 1165 1166
f 1128 1166 1162
f 1129 1167 1130
f 1129 1133 1168
f 1129 1168 1167
f 1130 1167 1169
f 1131 1155 1132
f 1132 1170 1171
f 1132 1171 1168
f 1132 1168 1133
f 1132 1155 1172
f 1132 1172 1170
f 1134 1169 1140
f 1135 1142 1173
f 1135 1173 1136
f 1136 1173 1174
f 1136 1174 1138
f 1138 1174 1175
f 1138 1175 1139
f 1139 1175 1163
f 1141 1173 1142
f 1141 1169 1173
f 1143 1145 1144
f 1146 1176 1147
f 1147 1177 1150
f 1147 1176 1178
f 1147 1178 1177
f 1149 1179 1180
f 1149 1180 1151
f 1149 1150 1179
f 1150 1177 1181
f 1150 1181 1213
f 1150 1213 1182
f 1150 1182 1179
f 1153 1183 1154
f 1154 1172 1155
f 1154 1183 1184
f 1154 1184 1185
f 1154 1185 1186
f 1154 1186 1172
f 1158 1187 1188
f 1158 1188 1159
f 1160 1161 1189
f 1160 1189 1190
f 1160 1190 1187
f 1161 1162 1191
f 1161 1191 1192
f 1161 1192 1193
f 1161 1193 1194
f 1161 1194 1189
f 1162 1166 1195
f 1162 1195 1192
f 1162 1192 1191
f 1163 1175 1164
f 1164 1175 1196
f 1164 1196 1197
f 1164 1197 1198
f 1164 1198 1165
f 1165 1198 1199
f 1165 1199 1200
f 1165 1200 1166
f 1166 1200 1195
f 1167 1201 1205
f 1167 1205 1169
f 1167 1168 1201
f 1168 1202 1232
f 1168 1232 1201
f 1168 1171 1203
f 1168 1203 1204
f 1168 1204 1202
f 1169 1205 1206
f 1169 1206 1207
f 1169 1207 1173
f 1170 1172 1208
f 1170 1208 1171
f 1171 1208 1203
f 1172 1186 1208
f 1173 1207 1175
f 1173 1175 1174
f 1175 1207 1196
f 1176 1209 1178
f 1177 1178 1210
f 1177 1210 1218
f 1177 1218 1181
f 1178 1209 1211
f 1178 1211 1212
f 1178 1212 1218
f 1178 1218 1210
f 1179 1182 1213
f 1179 1213 1214
f 1179 1214 1215
f 1179 1215 1216
f 1179 1216 1217
f 1179 1217 1186
f 1181 1218 1213
f 1186 1217 1219
f 1186 1219 1204
f 1186 1204 1203
f 1186 1203 1208
f 1187 1190 1220
f 1187 1220 1188
f 1188 1220 1221
f 1189 1222 1190
f 1189 1194 1193
f 1189 1193 1223
f 1189 1223 1222
f 1190 1221 1220
f 1190 1222 1224
f 1192 1195 1200
f 1192 1200 1225
f 1192 1225 1226
f 1192 1226 1227
f 1192 1227 1193
f 1193 1227 1223
f 1196 1207 1197
f 1197 1207 1198
f 1198 1228 1235
f 1198 1235 1229
f 1198 1229 1230
f 1198 1230 1231
f 1198 1231 1199
f 1198 1207 1228
f 1199 1231 1225
f 1199 1225 1200
f 1201 1232 1235
f 1201 1235 1205
f 1202 1219 1233
f 1202 1233 1234
f 1202 1234 1235
f 1202 1235 1232
f 1202 1204 1219
f 1205 1235 1228
f 1205 1228 1206
f 1206 1228 1207
f 1209 1236 1211
f 1211 1236 1237
f 1211 1237 1238
f 1211 1238 1239
f 1211 1239 1218
f 1211 1218 1212
f 1213 1218 1240
f 1213 1240 1239
f 1213 1239 1214
f 1214 1239 1241
f 1214 1241 1242
f 1214 1242 1215
f 1215 1242 1216
f 1216 1242 1243
f 1216 1243 1252
f 1216 1252 1233
f 1216 1233 1217
f 1217 1233 1219
f 1218 1239 1240
f 1222 1223 1244
f 1222 1244 1224
f 1223 1227 1248
f 1223 1248 1245
f 1223 1245 1244
f 1225 1231 1230
f 1225 1230 1246
f 1225 1246 1226
f 1226 1246 1259
f 1226 1259 1247
f 1226 1247 1248
f 1226 1248 1227
f 1229 1235 1249
f 1229 1249 1250
f 1229 1250 1251
f 1229 1251 1230
f 1230 1251 1259
f 1230 1259 1246
f 1233 1252 1249
f 1233 1249 1235
f 1233 1235 1234
f 1238 1253 1254
f 1238 1254 1255
f 1238 1255 1239
f 1239 1255 1247
f 1239 1247 1256
f 1239 1256 1257
f 1239 1257 1241
f 1241 1257 1243
f 1241 1243 1242
f 1243 1257 1252
f 1244 1245 1254
f 1244 1254 1258
f 1245 1248 1255
f 1245 1255 1254
f 1247 1259 1257
f 1247 1257 1256
f 1247 1255 1248
f 1249 1252 1251
f 1249 1251 1250
f 1251 1252 1257
f 1251 1257 1259
f 1253 1258 1254
o convex_5
v -0.541789 0.176918 -0.169762
v -0.822556 0.00601426 -0.188512
v -0.825353 0.176918 -0.169762
v -0.866565 -0.00339885 -0.135405
v -0.88014 0.0236968 -0.108306
v -0.866565 -0.0237072 -0.135405
v -0.8869 -0.0440155 -0.0947717
v -0.825411 -0.154986 -0.188512
v -0.47861 0.00601426 -0.188512
v -0.545326 -0.155065 -0.188512
v -0.846581 -0.155065 -0.0433488
v -0.856419 -0.145557 -0.0440037
v -0.876711 -0.125249 -0.0237027
v -0.866565 -0.135403 0.0168992
v -0.880137 -0.118469 -0.0169357
v -0.8869 -0.104925 -0.0237027
v -0.888569 -0.0964735 -0.0355216
v -0.893664 -0.0913964 -0.0203348
v -0.893664 -0.0913964 -0.0101687
v -0.890282 -0.0981606 -0.00680083
v -0.880137 -0.108315 0.0439984
v -0.856419 -0.145557 0.0270653
v -0.849655 -0.148932 0.0439984
v -0.822556 -0.155065 0.130067
v -0.846581 -0.155065 0.0277202
v -0.462754 -0.155065 -0.10525
v -0.51546 -0.155065 -0.164936
v -0.462754 -0.135403 -0.135405
v -0.515723 -0.126305 -0.188512
v -0.49508 -0.116782 -0.177691
v -0.462754 -0.104925 -0.155706
v -0.462754 -0.0971515 -0.159604
v -0.462754 -0.0507797 -0.182774
v -0.502591 -0.101551 -0.188512
v -0.480806 -0.0565033 -0.188512
v -0.536059 -0.146614 -0.188512
v -0.535707 -0.147244 -0.187857
v -0.47861 -0.0507797 -0.188512
v -0.462754 0.00601426 -0.182774
v -0.462754 -0.138068 0.130067
v -0.462754 -0.155065 0.105244
v -0.482519 -0.155065 0.126793
v -0.485549 -0.153299 0.130067
v -0.489063 -0.155065 0.130067
v -0.462754 0.00601426 0.130067
v -0.859098 0.00601426 0.130067
v -0.859098 -0.0406256 0.130067
v -0.857956 -0.0452139 0.130067
v -0.856419 -0.0609339 0.125233
v -0.876711 -0.0406256 0.104932
v -0.866565 -0.0203172 0.125233
v -0.8869 -0.010163 0.0947664
v -0.893664 -0.0406256 0.0710663
v -0.880971 -0.0507797 0.0926459
v -0.880971 -0.0711039 0.082511
v -0.891117 -0.0507797 0.0723449
v -0.893664 -0.0609339 0.0609314
v -0.90381 -0.0609339 0.0304644
v -0.890282 -0.0677139 0.0642993
v -0.878424 -0.0761652 0.0837583
v -0.878424 -0.106628 0.0532913
v -0.880971 -0.101551 0.0520439
v -0.900428 -0.0677139 0.0338323
v -0.90381 -0.0609339 -0.0304385
v -0.911408 -0.00508596 -0.0152518
v -0.90381 -0.0406256 0.0405993
v -0.90381 -0.010163 0.0507654
v -0.893664 -0.010163 0.0812324
v -0.90381 -8.86843e-06 0.0507654
v -0.903824 0.0406266 0.0304635
v -0.891114 0.0254032 0.0761499
v -0.891114 0.0457122 0.0660038
v -0.880964 0.0254032 0.096471
v -0.891117 -0.00508596 0.0863155
v -0.876713 0.0203176 0.104936
v -0.877147 0.0304721 0.101544
v -0.866565 -8.86843e-06 0.125233
v -0.860923 0.0248344 0.126388
v -0.822577 0.176918 0.126388
v -0.502142 0.176918 0.126388
v -0.462754 0.139913 0.126388
v -0.492555 0.176918 0.116763
v -0.462754 0.176918 0.0625251
v -0.462754 0.155705 0.104936
v -0.462754 0.176918 -0.0625327
v -0.492165 0.176918 -0.114046
v -0.523007 0.167549 -0.165008
v -0.539707 0.175512 -0.169762
v -0.534979 0.171815 -0.169762
v -0.52279 0.157629 -0.169762
v -0.489085 0.115388 -0.169762
v -0.462754 0.104933 -0.155703
v -0.462754 0.135396 -0.135382
v -0.462754 0.155705 -0.104914
v -0.462754 0.0768616 -0.169762
v -0.876713 0.104933 0.0202884
v -0.880964 0.096468 0.0253614
v -0.880964 0.0863302 0.0456826
v -0.901265 0.0457122 0.0355365
v -0.891114 0.0558667 0.0558287
v -0.893674 0.0710901 0.0101423
v -0.891114 0.0761757 0.0152153
v -0.883523 0.0914158 -0.0304421
v -0.893674 0.0710901 -0.020325
v -0.876713 0.104933 -0.0304421
v -0.903824 0.0406266 -0.0304421
v -0.910574 -0.00339885 -0.0203348
v -0.90381 -0.0203172 -0.0609056
v -0.90381 -8.86843e-06 -0.0609056
v -0.893674 0.0203176 -0.0812305
v -0.89029 0.0236968 -0.0880139
v -0.893674 0.0406266 -0.0710844
v -0.903824 0.0203176 -0.0507633
v -0.901265 0.041898 -0.0406172
v -0.901265 0.0317435 -0.0507633
v -0.891114 0.0520525 -0.0710844
v -0.893664 -0.0406256 -0.0812377
v -0.893664 -0.0609339 -0.0710716
v -0.888569 -0.0558568 -0.0863208
v -0.888569 -0.0863194 -0.0558537
v -0.898715 -0.066011 -0.0456876
v -0.90381 -0.0507797 -0.0406046
v -0.887297 0.0507811 0.0710768
v -0.877147 0.0507811 0.091398
v -0.876711 -0.0609339 0.0947664
f 1261 1262 1260
f 1263 1262 1261
f 1263 1264 1262
f 1265 1264 1263
f 1265 1266 1264
f 1265 1267 1266
f 1265 1263 1267
f 1263 1261 1267
f 1268 1267 1261
f 1269 1267 1268
f 1270 1267 1269
f 1271 1267 1270
f 1271 1272 1267
f 1273 1272 1271
f 1274 1272 1273
f 1275 1272 1274
f 1275 1276 1272
f 1275 1277 1276
f 1275 1274 1277
f 1274 1278 1277
f 1274 1279 1278
f 1274 1280 1279
f 1274 1273 1280
f 1281 1280 1273
f 1282 1280 1281
f 1282 1283 1280
f 1282 1284 1283
f 1282 1281 1284
f 1281 1271 1284
f 1281 1273 1271
f 1271 1270 1284
f 1270 1269 1284
f 1269 1285 1284
f 1286 1285 1269
f 1286 1287 1285
f 1288 1287 1286
f 1289 1287 1288
f 1289 1290 1287
f 1289 1291 1290
f 1289 1292 1291
f 1289 1288 1292
f 1293 1292 1288
f 1293 1294 1292
f 1293 1288 1294
f 1288 1269 1294
f 1295 1269 1288
f 1295 1296 1269
f 1295 1288 1296
f 1296 1288 1286
f 1296 1286 1269
f 1294 1269 1268
f 1297 1294 1268
f 1297 1292 1294
f 1297 1268 1292
f 1292 1268 1298
f 1292 1298 1291
f 1291 1298 1285
f 1287 1291 1285
f 1290 1291 1287
f 1285 1298 1299
f 1300 1285 1299
f 1300 1301 1285
f 1300 1299 1301
f 1302 1301 1299
f 1302 1303 1301
f 1302 1299 1303
f 1303 1299 1283
f 1303 1283 1301
f 1301 1283 1285
f 1284 1285 1283
f 1304 1283 1299
f 1305 1283 1304
f 1306 1283 1305
f 1307 1283 1306
f 1307 1308 1283
f 1307 1309 1308
f 1307 1306 1309
f 1309 1306 1310
f 1309 1310 1311
f 1309 1311 1312
f 1313 1309 1312
f 1313 1314 1309
f 1315 1314 1313
f 1315 1316 1314
f 1315 1312 1316
f 1315 1313 1312
f 1316 1312 1317
f 1318 1316 1317
f 1318 1314 1316
f 1318 1319 1314
f 1318 1320 1319
f 1318 1321 1320
f 1318 1322 1321
f 1318 1317 1322
f 1317 1278 1322
f 1317 1323 1278
f 1317 1324 1323
f 1325 1324 1317
f 1325 1326 1324
f 1325 1312 1326
f 1325 1317 1312
f 1327 1326 1312
f 1328 1326 1327
f 1328 1324 1326
f 1328 1329 1324
f 1330 1329 1328
f 1330 1331 1329
f 1330 1332 1331
f 1330 1333 1332
f 1330 1327 1333
f 1330 1328 1327
f 1327 1311 1333
f 1327 1312 1311
f 1332 1333 1311
f 1334 1332 1311
f 1334 1335 1332
f 1334 1336 1335
f 1334 1311 1336
f 1336 1311 1310
f 1336 1310 1305
f 1336 1305 1337
f 1336 1337 1335
f 1337 1338 1335
f 1337 1305 1338
f 1305 1304 1338
f 1304 1339 1338
f 1340 1339 1304
f 1341 1339 1340
f 1341 1342 1339
f 1343 1342 1341
f 1343 1340 1342
f 1343 1341 1340
f 1342 1340 1344
f 1342 1344 1339
f 1344 1260 1339
f 1345 1260 1344
f 1346 1260 1345
f 1347 1260 1346
f 1347 1268 1260
f 1347 1348 1268
f 1347 1346 1348
f 1346 1349 1348
f 1346 1350 1349
f 1346 1351 1350
f 1346 1352 1351
f 1346 1345 1352
f 1353 1352 1345
f 1353 1344 1352
f 1353 1345 1344
f 1352 1344 1298
f 1354 1352 1298
f 1351 1352 1354
f 1351 1354 1350
f 1350 1354 1268
f 1349 1350 1268
f 1348 1349 1268
f 1354 1298 1268
f 1344 1299 1298
f 1304 1299 1344
f 1340 1304 1344
f 1268 1261 1260
f 1260 1262 1339
f 1338 1339 1262
f 1355 1338 1262
f 1356 1338 1355
f 1356 1357 1338
f 1358 1357 1356
f 1358 1338 1357
f 1359 1338 1358
f 1359 1331 1338
f 1359 1358 1331
f 1358 1329 1331
f 1358 1360 1329
f 1361 1360 1358
f 1361 1356 1360
f 1361 1358 1356
f 1362 1360 1356
f 1362 1363 1360
f 1362 1262 1363
f 1362 1364 1262
f 1362 1355 1364
f 1362 1356 1355
f 1364 1355 1262
f 1363 1262 1365
f 1363 1365 1360
f 1329 1360 1365
f 1329 1365 1324
f 1366 1324 1365
f 1366 1367 1324
f 1368 1367 1366
f 1369 1367 1368
f 1369 1370 1367
f 1369 1371 1370
f 1369 1372 1371
f 1369 1368 1372
f 1368 1366 1372
f 1372 1366 1365
f 1373 1372 1365
f 1374 1372 1373
f 1374 1375 1372
f 1374 1373 1375
f 1373 1262 1375
f 1373 1365 1262
f 1375 1262 1371
f 1372 1375 1371
f 1370 1371 1262
f 1370 1262 1264
f 1370 1264 1266
f 1376 1370 1266
f 1376 1367 1370
f 1376 1377 1367
f 1376 1378 1377
f 1376 1267 1378
f 1376 1266 1267
f 1378 1267 1377
f 1379 1377 1267
f 1380 1377 1379
f 1380 1323 1377
f 1380 1379 1323
f 1277 1323 1379
f 1277 1278 1323
f 1277 1379 1276
f 1276 1379 1267
f 1276 1267 1272
f 1381 1377 1323
f 1381 1367 1377
f 1381 1324 1367
f 1381 1323 1324
f 1382 1338 1331
f 1382 1383 1338
f 1382 1331 1383
f 1332 1383 1331
f 1332 1335 1383
f 1383 1335 1338
f 1310 1306 1305
f 1279 1322 1278
f 1279 1280 1322
f 1321 1322 1280
f 1321 1280 1320
f 1320 1280 1283
f 1319 1320 1283
f 1319 1283 1314
f 1384 1314 1283
f 1384 1309 1314
f 1384 1283 1309
f 1309 1283 1308
o convex_6
v -0.541776 0.176918 -0.169776
v -0.539699 0.175512 -0.169776
v -0.538268 0.172635 -0.172654
v -0.542515 0.176918 -0.170515
v -0.82537 0.176918 -0.169776
v -0.534991 0.171815 -0.169776
v -0.543346 0.137086 -0.205653
v -0.563655 0.167549 -0.195499
v -0.56444 0.176918 -0.186546
v -0.548423 0.176014 -0.176035
v -0.522806 0.157629 -0.169776
v -0.492572 0.116777 -0.17519
v -0.523036 0.126931 -0.195499
v -0.545746 0.176918 -0.172918
v -0.924101 0.176918 -0.174252
v -0.824631 0.00603099 -0.169776
v -0.543346 0.126931 -0.210737
v -0.548423 0.121863 -0.217076
v -0.57381 0.137086 -0.225963
v -0.583965 0.157395 -0.215808
v -0.594904 0.176918 -0.206261
v -0.593335 0.176918 -0.205257
v -0.495711 0.12377 -0.169776
v -0.48911 0.115388 -0.169776
v -0.462754 0.0768616 -0.169776
v -0.462754 0.0740344 -0.171189
v -0.462754 0.0507811 -0.182809
v -0.492572 0.106622 -0.18026
v -0.514543 0.111708 -0.196344
v -0.523036 0.116777 -0.200583
v -0.929594 0.176918 -0.176193
v -0.462754 0.00603099 -0.169776
v -0.931717 0.176918 -0.177263
v -0.929179 0.0152487 -0.246258
v -0.931394 0.00603099 -0.254512
v -0.543346 0.106622 -0.220892
v -0.548423 0.101554 -0.22723
v -0.57381 0.126931 -0.231046
v -0.589042 0.132017 -0.237372
v -0.583965 0.137086 -0.231046
v -0.605059 0.176918 -0.211741
v -0.462754 0.00603099 -0.182809
v -0.516574 0.00603099 -0.227059
v -0.504389 0.0203176 -0.216653
v -0.534899 0.0304721 -0.236962
v -0.524744 0.0507811 -0.226808
v -0.528114 0.0609356 -0.22723
v -0.517959 0.0710901 -0.217076
v -0.504389 0.0710901 -0.206498
v -0.528114 0.111708 -0.206921
v -0.931717 0.0101631 -0.25261
v -0.932825 0.176918 -0.182069
v -0.934302 0.0203176 -0.253878
v -0.932779 0.00603099 -0.257271
v -0.568733 0.0812446 -0.247526
v -0.558578 0.0914158 -0.237372
v -0.589042 0.0812446 -0.257694
v -0.599197 0.0914158 -0.257694
v -0.629661 0.121863 -0.257694
v -0.604274 0.137086 -0.241188
v -0.625368 0.176918 -0.221895
v -0.547038 0.00603099 -0.247354
v -0.552577 0.00603099 -0.250642
v -0.543346 0.0355577 -0.241188
v -0.538268 0.0406266 -0.237372
v -0.558578 0.0507811 -0.247526
v -0.934302 0.176918 -0.188685
v -0.934302 0.00603099 -0.264032
v -0.57381 0.0761757 -0.251342
v -0.594119 0.0761757 -0.261497
v -0.604274 0.0863302 -0.261497
v -0.634738 0.116777 -0.261497
v -0.644893 0.14724 -0.251342
v -0.619506 0.152326 -0.237372
v -0.629661 0.172635 -0.22723
v -0.67028 0.16586 -0.247104
v -0.655832 0.176918 -0.23205
v -0.565363 0.00603099 -0.257271
v -0.565363 0.0101631 -0.257271
v -0.57381 0.0152487 -0.261497
v -0.563655 0.0457122 -0.251342
v -0.934302 0.176918 -0.229303
v -0.934302 0.00603099 -0.288488
v -0.614429 0.0660212 -0.271651
v -0.665202 0.0863302 -0.281806
v -0.655048 0.106622 -0.271651
v -0.665202 0.137086 -0.261497
v -0.660125 0.142172 -0.257694
v -0.665202 0.157395 -0.251342
v -0.64997 0.155705 -0.247104
v -0.67028 0.176014 -0.236962
v -0.710852 0.162481 -0.257694
v -0.721007 0.16586 -0.257271
v -0.710852 0.176014 -0.247104
v -0.667603 0.176918 -0.235193
v -0.568086 0.00603099 -0.258645
v -0.572102 0.0101631 -0.260652
v -0.581657 0.00603099 -0.265419
v -0.578887 0.0101631 -0.264032
v -0.593196 0.00603099 -0.270952
v -0.604274 0.0355577 -0.271651
v -0.934302 0.172635 -0.233582
v -0.931717 0.176918 -0.240712
v -0.931717 0.173907 -0.243723
v -0.934302 0.0710901 -0.284341
v -0.932964 0.00603099 -0.294496
v -0.634738 0.0457122 -0.281806
v -0.644893 0.0660212 -0.281806
v -0.700698 0.0710901 -0.294496
v -0.695666 0.0761757 -0.291961
v -0.71593 0.0863302 -0.291961
v -0.71593 0.137086 -0.271651
v -0.685512 0.14724 -0.261497
v -0.680434 0.152326 -0.257694
v -0.71593 0.157395 -0.261497
v -0.761626 0.176918 -0.246668
v -0.721007 0.159101 -0.260652
v -0.802245 0.16586 -0.257271
v -0.708175 0.176918 -0.245334
v -0.572102 0.00603099 -0.260652
v -0.629661 0.00603099 -0.284341
v -0.629661 0.0101631 -0.284341
v -0.624583 0.0152487 -0.281806
v -0.934302 0.162481 -0.243723
v -0.924101 0.176918 -0.245334
v -0.924101 0.176014 -0.247104
v -0.930886 0.16586 -0.250497
v -0.929179 0.170092 -0.248807
v -0.934302 0.101554 -0.274187
v -0.930886 0.0744861 -0.291116
v -0.931163 0.00603099 -0.299052
v -0.639816 0.0406266 -0.284341
v -0.64997 0.0609356 -0.284341
v -0.690589 0.0609356 -0.294496
v -0.721007 0.0101631 -0.304664
v -0.741316 0.0304721 -0.304664
v -0.721007 0.0812446 -0.294496
v -0.721007 0.132017 -0.274187
v -0.721007 0.145551 -0.267426
v -0.770442 0.176918 -0.246668
v -0.751471 0.125242 -0.27758
v -0.802245 0.159101 -0.260652
v -0.924101 0.169256 -0.250497
v -0.660125 0.00603099 -0.294496
v -0.660125 0.0101631 -0.294496
v -0.930886 0.104933 -0.280961
v -0.929825 0.00603099 -0.300227
v -0.924101 0.101554 -0.284341
v -0.924101 0.0710901 -0.294496
v -0.67028 0.0304721 -0.294496
v -0.721007 0.00603099 -0.304664
v -0.781935 0.0304721 -0.304664
v -0.751471 0.111708 -0.284341
v -0.802245 0.0812446 -0.294496
v -0.781935 0.125242 -0.27758
v -0.802245 0.145551 -0.267426
v -0.924101 0.115087 -0.27758
v -0.924101 0.00603099 -0.301653
v -0.802245 0.132017 -0.274187
v -0.781935 0.111708 -0.284341
v -0.816554 0.00603099 -0.304664
v -0.802245 0.0203176 -0.304664
f 1385 1386 1387
f 1385 1387 1388
f 1385 1388 1398
f 1385 1398 1393
f 1385 1393 1406
f 1385 1406 1405
f 1385 1405 1425
f 1385 1425 1445
f 1385 1445 1461
f 1385 1461 1479
f 1385 1479 1503
f 1385 1503 1500
f 1385 1500 1524
f 1385 1524 1509
f 1385 1509 1487
f 1385 1487 1466
f 1385 1466 1451
f 1385 1451 1436
f 1385 1436 1417
f 1385 1417 1415
f 1385 1415 1399
f 1385 1399 1389
f 1385 1389 1400
f 1385 1400 1416
f 1385 1416 1409
f 1385 1409 1408
f 1385 1408 1407
f 1385 1407 1395
f 1385 1395 1390
f 1385 1390 1386
f 1386 1390 1387
f 1387 1391 1392
f 1387 1392 1393
f 1387 1393 1394
f 1387 1394 1388
f 1387 1390 1395
f 1387 1395 1396
f 1387 1396 1397
f 1387 1397 1391
f 1388 1394 1398
f 1389 1399 1400
f 1391 1401 1402
f 1391 1402 1403
f 1391 1403 1392
f 1391 1397 1414
f 1391 1414 1401
f 1392 1403 1404
f 1392 1404 1405
f 1392 1405 1406
f 1392 1406 1393
f 1393 1398 1394
f 1395 1407 1396
f 1396 1407 1408
f 1396 1408 1409
f 1396 1409 1410
f 1396 1410 1411
f 1396 1411 1412
f 1396 1412 1413
f 1396 1413 1397
f 1397 1413 1414
f 1399 1415 1400
f 1400 1415 1417
f 1400 1417 1418
f 1400 1418 1419
f 1400 1419 1438
f 1400 1438 1452
f 1400 1452 1467
f 1400 1467 1490
f 1400 1490 1515
f 1400 1515 1531
f 1400 1531 1542
f 1400 1542 1545
f 1400 1545 1535
f 1400 1535 1528
f 1400 1528 1505
f 1400 1505 1484
f 1400 1484 1482
f 1400 1482 1504
f 1400 1504 1480
f 1400 1480 1462
f 1400 1462 1447
f 1400 1447 1446
f 1400 1446 1427
f 1400 1427 1426
f 1400 1426 1416
f 1401 1420 1421
f 1401 1421 1402
f 1401 1414 1420
f 1402 1421 1422
f 1402 1422 1403
f 1403 1422 1423
f 1403 1423 1424
f 1403 1424 1425
f 1403 1425 1404
f 1404 1425 1405
f 1409 1416 1426
f 1409 1426 1411
f 1409 1411 1410
f 1411 1426 1427
f 1411 1427 1428
f 1411 1428 1429
f 1411 1429 1430
f 1411 1430 1431
f 1411 1431 1432
f 1411 1432 1433
f 1411 1433 1413
f 1411 1413 1412
f 1413 1433 1432
f 1413 1432 1434
f 1413 1434 1414
f 1414 1434 1421
f 1414 1421 1420
f 1417 1435 1418
f 1417 1436 1437
f 1417 1437 1435
f 1418 1435 1419
f 1419 1435 1438
f 1421 1439 1440
f 1421 1440 1422
f 1421 1434 1432
f 1421 1432 1431
f 1421 1431 1439
f 1422 1439 1423
f 1422 1440 1439
f 1423 1439 1441
f 1423 1441 1442
f 1423 1442 1443
f 1423 1443 1444
f 1423 1444 1424
f 1424 1444 1445
f 1424 1445 1425
f 1427 1446 1429
f 1427 1429 1428
f 1429 1446 1447
f 1429 1447 1448
f 1429 1448 1449
f 1429 1449 1431
f 1429 1431 1430
f 1431 1449 1450
f 1431 1450 1439
f 1435 1437 1438
f 1436 1451 1437
f 1437 1452 1438
f 1437 1451 1466
f 1437 1466 1486
f 1437 1486 1508
f 1437 1508 1513
f 1437 1513 1489
f 1437 1489 1467
f 1437 1467 1452
f 1439 1450 1465
f 1439 1465 1453
f 1439 1453 1441
f 1441 1453 1454
f 1441 1454 1442
f 1442 1455 1456
f 1442 1456 1443
f 1442 1454 1455
f 1443 1456 1457
f 1443 1457 1444
f 1444 1457 1458
f 1444 1458 1445
f 1445 1458 1459
f 1445 1459 1460
f 1445 1460 1461
f 1447 1462 1463
f 1447 1463 1464
f 1447 1464 1448
f 1448 1464 1465
f 1448 1465 1450
f 1448 1450 1449
f 1453 1465 1464
f 1453 1464 1454
f 1454 1464 1485
f 1454 1485 1468
f 1454 1468 1492
f 1454 1492 1469
f 1454 1469 1455
f 1455 1469 1456
f 1456 1469 1470
f 1456 1470 1471
f 1456 1471 1457
f 1457 1471 1472
f 1457 1472 1498
f 1457 1498 1473
f 1457 1473 1460
f 1457 1460 1474
f 1457 1474 1459
f 1457 1459 1458
f 1459 1474 1460
f 1460 1475 1461
f 1460 1473 1476
f 1460 1476 1477
f 1460 1477 1478
f 1460 1478 1475
f 1461 1475 1479
f 1462 1480 1463
f 1463 1480 1481
f 1463 1481 1464
f 1464 1481 1482
f 1464 1482 1483
f 1464 1483 1484
f 1464 1484 1485
f 1466 1487 1488
f 1466 1488 1486
f 1467 1489 1490
f 1468 1485 1507
f 1468 1507 1491
f 1468 1491 1492
f 1469 1471 1470
f 1469 1492 1493
f 1469 1493 1494
f 1469 1494 1495
f 1469 1495 1496
f 1469 1496 1471
f 1471 1496 1497
f 1471 1497 1498
f 1471 1498 1472
f 1473 1498 1476
f 1475 1478 1503
f 1475 1503 1479
f 1476 1498 1497
f 1476 1497 1499
f 1476 1499 1477
f 1477 1500 1478
f 1477 1499 1501
f 1477 1501 1526
f 1477 1526 1502
f 1477 1502 1524
f 1477 1524 1500
f 1478 1500 1503
f 1480 1504 1481
f 1481 1504 1482
f 1482 1484 1483
f 1484 1505 1506
f 1484 1506 1507
f 1484 1507 1485
f 1486 1488 1508
f 1487 1509 1510
f 1487 1510 1488
f 1488 1511 1508
f 1488 1510 1512
f 1488 1512 1511
f 1489 1513 1514
f 1489 1514 1515
f 1489 1515 1490
f 1491 1516 1517
f 1491 1517 1492
f 1491 1507 1506
f 1491 1506 1516
f 1492 1517 1493
f 1493 1518 1519
f 1493 1519 1520
f 1493 1520 1521
f 1493 1521 1495
f 1493 1495 1494
f 1493 1517 1518
f 1495 1521 1522
f 1495 1522 1496
f 1496 1499 1497
f 1496 1522 1523
f 1496 1523 1501
f 1496 1501 1499
f 1501 1523 1525
f 1501 1525 1539
f 1501 1539 1526
f 1502 1526 1527
f 1502 1527 1510
f 1502 1510 1524
f 1505 1528 1529
f 1505 1529 1506
f 1506 1529 1516
f 1508 1511 1530
f 1508 1530 1513
f 1509 1524 1510
f 1510 1527 1512
f 1511 1512 1527
f 1511 1527 1530
f 1513 1530 1514
f 1514 1531 1515
f 1514 1530 1532
f 1514 1532 1533
f 1514 1533 1531
f 1516 1529 1534
f 1516 1534 1517
f 1517 1534 1518
f 1518 1534 1519
f 1519 1535 1545
f 1519 1545 1546
f 1519 1546 1536
f 1519 1536 1520
f 1519 1534 1529
f 1519 1529 1528
f 1519 1528 1535
f 1520 1536 1538
f 1520 1538 1521
f 1521 1537 1522
f 1521 1538 1544
f 1521 1544 1537
f 1522 1537 1525
f 1522 1525 1523
f 1525 1537 1544
f 1525 1544 1539
f 1526 1539 1540
f 1526 1540 1541
f 1526 1541 1527
f 1527 1541 1530
f 1530 1541 1532
f 1531 1533 1542
f 1532 1541 1540
f 1532 1540 1543
f 1532 1543 1544
f 1532 1544 1538
f 1532 1538 1533
f 1533 1538 1536
f 1533 1536 1542
f 1536 1546 1542
f 1539 1544 1543
f 1539 1543 1540
f 1542 1546 1545
o convex_7
v -0.478578 0.00601426 -0.188512
v -0.478578 -0.0507797 -0.188512
v -0.484109 0.00601426 -0.196345
v -0.822557 0.00601426 -0.188512
v -0.480808 -0.0565033 -0.188512
v -0.484109 -0.0507797 -0.196345
v -0.494236 0.00601426 -0.206498
v -0.931403 0.00601426 -0.254512
v -0.931759 -0.147244 -0.198039
v -0.927522 -0.145557 -0.196345
v -0.925826 -0.155065 -0.192957
v -0.922748 -0.155065 -0.191593
v -0.825412 -0.150745 -0.188512
v -0.502622 -0.101551 -0.188512
v -0.494236 -0.0711039 -0.196345
v -0.504406 -0.0711039 -0.206498
v -0.494236 -0.0406256 -0.206498
v -0.514577 -8.86843e-06 -0.226816
v -0.504406 0.00601426 -0.216651
v -0.932785 0.00601426 -0.257275
v -0.934258 -0.152321 -0.20311
v -0.930778 -0.155065 -0.195436
v -0.822245 -0.155065 -0.188512
v -0.825412 -0.154986 -0.188512
v -0.515737 -0.126305 -0.188512
v -0.514577 -0.111705 -0.196345
v -0.534874 -0.101551 -0.216651
v -0.524703 -0.0812423 -0.216651
v -0.524703 -0.0507797 -0.226816
v -0.534874 -0.0304714 -0.236969
v -0.545045 -8.86843e-06 -0.247111
v -0.516585 0.00601426 -0.227066
v -0.934258 0.00601426 -0.26404
v -0.934258 -0.0203172 -0.253876
v -0.934258 -0.155065 -0.20311
v -0.545357 -0.155065 -0.188512
v -0.525863 -0.13646 -0.188512
v -0.525551 -0.126936 -0.198039
v -0.545893 -0.116782 -0.218346
v -0.556019 -0.106628 -0.228499
v -0.555171 -0.0812423 -0.236969
v -0.565342 -0.0711039 -0.247111
v -0.555171 -0.0406256 -0.247111
v -0.565342 -0.010163 -0.257264
v -0.551781 -8.86843e-06 -0.250499
v -0.553476 0.00506822 -0.25134
v -0.552539 0.00601426 -0.250635
v -0.547053 0.00601426 -0.247361
v -0.934258 0.00601426 -0.288485
v -0.934258 -0.155065 -0.243734
v -0.547053 -0.155065 -0.190228
v -0.545893 -0.147244 -0.198039
v -0.536034 -0.146614 -0.188512
v -0.545893 -0.13709 -0.208192
v -0.576361 -0.13709 -0.228499
v -0.56619 -0.0964735 -0.238663
v -0.576361 -0.0863194 -0.248805
v -0.57761 -0.0812423 -0.25134
v -0.585639 -0.0711039 -0.257264
v -0.582249 -0.0406256 -0.260652
v -0.578903 -0.010163 -0.26404
v -0.594115 0.00506822 -0.271658
v -0.581624 0.00601426 -0.265416
v -0.568108 0.00601426 -0.258651
v -0.565342 0.00601426 -0.257264
v -0.932964 0.00601426 -0.294499
v -0.934258 -8.86843e-06 -0.294499
v -0.934258 -0.142167 -0.253876
v -0.932607 -0.150634 -0.252193
v -0.931715 -0.155065 -0.251306
v -0.552495 -0.155065 -0.195697
v -0.556599 -0.155065 -0.19921
v -0.587067 -0.155065 -0.219517
v -0.596658 -0.13709 -0.238663
v -0.596658 -0.0863194 -0.258958
v -0.597907 -0.0812423 -0.261493
v -0.5992 -0.0711039 -0.26404
v -0.58903 -0.0406256 -0.26404
v -0.5992 -8.86843e-06 -0.274193
v -0.593178 0.00601426 -0.270953
v -0.629668 0.00601426 -0.284346
v -0.93118 0.00601426 -0.299059
v -0.930912 0.00338111 -0.301276
v -0.934258 -0.0711039 -0.284346
v -0.934258 -0.121859 -0.26404
v -0.932607 -0.130326 -0.262346
v -0.927655 -0.155065 -0.2574
v -0.607408 -0.155065 -0.229681
v -0.597907 -0.132013 -0.241199
v -0.637296 -0.147244 -0.248805
v -0.627125 -0.116782 -0.258958
v -0.628375 -0.111705 -0.261493
v -0.628375 -0.0812423 -0.271658
v -0.618248 -0.0711039 -0.271658
v -0.619497 -0.0609339 -0.274193
v -0.639794 -0.0406256 -0.284346
v -0.629668 -0.010163 -0.284346
v -0.660136 0.00601426 -0.294499
v -0.929841 0.00601426 -0.300218
v -0.925648 0.00601426 -0.301276
v -0.924131 -8.86843e-06 -0.304652
v -0.930912 -0.0677139 -0.291123
v -0.934258 -0.101551 -0.274193
v -0.932607 -0.110002 -0.272499
v -0.930912 -0.0981606 -0.280958
v -0.927522 -0.115095 -0.277581
v -0.927522 -0.135403 -0.267417
v -0.926852 -0.155065 -0.257594
v -0.658173 -0.155065 -0.249976
v -0.646575 -0.148932 -0.250499
v -0.657593 -0.13709 -0.258958
v -0.638545 -0.142167 -0.25134
v -0.658842 -0.132013 -0.261493
v -0.648716 -0.101551 -0.271658
v -0.658842 -0.0812423 -0.281811
v -0.648716 -0.0711039 -0.281811
v -0.649965 -0.0609339 -0.284346
v -0.670262 -0.0304714 -0.294499
v -0.660136 -0.010163 -0.294499
v -0.695689 -0.00508596 -0.302117
v -0.710856 -8.86843e-06 -0.304652
v -0.721027 0.00601426 -0.304652
v -0.924131 0.00601426 -0.301651
v -0.924131 -0.0711039 -0.294499
v -0.816535 0.00601426 -0.304652
v -0.781963 -0.0304714 -0.304652
v -0.924131 -0.101551 -0.284346
v -0.80226 -0.132013 -0.274193
v -0.80565 -0.145557 -0.267417
v -0.80226 -0.152321 -0.26404
v -0.800877 -0.155065 -0.262664
v -0.662099 -0.155065 -0.250999
v -0.687214 -0.148932 -0.260652
v -0.666917 -0.138777 -0.260652
v -0.656746 -0.108315 -0.270805
v -0.660136 -0.101551 -0.274193
v -0.670262 -0.0812423 -0.284346
v -0.68931 -0.0711039 -0.291964
v -0.690604 -0.0609339 -0.294499
v -0.70073 -0.0711039 -0.294499
v -0.731153 -0.0203172 -0.304652
v -0.80226 -0.0812423 -0.294499
v -0.741324 -0.0304714 -0.304652
v -0.781963 -0.111705 -0.284346
v -0.785353 -0.125249 -0.277581
v -0.721027 -0.152321 -0.26404
v -0.719644 -0.155065 -0.262664
v -0.668924 -0.155065 -0.252511
v -0.670262 -0.132013 -0.26404
v -0.693325 -0.155065 -0.257594
v -0.717637 -0.138777 -0.270805
v -0.717637 -0.0880065 -0.291123
v -0.721027 -0.0812423 -0.294499
v -0.751495 -0.111705 -0.284346
v -0.754885 -0.125249 -0.277581
v -0.721027 -0.132013 -0.274193
f 1547 1548 1552
f 1547 1552 1549
f 1547 1549 1553
f 1547 1553 1565
f 1547 1565 1578
f 1547 1578 1594
f 1547 1594 1593
f 1547 1593 1611
f 1547 1611 1610
f 1547 1610 1609
f 1547 1609 1626
f 1547 1626 1627
f 1547 1627 1644
f 1547 1644 1668
f 1547 1668 1671
f 1547 1671 1669
f 1547 1669 1646
f 1547 1646 1645
f 1547 1645 1628
f 1547 1628 1612
f 1547 1612 1595
f 1547 1595 1579
f 1547 1579 1566
f 1547 1566 1554
f 1547 1554 1550
f 1547 1550 1559
f 1547 1559 1570
f 1547 1570 1569
f 1547 1569 1582
f 1547 1582 1599
f 1547 1599 1583
f 1547 1583 1571
f 1547 1571 1560
f 1547 1560 1551
f 1547 1551 1548
f 1548 1551 1552
f 1549 1552 1563
f 1549 1563 1553
f 1550 1554 1555
f 1550 1555 1556
f 1550 1556 1557
f 1550 1557 1558
f 1550 1558 1559
f 1551 1560 1552
f 1552 1560 1561
f 1552 1561 1562
f 1552 1562 1563
f 1553 1563 1564
f 1553 1564 1565
f 1554 1566 1555
f 1555 1566 1567
f 1555 1567 1568
f 1555 1568 1556
f 1556 1568 1557
f 1557 1568 1581
f 1557 1581 1596
f 1557 1596 1616
f 1557 1616 1633
f 1557 1633 1654
f 1557 1654 1677
f 1557 1677 1693
f 1557 1693 1696
f 1557 1696 1694
f 1557 1694 1678
f 1557 1678 1655
f 1557 1655 1634
f 1557 1634 1619
f 1557 1619 1618
f 1557 1618 1617
f 1557 1617 1597
f 1557 1597 1582
f 1557 1582 1569
f 1557 1569 1558
f 1558 1569 1570
f 1558 1570 1559
f 1560 1571 1572
f 1560 1572 1561
f 1561 1572 1562
f 1562 1572 1573
f 1562 1573 1574
f 1562 1574 1575
f 1562 1575 1563
f 1563 1575 1564
f 1564 1575 1576
f 1564 1576 1577
f 1564 1577 1594
f 1564 1594 1578
f 1564 1578 1565
f 1566 1579 1580
f 1566 1580 1567
f 1567 1581 1568
f 1567 1580 1579
f 1567 1579 1595
f 1567 1595 1613
f 1567 1613 1630
f 1567 1630 1649
f 1567 1649 1631
f 1567 1631 1614
f 1567 1614 1596
f 1567 1596 1581
f 1571 1583 1584
f 1571 1584 1572
f 1572 1584 1573
f 1573 1584 1585
f 1573 1585 1586
f 1573 1586 1587
f 1573 1587 1574
f 1574 1587 1575
f 1575 1587 1588
f 1575 1588 1589
f 1575 1589 1576
f 1576 1589 1590
f 1576 1590 1577
f 1577 1590 1591
f 1577 1591 1592
f 1577 1592 1593
f 1577 1593 1594
f 1582 1597 1598
f 1582 1598 1599
f 1583 1599 1598
f 1583 1598 1584
f 1584 1598 1600
f 1584 1600 1585
f 1585 1600 1601
f 1585 1601 1586
f 1586 1601 1602
f 1586 1602 1587
f 1587 1602 1588
f 1588 1602 1603
f 1588 1603 1604
f 1588 1604 1622
f 1588 1622 1605
f 1588 1605 1589
f 1589 1605 1606
f 1589 1606 1590
f 1590 1606 1624
f 1590 1624 1607
f 1590 1607 1591
f 1591 1607 1608
f 1591 1608 1609
f 1591 1609 1592
f 1592 1609 1610
f 1592 1610 1611
f 1592 1611 1593
f 1595 1612 1613
f 1596 1614 1615
f 1596 1615 1616
f 1597 1617 1598
f 1598 1617 1618
f 1598 1618 1600
f 1600 1618 1619
f 1600 1619 1601
f 1601 1603 1602
f 1601 1619 1620
f 1601 1620 1603
f 1603 1620 1621
f 1603 1621 1622
f 1603 1622 1604
f 1605 1622 1623
f 1605 1623 1624
f 1605 1624 1606
f 1607 1624 1625
f 1607 1625 1608
f 1608 1626 1609
f 1608 1625 1627
f 1608 1627 1626
f 1612 1628 1629
f 1612 1629 1613
f 1613 1629 1648
f 1613 1648 1630
f 1614 1631 1615
f 1615 1631 1649
f 1615 1649 1632
f 1615 1632 1633
f 1615 1633 1616
f 1619 1634 1620
f 1620 1635 1622
f 1620 1622 1621
f 1620 1634 1636
f 1620 1636 1637
f 1620 1637 1638
f 1620 1638 1635
f 1622 1635 1638
f 1622 1638 1639
f 1622 1639 1640
f 1622 1640 1641
f 1622 1641 1623
f 1623 1641 1624
f 1624 1641 1625
f 1625 1641 1642
f 1625 1642 1643
f 1625 1643 1665
f 1625 1665 1644
f 1625 1644 1627
f 1628 1645 1629
f 1629 1645 1646
f 1629 1646 1647
f 1629 1647 1670
f 1629 1670 1648
f 1630 1648 1649
f 1632 1650 1651
f 1632 1651 1652
f 1632 1652 1633
f 1632 1649 1650
f 1633 1652 1653
f 1633 1653 1654
f 1634 1655 1636
f 1636 1655 1656
f 1636 1656 1657
f 1636 1657 1659
f 1636 1659 1658
f 1636 1658 1638
f 1636 1638 1637
f 1638 1658 1659
f 1638 1659 1660
f 1638 1660 1661
f 1638 1661 1639
f 1639 1661 1662
f 1639 1662 1640
f 1640 1662 1663
f 1640 1663 1641
f 1641 1663 1642
f 1642 1663 1664
f 1642 1664 1665
f 1642 1665 1643
f 1644 1665 1666
f 1644 1666 1667
f 1644 1667 1668
f 1646 1669 1647
f 1647 1669 1671
f 1647 1671 1668
f 1647 1668 1667
f 1647 1667 1687
f 1647 1687 1689
f 1647 1689 1672
f 1647 1672 1670
f 1648 1651 1649
f 1648 1670 1652
f 1648 1652 1651
f 1649 1651 1650
f 1652 1670 1673
f 1652 1673 1674
f 1652 1674 1675
f 1652 1675 1653
f 1653 1675 1654
f 1654 1675 1676
f 1654 1676 1677
f 1655 1678 1656
f 1656 1678 1679
f 1656 1679 1680
f 1656 1680 1657
f 1657 1680 1659
f 1659 1680 1660
f 1660 1680 1681
f 1660 1681 1682
f 1660 1682 1683
f 1660 1683 1661
f 1661 1683 1686
f 1661 1686 1684
f 1661 1684 1662
f 1662 1684 1663
f 1663 1684 1685
f 1663 1685 1664
f 1664 1685 1666
f 1664 1666 1665
f 1666 1685 1686
f 1666 1686 1667
f 1667 1686 1687
f 1670 1672 1688
f 1670 1688 1673
f 1672 1689 1699
f 1672 1699 1688
f 1673 1688 1690
f 1673 1690 1674
f 1674 1690 1691
f 1674 1691 1676
f 1674 1676 1675
f 1676 1691 1701
f 1676 1701 1692
f 1676 1692 1693
f 1676 1693 1677
f 1678 1694 1679
f 1679 1695 1680
f 1679 1694 1696
f 1679 1696 1693
f 1679 1693 1697
f 1679 1697 1695
f 1680 1695 1681
f 1681 1695 1682
f 1682 1695 1683
f 1683 1695 1686
f 1684 1686 1685
f 1686 1698 1699
f 1686 1699 1689
f 1686 1689 1687
f 1686 1695 1698
f 1688 1699 1700
f 1688 1700 1690
f 1690 1700 1701
f 1690 1701 1691
f 1692 1701 1702
f 1692 1702 1697
f 1692 1697 1693
f 1695 1697 1702
f 1695 1702 1698
f 1698 1702 1699
f 1699 1702 1700
f 1700 1702 1701
