o centered_combined
v 0.0842815 0.0233576 0.00101515
v 0.0842815 0.0223378 0.00609089
v 0.0851294 0.0221686 0.00693685
v 0.0852935 0.0223378 0.00609089
v 0.0863191 0.0223378 0.00304544
v 0.087673 0.0216611 0.00338383
v 0.0917345 0.0196308 0.000338383
v 0.0842815 0.0233576 -0.00101515
v -0.0462754 0.0182772 0.00507574
v 0.0841584 0.0220863 0.00710604
v 0.0842815 0.0213227 0.00913633
v 0.0858131 0.0218303 0.00761361
v 0.0866473 0.0216611 0.00642927
v 0.0907089 0.0196308 0.00541412
v 0.0927465 0.0186156 0.00439898
v 0.0910507 0.0199692 -0.000338383
v 0.087673 0.0216611 -0.00270706
v 0.0927465 0.0186156 -0.00372221
v 0.0863191 0.0223378 -0.00304544
v 0.0849653 0.0230146 -0.00236868
v 0.0847875 0.0231015 -0.00253787
v -0.0462754 0.0182772 -0.00507574
v -0.0462754 0.0155702 0.0104899
v 0.0839396 0.0199692 0.011848
v 0.0839396 0.0209843 0.0098131
v 0.0849653 0.0199692 0.011848
v 0.0856354 0.0196308 0.0125247
v 0.0852935 0.0203075 0.0111666
v 0.0866473 0.0196308 0.011505
v 0.088849 0.0187848 0.0106591
v 0.0898747 0.0198 0.00659846
v 0.0925824 0.0184464 0.00524493
v 0.0929106 0.0177697 0.00659846
v 0.0934302 0.0172621 0.00507574
v 0.0869892 0.0219994 -0.00338383
v 0.0920627 0.018954 -0.00439898
v 0.0930883 0.0179389 -0.00541412
v 0.0859772 0.0219994 -0.00642927
v 0.0852935 0.0223378 -0.00609089
v 0.0847875 0.0220863 -0.00761361
v -0.0462754 0.0155702 -0.0104899
v 0.0837755 0.0210712 -0.00964391
v 0.0837755 0.020056 -0.0116788
v -0.0462754 0.0135399 0.0135399
v 0.0846234 0.0196308 0.0125247
v 0.0846234 0.0165853 0.0165853
v 0.0858131 0.0177697 0.0147242
v 0.0878371 0.0167545 0.0147242
v 0.0868251 0.0187848 0.0126939
v 0.0878371 0.0187848 0.0116788
v 0.0908866 0.0187848 0.00761361
v 0.0918986 0.0167545 0.0106591
v 0.0927465 0.0165853 0.00947472
v 0.0929106 0.0157394 0.0106591
v 0.0934302 0.0172621 -0.00507574
v 0.0934302 0.0152318 0.00913633
v 0.0900388 0.0199692 -0.00541412
v 0.0918986 0.0187848 -0.00532724
v 0.0898747 0.0198 -0.00634696
v 0.0930883 0.0159086 -0.00947472
v 0.0929106 0.0177697 -0.00634696
v 0.0858131 0.0218303 -0.00736211
v 0.0852935 0.0220863 -0.00723407
v 0.0859772 0.0199692 -0.011505
v 0.0852935 0.0203075 -0.0111666
v 0.0852935 0.0199692 -0.011848
v -0.0462754 0.0135399 -0.0135399
v 0.0842815 0.0196308 -0.0125247
v 0.0852935 0.0196308 -0.0125247
v -0.0462754 0.0104899 0.0155702
v 0.0846234 0.0125247 0.0196308
v 0.0856354 0.0125247 0.0196308
v 0.0858131 0.0147242 0.0177697
v 0.0866473 0.0155702 0.0165853
v 0.0866473 0.0165853 0.0155702
v 0.0878371 0.0147242 0.0167545
v 0.0929106 0.0137091 0.0137091
v 0.0898747 0.0167545 0.0126939
v 0.0908866 0.0167545 0.0116788
v 0.0934302 0.0152318 -0.00913633
v 0.0934302 0.0132015 0.0121864
v 0.0908866 0.0187848 -0.00736211
v 0.0931704 0.0152318 -0.0102795
v 0.0929106 0.0157394 -0.0104076
v 0.0918986 0.0167545 -0.0104076
v 0.088849 0.0187848 -0.0104076
v 0.0858131 0.0198 -0.0119303
v -0.0462754 0.0104899 -0.0155702
v 0.0842815 0.0176416 -0.0152318
v 0.0842815 0.0165853 -0.0165853
v 0.0847875 0.0147242 -0.0180257
v 0.0842815 0.0125247 -0.0196308
v 0.0847875 0.0180257 -0.0147242
v 0.0878371 0.0167545 -0.0144681
v 0.0858131 0.0177697 -0.0144681
v -0.0462754 0.00507574 0.0182772
v 0.0839396 0.011848 0.0199692
v 0.0849653 0.011848 0.0199692
v 0.0842815 0.00913633 0.0213227
v 0.0852935 0.0111666 0.0203075
v 0.0858131 0.00761361 0.0218303
v 0.0866473 0.011505 0.0196308
v 0.0878371 0.0116788 0.0187848
v 0.0868251 0.0126939 0.0187848
v 0.0898747 0.0126939 0.0167545
v 0.0918986 0.0106591 0.0167545
v 0.0929106 0.0106591 0.0157394
v 0.0934302 0.0121864 0.0132015
v 0.0908866 0.0116788 0.0167545
v 0.0934302 0.0132015 -0.0121864
v 0.0931704 0.0132015 -0.013325
v 0.0929106 0.0137091 -0.013453
v 0.0898747 0.0167545 -0.0124379
v 0.0863191 0.0192924 -0.0121864
v -0.0462754 0.00507574 -0.0182772
v 0.0863191 0.0165853 -0.0155702
v 0.0863191 0.0155702 -0.0165853
v 0.0852935 0.0125247 -0.0196308
v 0.0858131 0.0116788 -0.020056
v 0.0842815 0.011848 -0.0199692
v 0.0878371 0.0147242 -0.0164984
v -0.0462754 -0.00507574 0.0182772
v -0.00608408 -0.00101515 0.0203075
v 0.0842815 0.00101515 0.0233576
v 0.0842815 0.00609089 0.0223378
v 0.0851294 0.00693685 0.0221686
v 0.0841584 0.00710604 0.0220863
v 0.0839396 0.0098131 0.0209843
v 0.0852935 0.00609089 0.0223378
v 0.0866473 0.00642927 0.0216611
v 0.0898747 0.00659846 0.0198
v 0.088849 0.0106591 0.0187848
v 0.0929106 0.00659846 0.0177697
v 0.0927465 0.00947472 0.0165853
v 0.0908866 0.00761361 0.0187848
v 0.0934302 0.00913633 0.0152318
v 0.0934302 0.0121864 -0.0132015
v 0.0931704 0.0101515 -0.0153598
v 0.0929106 0.0106591 -0.0154833
v 0.0918986 0.0106591 -0.0164984
v 0.0908866 0.0116788 -0.0164984
v 0.0898747 0.0126939 -0.0164984
v -0.0462754 -0.00507574 -0.0182772
v 0.0842815 0.00913633 -0.0213227
v 0.0847875 0.00761361 -0.0220863
v 0.0847875 0.00253787 -0.0231015
v 0.0842815 0.00101515 -0.0233576
v 0.0852935 0.00812119 -0.0217068
v 0.0913926 0.00913633 -0.0176416
v 0.088343 0.00913633 -0.0196719
v 0.0873311 0.00812119 -0.0206916
v 0.0863191 0.00710604 -0.0217068
v -0.00303451 -0.00406059 0.0203075
v -0.00406015 -0.00304544 0.0203075
v -0.0462754 -0.0104899 0.0155702
v 0.0837755 -0.0116788 0.020056
v 0.0837755 -0.00964391 0.0210712
v 0.0847875 -0.00761361 0.0220863
v 0.0842815 -0.00101515 0.0233576
v 0.0917345 0.000338383 0.0196308
v 0.087673 0.00338383 0.0216611
v 0.0863191 0.00304544 0.0223378
v 0.0907089 0.00541412 0.0196308
v 0.0927465 0.00439898 0.0186156
v 0.0925824 0.00524493 0.0184464
v 0.0934302 0.00507574 0.0172621
v 0.0934302 0.00913633 -0.0152318
v 0.0931704 0.00609089 -0.0173901
v 0.0927465 0.00913633 -0.0165853
v 0.0918986 0.00964391 -0.017006
v -0.0462754 -0.0100189 -0.015808
v 0.0842815 -0.00101515 -0.0233576
v 0.0842815 -0.00609089 -0.0223378
v 0.0844593 -0.00693685 -0.0221686
v 0.0842815 -0.00913633 -0.0213227
v 0.0839396 -0.0104899 -0.0206459
v 0.0839396 -0.0125247 -0.0196308
v 0.0858131 0.00659846 -0.0220863
v 0.0852935 0.00609089 -0.0223378
v 0.0868251 0.00355302 -0.0220863
v 0.0924046 0.00507574 -0.0186568
v 0.0903806 0.00609089 -0.0196719
v 0.0898747 0.00558331 -0.020056
v 0.0847875 -0.00253787 0.0231015
v -0.0462754 -0.0135399 0.0135399
v 0.0842815 -0.0125247 0.0196308
v 0.0852935 -0.0125247 0.0196308
v 0.0852935 -0.011848 0.0199692
v 0.0852935 -0.0111666 0.0203075
v 0.0859772 -0.011505 0.0199692
v 0.0852935 -0.00723407 0.0220863
v 0.0852935 -0.00609089 0.0223378
v 0.0849653 -0.00236868 0.0230146
v 0.0863191 -0.00304544 0.0223378
v 0.087673 -0.00270706 0.0216611
v 0.0910507 -0.000338383 0.0199692
v 0.0927465 -0.00372221 0.0186156
v 0.0934302 -0.00507574 0.0172621
v 0.0934302 0.00507574 -0.0172621
v 0.0930883 0.00507574 -0.0179389
v 0.0929106 0.00558331 -0.0180257
v -0.0462754 -0.0104899 -0.0155702
v 0.0908866 0.000507574 -0.020056
v 0.087673 -0.00304544 -0.0216611
v 0.0863191 -0.00304544 -0.0223378
v 0.0849653 -0.0020303 -0.0230146
v 0.0852935 -0.00609089 -0.0223378
v 0.0854302 -0.00710604 -0.0220863
v 0.0856354 -0.011848 -0.0199692
v 0.0846234 -0.011848 -0.0199692
v 0.0849653 -0.0125247 -0.0196308
v 0.0839396 -0.0165853 -0.0165853
v -0.0462754 -0.0135399 -0.0135399
v 0.0918986 0.00456817 -0.0190409
v 0.087673 0.00304544 -0.0216611
v 0.0927465 0.00406059 -0.0186156
v 0.0859772 -0.00642927 0.0219994
v 0.0869892 -0.00338383 0.0219994
v -0.0462754 -0.0155702 0.0104899
v 0.0842815 -0.0196308 0.0125247
v 0.0847875 -0.0180257 0.0147242
v 0.0842815 -0.0165853 0.0165853
v 0.0842815 -0.0152318 0.0176416
v 0.0847875 -0.0147242 0.0180257
v 0.0858131 -0.0144681 0.0177697
v 0.0878371 -0.0144681 0.0167545
v 0.0858131 -0.0119303 0.0198
v 0.088849 -0.0104076 0.0187848
v 0.0858131 -0.00736211 0.0218303
v 0.0920627 -0.00439898 0.018954
v 0.0930883 -0.00541412 0.0179389
v 0.0934302 -0.00913633 0.0152318
v 0.0934302 -0.00507574 -0.0172621
v 0.0917345 -2.77556e-18 -0.0196308
v 0.0866473 -0.00609089 -0.0216611
v 0.0859772 -0.00609089 -0.0219994
v 0.0927465 -0.00406059 -0.0186156
v 0.0907089 -0.00507574 -0.0196308
v 0.0855533 -0.00761361 -0.0218303
v 0.0894918 -0.00609089 -0.020056
v 0.0855533 -0.0147242 -0.0177697
v 0.0860593 -0.0116788 -0.0198
v 0.0863191 -0.0121864 -0.0192924
v 0.0875772 -0.0147242 -0.0167545
v 0.0855533 -0.0177697 -0.0147242
v 0.0849653 -0.0196308 -0.0125247
v 0.0839396 -0.0196308 -0.0125247
v -0.0462754 -0.0155702 -0.0104899
v 0.0900388 -0.00541412 0.0199692
v -0.0462754 -0.0182772 0.00507574
v 0.0842815 -0.0199692 0.011848
v 0.0858131 -0.020056 0.0116788
v 0.0852935 -0.0196308 0.0125247
v 0.0863191 -0.0165853 0.0155702
v 0.0863191 -0.0155702 0.0165853
v 0.0898747 -0.0124379 0.0167545
v 0.0863191 -0.0121864 0.0192924
v 0.0878371 -0.0164984 0.0147242
v 0.0929106 -0.013453 0.0137091
v 0.0918986 -0.0104076 0.0167545
v 0.0908866 -0.00736211 0.0187848
v 0.0898747 -0.00634696 0.0198
v 0.0918986 -0.00532724 0.0187848
v 0.0929106 -0.00634696 0.0177697
v 0.0930883 -0.00947472 0.0159086
v 0.0931704 -0.0102795 0.0152318
v 0.0934302 -0.0121864 0.0132015
v 0.0934302 -0.00913633 -0.0152318
v 0.0931704 -0.00558331 -0.0177697
v 0.0930883 -0.00507574 -0.0179389
v 0.0917345 -0.00609089 -0.0186156
v 0.0896148 -0.00659846 -0.0198
v 0.0886029 -0.0106591 -0.0187848
v 0.0916524 -0.0106591 -0.0167545
v 0.0886029 -0.0137091 -0.0167545
v 0.0926644 -0.0137091 -0.0137091
v 0.0875772 -0.0167545 -0.0147242
v 0.0856354 -0.0199692 -0.011848
v 0.0846234 -0.0199692 -0.011848
v 0.0842815 -0.0213227 -0.00913633
v 0.0839396 -0.0206459 -0.0104899
v -0.0462754 -0.0182772 -0.00507574
v -0.0462754 -0.015808 -0.0100189
v 0.0842815 -0.0233576 0.00101515
v 0.0847875 -0.0231015 0.00253787
v 0.0847875 -0.0220863 0.00761361
v 0.0842815 -0.0213227 0.00913633
v 0.0852935 -0.0217068 0.00812119
v 0.0863191 -0.0217068 0.00710604
v 0.0873311 -0.0206916 0.00812119
v 0.088343 -0.0196719 0.00913633
v 0.0913926 -0.0176416 0.00913633
v 0.0918986 -0.0164984 0.0106591
v 0.0908866 -0.0164984 0.0116788
v 0.0898747 -0.0164984 0.0126939
v 0.0929106 -0.0154833 0.0106591
v 0.0931704 -0.0153598 0.0101515
v 0.0931704 -0.013325 0.0132015
v 0.0929106 -0.0104076 0.0157394
v 0.0934302 -0.0132015 0.0121864
v 0.0934302 -0.0121864 -0.0132015
v 0.0931704 -0.00964391 -0.0157394
v 0.0927465 -0.00913633 -0.0165853
v 0.0926644 -0.00659846 -0.0177697
v 0.0906268 -0.00761361 -0.0187848
v 0.0926644 -0.0106591 -0.0157394
v 0.0931704 -0.0126939 -0.0137091
v 0.0931704 -0.0137091 -0.0126939
v 0.0926644 -0.0157394 -0.0106591
v 0.0916524 -0.0167545 -0.0106591
v 0.0886029 -0.0167545 -0.0137091
v 0.0863191 -0.0192924 -0.0121864
v 0.0855533 -0.0218303 -0.00761361
v 0.0854302 -0.0220863 -0.00710604
v 0.0860593 -0.0198 -0.0116788
v 0.0844593 -0.0221686 -0.00693685
v 0.0842815 -0.0223378 -0.00609089
v 0.0842815 -0.0233576 -0.00101515
v 0.0868251 -0.0220863 0.00355302
v 0.0858131 -0.0220863 0.00659846
v 0.0852935 -0.0223378 0.00609089
v 0.0898747 -0.020056 0.00558331
v 0.0903806 -0.0196719 0.00609089
v 0.0924046 -0.0186568 0.00507574
v 0.0927465 -0.0165853 0.00913633
v 0.0918986 -0.017006 0.00964391
v 0.0931704 -0.0173901 0.00609089
v 0.0934302 -0.0152318 0.00913633
v 0.0934302 -0.0132015 -0.0121864
v 0.0931704 -0.0157394 -0.00964391
v 0.0927465 -0.0165853 -0.00913633
v 0.0906268 -0.0187848 -0.00761361
v 0.0886029 -0.0187848 -0.0106591
v 0.0926644 -0.0177697 -0.00659846
v 0.0896148 -0.0198 -0.00659846
v 0.0852935 -0.0223378 -0.00609089
v 0.0894918 -0.020056 -0.00609089
v 0.0866473 -0.0216611 -0.00609089
v 0.0859772 -0.0219994 -0.00609089
v 0.0849653 -0.0230146 -0.0020303
v 0.0863191 -0.0223378 -0.00304544
v 0.087673 -0.0216611 -0.00304544
v 0.0908866 -0.020056 0.000507574
v 0.087673 -0.0216611 0.00304544
v 0.0918986 -0.0190409 0.00456817
v 0.0927465 -0.0186156 0.00406059
v 0.0929106 -0.0180257 0.00558331
v 0.0930883 -0.0179389 0.00507574
v 0.0934302 -0.0172621 0.00507574
v 0.0934302 -0.0152318 -0.00913633
v 0.0931704 -0.0177697 -0.00558331
v 0.0917345 -0.0186156 -0.00609089
v 0.0907089 -0.0196308 -0.00507574
v 0.0927465 -0.0186156 -0.00406059
v 0.0917345 -0.0196308 -2.77556e-18
v 0.0934302 -0.0172621 -0.00507574
v 0.0930883 -0.0179389 -0.00507574
v -0.0746948 0.0277014 0.0126405
v -0.0724377 0.0260647 0.0159108
v -0.0724377 0.0270807 0.0138795
v -0.0721007 0.0274176 0.0132024
v -0.0711776 0.0273274 0.0126405
v -0.077912 0.0277014 0.0126405
v -0.0717638 0.0257251 0.0165878
v -0.080566 0.0260647 0.0159108
v -0.0717638 0.0267411 0.0145566
v -0.0705775 0.0269109 0.0137102
v -0.0685512 0.0269109 0.0126946
v -0.0686066 0.0269374 0.0126405
v -0.0926363 0.0271921 0.0126405
v -0.0802245 0.0274176 0.0132024
v -0.080566 0.0270807 0.0138795
v -0.0758256 0.0236958 0.0196347
v -0.0727792 0.0226798 0.0206504
v -0.0707483 0.0216639 0.0216642
v -0.066691 0.0247092 0.0165878
v -0.068722 0.0257251 0.0155722
v -0.0798875 0.0257251 0.0165878
v -0.0927517 0.0250487 0.0169264
v -0.0675357 0.0258949 0.0147259
v -0.0655048 0.0258949 0.0137102
v -0.0675911 0.0266854 0.0126405
v -0.0682742 0.0268552 0.0126405
v -0.0685419 0.0269215 0.0126405
v -0.0928625 0.0270807 0.0126405
v -0.0927517 0.0270807 0.0128639
v -0.0920732 0.0247092 0.0176035
v -0.0788721 0.0226798 0.0206504
v -0.0758256 0.0196319 0.0236955
v -0.0727792 0.0206479 0.0226799
v -0.0717638 0.0165866 0.0257268
v -0.066691 0.0165866 0.0247111
v -0.0646601 0.0196319 0.0216642
v -0.0655048 0.0208177 0.0208196
v -0.0677065 0.0216639 0.0206504
v -0.0646601 0.0216639 0.0196347
v -0.0646601 0.0247092 0.0155722
v -0.0655048 0.0248789 0.0157415
v -0.0931717 0.0248789 0.0167571
v -0.0931717 0.0228496 0.0187884
v -0.0927517 0.0220034 0.0199733
v -0.0920732 0.0236958 0.0186191
v -0.0634738 0.0248789 0.0147259
v -0.0642123 0.0258392 0.0126405
v -0.0645447 0.0259241 0.0126405
v -0.0931625 0.0269295 0.0126405
v -0.0931717 0.0269109 0.0126946
v -0.080903 0.0216639 0.0216642
v -0.0788721 0.0206479 0.0226799
v -0.0920732 0.0176026 0.0247111
v -0.0798875 0.0165866 0.0257268
v -0.0721007 0.0132044 0.0274195
v -0.0717638 0.0145546 0.0267424
v -0.068722 0.0155706 0.0257268
v -0.0655048 0.0157404 0.0248804
v -0.0646601 0.0155706 0.0247111
v -0.0626291 0.0186159 0.0216642
v -0.0604274 0.0198017 0.019804
v -0.0626291 0.0216639 0.0186191
v -0.093204 0.0268552 0.0126405
v -0.0934302 0.0243723 0.0162493
v -0.0934302 0.019295 0.0213275
v -0.0931717 0.0167564 0.0248804
v -0.0927517 0.0209874 0.0209889
v -0.0629384 0.0254148 0.0126405
v -0.0637 0.0256694 0.0126405
v -0.0614429 0.0218336 0.0177727
v -0.0604274 0.0228496 0.0157415
v -0.0594119 0.023863 0.0137102
v -0.0927517 0.0169235 0.0250497
v -0.080566 0.0159102 0.0260653
v -0.0751471 0.0111724 0.0284351
v -0.0721007 0.00812448 0.0294507
v -0.0700698 0.00711115 0.0294507
v -0.0700698 0.0121884 0.0274195
v -0.0644893 0.0106658 0.0269117
v -0.067028 0.0132044 0.0264039
v -0.0705775 0.0137111 0.0269117
v -0.0802245 0.0132044 0.0274195
v -0.0675357 0.0147244 0.025896
v -0.0655048 0.0137111 0.025896
v -0.0634738 0.0147244 0.0248804
v -0.0614429 0.0177697 0.0218335
v -0.0594119 0.0137111 0.0238648
v -0.057381 0.0137111 0.0228491
v -0.0563655 0.0167564 0.019804
v -0.057381 0.0187857 0.0187884
v -0.057381 0.0228496 0.0137102
v -0.0934302 0.0253883 0.0126405
v -0.0934302 0.0253883 0.014218
v -0.0934302 0.016247 0.0243726
v -0.0934302 0.0121884 0.0264039
v -0.0931717 0.0106658 0.0279273
v -0.0927517 0.0128649 0.0270809
v -0.0614983 0.0249081 0.0126405
v -0.0614429 0.0248789 0.0126946
v -0.0585903 0.023672 0.0126405
v -0.060012 0.0242821 0.0126405
v -0.080566 0.0138808 0.0270809
v -0.0781935 0.0111724 0.0284351
v -0.0741316 0.00304722 0.0304646
v -0.0802245 0.00812448 0.0294507
v -0.0721007 0.0010179 0.0304646
v -0.0690589 0.00609517 0.0294507
v -0.064997 0.00609517 0.0284351
v -0.0644893 0.00761782 0.0279273
v -0.0655048 0.0086338 0.0279273
v -0.0614429 0.0106658 0.025896
v -0.0624583 0.0116791 0.025896
v -0.0924101 0.0101565 0.0284351
v -0.0594119 0.0086338 0.025896
v -0.057381 0.0086338 0.0248804
v -0.05535 0.0106658 0.0228491
v -0.0543346 0.0116791 0.0218335
v -0.0543346 0.0137111 0.0208196
v -0.0523036 0.0167564 0.0167571
v -0.0563655 0.0198017 0.0167571
v -0.0543346 0.0208177 0.0137102
v -0.0552393 0.0217779 0.0126405
v -0.0565917 0.0226215 0.0126405
v -0.0934302 0.0233563 0.0126405
v -0.0934302 0.0101565 0.0274195
v -0.0934302 0.00711115 0.0284351
v -0.0931717 0.00761782 0.0289429
v -0.0927517 0.00778759 0.0291122
v -0.0927517 0.0108329 0.0280966
v -0.0781935 0.00304722 0.0304646
v -0.0924101 0.00711115 0.0294507
v -0.0721007 0.000601427 0.0304646
v -0.0712052 0.000601427 0.030346
v -0.0660125 0.0010179 0.0294507
v -0.067028 0.00304722 0.0294507
v -0.0639816 0.0040632 0.0284351
v -0.0619506 0.00609517 0.0274195
v -0.0614429 0.00761782 0.0269117
v -0.0599197 0.00711115 0.0264039
v -0.0585672 0.00744804 0.0257268
v -0.0565363 0.00744804 0.0247111
v -0.0567025 0.00829426 0.0245419
v -0.0546715 0.0103262 0.0225106
v -0.0504389 0.00744804 0.0206504
v -0.0512882 0.0086338 0.0208196
v -0.0523036 0.0126951 0.019804
v -0.0492572 0.0116791 0.0177727
v -0.0462754 0.0135413 0.013541
v -0.0523036 0.0198017 0.0126946
v -0.0523036 0.0198017 0.0126405
v -0.0933148 0.0224544 0.0126405
v -0.0934302 0.0223403 0.0132024
v -0.0934302 0.000601427 0.0284351
v -0.0931487 0.000601427 0.0298643
v -0.0930886 0.00711115 0.0291122
v -0.0927148 0.000601427 0.0301645
v -0.0802245 0.00203123 0.0304646
v -0.0927886 0.000601427 0.0301278
v -0.0816554 0.000601427 0.0304646
v -0.0660125 0.000601427 0.0294507
v -0.0629661 0.0010179 0.0284351
v -0.0609351 0.00304722 0.0274195
v -0.0578887 0.0010179 0.0264039
v -0.0575518 0.00440275 0.0257268
v -0.0555208 0.00440275 0.0247111
v -0.0524744 0.00541873 0.0226799
v -0.0526406 0.00626494 0.0225106
v -0.0514543 0.00643206 0.0216642
v -0.0462754 0.00507918 0.0182806
v -0.0462754 0.00551953 0.0180607
v -0.0462754 0.00653552 0.0175529
v -0.0462754 0.00981956 0.0159108
v -0.0462754 0.010496 0.0155722
v -0.0462754 0.0138808 0.0128639
v -0.0462754 0.0139923 0.0126405
v -0.093144 0.000601427 0.0256744
v -0.0934302 0.00203123 0.0253882
v -0.0863496 0.000601427 0.0126405
v -0.0934302 0.000601427 0.0264039
v -0.0929409 0.000601427 0.030051
v -0.0812399 0.0010179 0.0304646
v -0.0629661 0.000601427 0.0284351
v -0.0600397 0.000601427 0.0272991
v -0.0583041 0.000601427 0.0266098
v -0.0578887 0.000601427 0.0264039
v -0.0572102 0.000678356 0.0260653
v -0.0565363 0.00135479 0.0257268
v -0.0534899 0.00338676 0.0236955
v -0.0494234 0.00440275 0.0206504
v -0.0504389 0.00237078 0.0216642
v -0.0515097 0.000601427 0.0226275
v -0.0462754 0.000601427 0.0182806
v -0.0462754 0.000601427 0.0126405
v -0.0572102 0.000601427 0.0260653
v -0.0565363 0.000601427 0.0257268
v -0.0545561 0.000601427 0.0246588
v -0.0462754 0.000598675 0.0182808
v -0.0462754 -0.0050796 0.0182808
v -0.0462754 0.000598675 0.0130067
v -0.0515097 0.000598675 0.022627
v -0.0514543 0.000337194 0.0226799
v -0.0492572 -0.0114267 0.0177732
v -0.0462754 -0.00846509 0.0165889
v -0.0534899 -0.00270975 0.0236951
v -0.0524744 -0.00474105 0.0226799
v -0.0531483 -0.00541814 0.0230183
v -0.0511174 -0.00744944 0.020988
v -0.0512882 -0.00837976 0.0208188
v -0.0523036 -0.0124424 0.0198036
v -0.0462754 -0.0138076 0.0130067
v -0.0859111 0.000598675 0.0130067
v -0.0545561 0.000598675 0.024659
v -0.0545054 0.000337194 0.0247103
v -0.0462754 -0.0135406 0.0135416
v -0.0462754 -0.0104964 0.015572
v -0.0541638 -0.00338685 0.0240335
v -0.0533191 -0.00634847 0.0228491
v -0.0572102 -0.00744944 0.0250487
v -0.0543346 -0.0114267 0.021834
v -0.0523036 -0.0165022 0.0167581
v -0.0543346 -0.013458 0.0208188
v -0.0543346 -0.0205648 0.0137108
v -0.0526175 -0.0193923 0.0130067
v -0.0931717 -0.0213933 0.0130067
v -0.093144 0.000598675 0.0256742
v -0.0565363 0.000598675 0.0257255
v -0.0572102 0.000598675 0.0260656
v -0.0551793 -0.000339905 0.0250487
v -0.0572102 -0.00135555 0.0260656
v -0.0561947 -0.0044025 0.0250487
v -0.057381 -0.00837976 0.0248795
v -0.0592412 -0.00744944 0.0260656
v -0.057381 -0.013458 0.0228491
v -0.0538268 -0.0172619 0.0172657
v -0.0563655 -0.0165022 0.0198036
v -0.0563655 -0.0195491 0.0167581
v -0.057381 -0.0225933 0.0137108
v -0.0570671 -0.0226346 0.0130067
v -0.0540207 -0.0206033 0.0130067
v -0.0934302 -0.0225355 0.0130067
v -0.0934302 0.000598675 0.026404
v -0.0578887 0.000598675 0.026404
v -0.0599197 -1.35602e-06 0.0274191
v -0.0592412 -0.000339905 0.0270807
v -0.0594119 -0.00837976 0.0258964
v -0.0612721 -0.00643379 0.0270807
v -0.0599197 -0.00825315 0.0261493
v -0.057381 -0.0185335 0.0187884
v -0.0594119 -0.013458 0.0238643
v -0.0604274 -0.0195491 0.0198036
v -0.0594119 -0.0205648 0.0177732
v -0.0589042 -0.0237383 0.0132032
v -0.0576949 -0.0230255 0.0130067
v -0.0934302 -0.0255825 0.0130067
v -0.0934302 0.000598675 0.0284343
v -0.0583041 0.000598675 0.0266108
v -0.0600397 0.000598675 0.0272978
v -0.0629661 0.000598675 0.0284343
v -0.0629661 -0.001017 0.0284343
v -0.0619506 -0.00609524 0.0274191
v -0.0599197 -0.0133314 0.024119
v -0.0624583 -0.0114267 0.0258964
v -0.0619506 -0.0072375 0.0271645
v -0.064997 -0.0072375 0.0281814
v -0.0629661 -0.0113001 0.0261493
v -0.0614429 -0.0175178 0.021834
v -0.0634738 -0.0144709 0.0248795
v -0.0629661 -0.0186161 0.0216665
v -0.064997 -0.0196317 0.0216665
v -0.0614429 -0.0200556 0.0198036
v -0.0619506 -0.0206914 0.019296
v -0.0629661 -0.0227227 0.0172657
v -0.0604274 -0.0241182 0.0137108
v -0.0590981 -0.0238842 0.0130067
v -0.0588396 -0.0237301 0.0130067
v -0.0619506 -0.0237383 0.0152336
v -0.0934302 -0.025387 0.0142184
v -0.0932456 -0.0264027 0.0130067
v -0.0934302 -1.35602e-06 0.0294495
v -0.0931717 0.000505093 0.0299571
v -0.0931487 0.000598675 0.0298648
v -0.0660125 0.000598675 0.0294495
v -0.0660125 -0.001017 0.0294495
v -0.0639816 -0.00406395 0.0284343
v -0.064997 -0.00609524 0.0284343
v -0.0639816 -0.0143443 0.0251341
v -0.0690589 -0.0072375 0.0291965
v -0.0660125 -0.00825315 0.0281814
v -0.064997 -0.0102844 0.0271645
v -0.0660125 -0.0133314 0.0261493
v -0.064997 -0.0155691 0.0247103
v -0.0665202 -0.0210712 0.0208188
v -0.064997 -0.021663 0.0196344
v -0.067028 -0.0165848 0.0247103
v -0.0710852 -0.021663 0.0216665
v -0.0629661 -0.021663 0.0186192
v -0.064997 -0.0227227 0.0182808
v -0.067028 -0.02471 0.0165889
v -0.064997 -0.02471 0.015572
v -0.0644893 -0.0251338 0.014726
v -0.0665202 -0.0261495 0.0137108
v -0.0651909 -0.0259155 0.0130067
v -0.0934302 -0.0243714 0.0162488
v -0.0931394 -0.0266752 0.0130067
v -0.0930886 -0.0260641 0.0145568
v -0.0930886 -0.0250485 0.0165889
v -0.0930886 -1.35602e-06 0.0301263
v -0.0934302 -0.00711089 0.0284343
v -0.0929409 0.000598675 0.0300511
v -0.0712052 0.000598675 0.030345
v -0.0710852 -1.35602e-06 0.0304664
v -0.067028 -0.0030483 0.0294495
v -0.0690589 -0.00609524 0.0294495
v -0.0660125 -0.0153599 0.0251341
v -0.0700698 -0.00711089 0.0294495
v -0.067028 -0.0132048 0.026404
v -0.0710852 -0.00825315 0.0291965
v -0.0700698 -0.0102844 0.0281814
v -0.0680434 -0.0143443 0.0261493
v -0.067028 -0.021707 0.0203112
v -0.0690589 -0.0155691 0.0257255
v -0.0721007 -0.0165848 0.0257255
v -0.0761626 -0.0236943 0.0196344
v -0.0731162 -0.0226787 0.0206496
v -0.0721007 -0.0257256 0.0165889
v -0.0731162 -0.0206474 0.0226799
v -0.0761626 -0.0196317 0.0236951
v -0.0812399 -0.021663 0.0216665
v -0.0665202 -0.0251338 0.0157412
v -0.0710852 -0.0257669 0.0162488
v -0.0685512 -0.0261495 0.014726
v -0.071593 -0.0271651 0.0137108
v -0.0692528 -0.0269312 0.0130067
v -0.067028 -0.026477 0.0130067
v -0.0934302 -0.0233558 0.0172657
v -0.0931717 -0.0243714 0.0173921
v -0.0929594 -0.0268321 0.0130067
v -0.0928717 -0.0268926 0.0130067
v -0.0929179 -0.0258963 0.0149807
v -0.0929179 -0.0248806 0.017011
v -0.0930886 -0.00711089 0.0291111
v -0.0929179 -0.000507803 0.0302117
v -0.0924101 -1.35602e-06 0.0304664
v -0.0927148 0.000598675 0.0301656
v -0.0934302 -0.0101578 0.0274191
v -0.0721007 0.000598675 0.0304664
v -0.0741316 -0.0030483 0.0304664
v -0.0721007 -0.00812654 0.0294495
v -0.0721007 -0.0132048 0.0274191
v -0.0690589 -0.0142149 0.026404
v -0.0690589 -0.014892 0.0260656
v -0.0721007 -0.0159077 0.0260656
v -0.0802245 -0.0165848 0.0257255
v -0.079209 -0.0226787 0.0206496
v -0.0924101 -0.02471 0.017604
v -0.0802245 -0.0257256 0.0165889
v -0.0744271 -0.0275174 0.0130067
v -0.071593 -0.0261495 0.0157412
v -0.0924101 -0.0176004 0.0247103
v -0.079209 -0.0206474 0.0226799
v -0.0924101 -0.0206474 0.0216665
v -0.0680434 -0.0257669 0.0152336
v -0.0721007 -0.0274183 0.0132032
v -0.0721007 -0.0274183 0.0130067
v -0.0934302 -0.0192932 0.0213281
v -0.0931717 -0.0213245 0.0204394
v -0.0924101 -0.0270082 0.0130067
v -0.0924101 -0.0267412 0.0135416
v -0.0924101 -0.0250485 0.0169273
v -0.0930886 -0.0101578 0.0280959
v -0.0929179 -0.00761734 0.0291965
v -0.0924101 -0.00711089 0.0294495
v -0.0781935 -0.0030483 0.0304664
v -0.0816554 0.000598675 0.0304664
v -0.0934302 -0.0121891 0.026404
v -0.0931717 -0.0111735 0.0275456
v -0.0751471 -0.0111735 0.0284343
v -0.0802245 -0.00812654 0.0294495
v -0.0787013 -0.0116799 0.0281814
v -0.0802245 -0.0132048 0.0274191
v -0.0802245 -0.0159077 0.0260656
v -0.0807322 -0.0157398 0.0261493
v -0.0802245 -0.0274183 0.0132032
v -0.0781935 -0.0275174 0.0130067
v -0.0733147 -0.0274927 0.0130067
v -0.0929179 -0.0167554 0.0251341
v -0.0931717 -0.0172619 0.0244984
v -0.0931717 -0.0203088 0.0214545
v -0.0934302 -0.0162462 0.0243719
v -0.0929179 -0.0106643 0.0281814
v -0.0924101 -0.0101578 0.0284343
v -0.0931717 -0.0132048 0.0265304
v -0.0781935 -0.0111735 0.0284343
v -0.0807322 -0.0137085 0.0271645
v -0.0770442 0.017693 -0.0246671
v -0.0761626 0.019635 -0.0236958
v -0.0761626 0.017693 -0.0246671
v -0.0924101 0.017693 -0.024532
v -0.079209 0.0206503 -0.0226769
v -0.0812399 0.0216657 -0.0216618
v -0.079209 0.0226811 -0.0206466
v -0.0761626 0.0236964 -0.0196314
v -0.0731162 0.0226811 -0.0206466
v -0.0710852 0.0216657 -0.0216618
v -0.0731162 0.0206503 -0.0226769
v -0.0708175 0.017693 -0.024532
v -0.0756549 0.0187884 -0.0241157
v -0.0931717 0.017693 -0.0240719
v -0.0924101 0.0186184 -0.0236958
v -0.0924101 0.0236964 -0.0186162
v -0.0924101 0.0247106 -0.0176011
v -0.0721007 0.0257259 -0.0165859
v -0.0802245 0.0257259 -0.0165859
v -0.0690589 0.0182807 -0.0237359
v -0.067028 0.0247106 -0.0165859
v -0.064997 0.0216657 -0.0196314
v -0.0665202 0.0208191 -0.0210702
v -0.067028 0.0203115 -0.0217056
v -0.064997 0.0182807 -0.0227208
v -0.0667603 0.017693 -0.0235168
v -0.0934302 0.017693 -0.0229289
v -0.0934302 0.0203115 -0.0203106
v -0.0931717 0.0214544 -0.0203106
v -0.0931717 0.0244992 -0.0172615
v -0.0929179 0.0251345 -0.0167539
v -0.0721007 0.0267425 -0.0145555
v -0.0690589 0.0257259 -0.0155707
v -0.0807322 0.0261498 -0.0157387
v -0.0802245 0.0267425 -0.0145555
v -0.0660125 0.0251345 -0.0153589
v -0.064997 0.0247106 -0.0155707
v -0.0629661 0.0216657 -0.0186162
v -0.0614429 0.0198038 -0.020055
v -0.064997 0.019635 -0.0216618
v -0.0629661 0.0186184 -0.0216618
v -0.0625368 0.017693 -0.0221876
v -0.0655832 0.017693 -0.0232028
v -0.0934302 0.017693 -0.0188646
v -0.0934302 0.0243729 -0.0162463
v -0.0931717 0.0275466 -0.0111704
v -0.0929179 0.0281805 -0.0106628
v -0.0751471 0.0284344 -0.0111704
v -0.0721007 0.027419 -0.0132008
v -0.0690589 0.0264037 -0.0142159
v -0.0680434 0.0261498 -0.0143437
v -0.0807322 0.0271652 -0.0137083
v -0.0781935 0.0284344 -0.0111704
v -0.0639816 0.0251345 -0.0143437
v -0.0634738 0.0248806 -0.0144679
v -0.0614429 0.0218345 -0.0175171
v -0.0604274 0.0198038 -0.0195474
v -0.0619506 0.0192961 -0.0206904
v -0.0605059 0.017693 -0.0211724
v -0.0932825 0.017693 -0.0182036
v -0.0922993 0.0214381 0.0126388
v -0.0929086 0.0218458 0.0126388
v -0.0929779 0.0219458 0.0126388
v -0.0933148 0.0224547 0.0126388
v -0.0934302 0.0233576 0.0126388
v -0.0934302 0.027419 -0.0101552
v -0.0930886 0.0280955 -0.0101552
v -0.0930886 0.0291121 -0.00710605
v -0.0929179 0.0291959 -0.00761363
v -0.0924101 0.0284344 -0.0101552
v -0.0721007 0.0294498 -0.00812122
v -0.0710852 0.0284344 -0.0101552
v -0.0710852 0.0271652 -0.0133286
v -0.0660125 0.0261498 -0.0133286
v -0.0802245 0.0294498 -0.00812122
v -0.0629661 0.0261498 -0.0112946
v -0.0599197 0.0241191 -0.0133286
v -0.0594119 0.0238665 -0.0134527
v -0.0604274 0.0228499 -0.0154867
v -0.0583965 0.0218345 -0.0154867
v -0.057381 0.0187884 -0.0185323
v -0.0594119 0.0177731 -0.0205626
v -0.0594904 0.017693 -0.0206247
v -0.0931717 0.017693 -0.0177252
v -0.0822554 0.017693 0.0126388
v -0.0934302 0.0253883 0.0126388
v -0.0934302 0.0284344 -0.00710605
v -0.0930886 0.0301275 -3.46941e-06
v -0.0929179 0.0302113 -0.000511057
v -0.0924101 0.0304664 -3.46941e-06
v -0.0924101 0.0294498 -0.00710605
v -0.0741316 0.0304664 -0.003049
v -0.0700698 0.0294498 -0.00710605
v -0.0660125 0.027419 -0.0101552
v -0.064997 0.0271652 -0.0102794
v -0.0781935 0.0304664 -0.003049
v -0.0624583 0.025896 -0.0114224
v -0.0599197 0.0261498 -0.00824903
v -0.0594119 0.025896 -0.00837684
v -0.057381 0.0248806 -0.00837684
v -0.057381 0.0228499 -0.0134527
v -0.0563655 0.0198038 -0.0165019
v -0.0542515 0.017693 -0.0170497
v -0.0545746 0.017693 -0.0172907
v -0.056444 0.017693 -0.0186528
v -0.0502173 0.017693 0.0126388
v -0.0934302 0.0264037 0.0121859
v -0.093204 0.0268563 0.0126388
v -0.0934302 0.0294498 -3.46941e-06
v -0.0931717 0.0299574 0.00050777
v -0.0930886 0.0291121 0.00710641
v -0.0924101 0.0294498 0.00710641
v -0.0781935 0.0304664 0.00304571
v -0.0700698 0.0304664 -3.46941e-06
v -0.0690589 0.0294498 -0.00609087
v -0.0690589 0.0291959 -0.00723386
v -0.0660125 0.0281805 -0.00824903
v -0.0592412 0.0260648 -0.00744566
v -0.0619506 0.0271652 -0.00723386
v -0.0572102 0.0250494 -0.00744566
v -0.05535 0.0238665 -0.00736167
v -0.0563655 0.0238665 -0.00939202
v -0.0543346 0.0218345 -0.0114224
v -0.0543346 0.0208191 -0.0134527
v -0.0540392 0.017693 -0.0168342
v -0.0501896 0.017693 0.0126132
v -0.0502173 0.0177168 0.0126388
v -0.0934302 0.027419 0.0101519
v -0.0931625 0.0269301 0.0126388
v -0.0931717 0.0279267 0.0106632
v -0.0934302 0.0284344 0.00710641
v -0.0931717 0.0289421 0.007614
v -0.0927517 0.0291121 0.00778563
v -0.0924101 0.0284344 0.0101519
v -0.0802245 0.0294498 0.00812159
v -0.0741316 0.0304664 0.00304571
v -0.0700698 0.0294498 0.00710641
v -0.0690589 0.0294498 0.00609124
v -0.067028 0.0294498 0.00304571
v -0.0660125 0.0294498 0.00101536
v -0.0660125 0.0294498 -0.00101865
v -0.067028 0.0294498 -0.003049
v -0.064997 0.0284344 -0.00609087
v -0.064997 0.0281805 -0.00723386
v -0.0582257 0.0260648 -0.00440378
v -0.0612721 0.0270802 -0.00643048
v -0.0619506 0.027419 -0.00609087
v -0.0561947 0.0250494 -0.00440378
v -0.0551793 0.0240353 -0.00643048
v -0.0531483 0.0230199 -0.00541896
v -0.0533191 0.0228499 -0.00634649
v -0.0512882 0.0208191 -0.00837684
v -0.0523036 0.0198038 -0.0124375
v -0.0492572 0.0177731 -0.0114224
v -0.0493357 0.017693 -0.0115429
v -0.0493357 0.017693 0.0117587
v -0.0492572 0.0177731 0.0116784
v -0.0502727 0.0177731 0.0126388
v -0.0928625 0.0270802 0.0126388
v -0.0927517 0.0280955 0.0108312
v -0.0781935 0.0284344 0.0111708
v -0.0721007 0.0294498 0.00812159
v -0.0700698 0.027419 0.0121859
v -0.0644893 0.0269113 0.0106632
v -0.0655048 0.0279267 0.00862917
v -0.0661833 0.0282656 0.00795361
v -0.0651678 0.0282656 0.00693843
v -0.064997 0.0284344 0.00609124
v -0.0639816 0.0284344 0.00406088
v -0.0629661 0.0284344 0.00101536
v -0.0629661 0.0284344 -0.00101865
v -0.0639816 0.0284344 -0.00406417
v -0.0602566 0.0270802 -0.00338861
v -0.0578887 0.0264037 -0.00101865
v -0.0572102 0.0260648 -0.0013546
v -0.0609351 0.027419 -0.003049
v -0.0541638 0.0240353 -0.00338861
v -0.0524744 0.0226811 -0.00473974
v -0.0462754 0.0182807 -0.00507935
v -0.0521329 0.0220046 -0.00643048
v -0.0511174 0.020988 -0.00744566
v -0.0462754 0.0177505 -0.00613834
v -0.0462754 0.017693 -0.00625155
v -0.0492157 0.017693 -0.0114041
v -0.0492572 0.017693 0.0116784
v -0.0462754 0.017693 0.00625191
v -0.0462754 0.0182807 0.00507606
v -0.0504389 0.0206503 0.00744602
v -0.0512882 0.0208191 0.00862917
v -0.0514543 0.019635 0.0115067
v -0.0523036 0.0198038 0.0126388
v -0.0522483 0.0197488 0.0126388
v -0.0926363 0.0271927 0.0126388
v -0.0785351 0.0280955 0.0118463
v -0.077912 0.0277004 0.0126388
v -0.0751471 0.0284344 0.0111708
v -0.0711776 0.027329 0.0126388
v -0.0686066 0.0269389 0.0126388
v -0.0665202 0.0269113 0.0116784
v -0.0624583 0.025896 0.0116784
v -0.0614429 0.025896 0.0106632
v -0.0644893 0.0279267 0.007614
v -0.0619506 0.027419 0.00609124
v -0.0609351 0.027419 0.00304571
v -0.0599197 0.027419 -3.46941e-06
v -0.0551793 0.0250494 -0.000339427
v -0.0592412 0.0270802 -0.000339427
v -0.0545054 0.0247106 0.000336139
v -0.0534899 0.0236964 -0.00270939
v -0.0514543 0.0226811 0.000336139
v -0.0494234 0.0206503 0.00440049
v -0.0524744 0.0226811 0.00541567
v -0.0514543 0.0216657 0.00643084
v -0.0546715 0.0225123 0.0103236
v -0.0543346 0.0218345 0.0116784
v -0.0552393 0.0217795 0.0126388
v -0.0746948 0.0277004 0.0126388
v -0.0682742 0.0268563 0.0126388
v -0.0645447 0.0259235 0.0126388
v -0.0644801 0.0259072 0.0126388
v -0.0642123 0.0258397 0.0126388
v -0.0635292 0.0256134 0.0126388
v -0.0629384 0.0254158 0.0126388
v -0.0614983 0.0249081 0.0126388
v -0.060012 0.0242816 0.0126388
v -0.0585903 0.0236739 0.0126388
v -0.0614429 0.0269113 0.007614
v -0.0594119 0.025896 0.00862917
v -0.0599197 0.0264037 0.00710641
v -0.0578887 0.0264037 0.00101536
v -0.0572102 0.0260648 0.000675748
v -0.0565363 0.0257259 0.00135132
v -0.0534899 0.0236964 0.00338167
v -0.0545054 0.0236964 0.00643084
v -0.0546715 0.0235276 0.00727804
v -0.055687 0.0235276 0.00930839
v -0.0563655 0.0238665 0.00964435
v -0.05535 0.0228499 0.0106632
v -0.0565363 0.0226811 0.0125219
v -0.0565917 0.0226248 0.0126388
v -0.057381 0.0248806 0.00862917
v -0.0585672 0.0257259 0.00744602
v -0.0575518 0.0257259 0.00440049
v -0.0555208 0.0247106 0.00440049
v -0.0565363 0.0247106 0.00744602
v -0.0567025 0.0245417 0.00829322
v -0.0800906 -0.0155065 -0.0262675
v -0.080566 -0.0165887 -0.0257255
v -0.0927517 -0.0155724 -0.0257255
v -0.0926871 -0.0155065 -0.0257562
v -0.0719669 -0.0155065 -0.0262675
v -0.0927517 -0.0176035 -0.0247106
v -0.0724377 -0.0165887 -0.0257255
v -0.0765042 -0.0196345 -0.0236956
v -0.0934302 -0.0162489 -0.0243723
v -0.0931717 -0.0155065 -0.0251296
v -0.0927655 -0.0155065 -0.025737
v -0.0693312 -0.0155065 -0.0257562
v -0.0717638 -0.0159107 -0.0260638
v -0.0927517 -0.0186197 -0.0236956
v -0.0932594 -0.0170953 -0.0242031
v -0.0795506 -0.0206508 -0.0226769
v -0.0815815 -0.0216656 -0.021662
v -0.0673649 -0.0165887 -0.0247106
v -0.0714222 -0.0216656 -0.021662
v -0.0734577 -0.0206508 -0.0226769
v -0.0734577 -0.0226819 -0.020647
v -0.0795506 -0.0226819 -0.020647
v -0.0934302 -0.0155065 -0.0243723
v -0.0934302 -0.0172652 -0.0233573
v -0.0668895 -0.0155065 -0.0252488
v -0.066691 -0.0159107 -0.0250489
v -0.0927517 -0.0247114 -0.0176023
v -0.0932594 -0.0181116 -0.0231882
v -0.0646601 -0.018958 -0.0220003
v -0.065334 -0.0196345 -0.021662
v -0.066691 -0.0209891 -0.0209853
v -0.0724377 -0.0257262 -0.0165835
v -0.0673649 -0.0247114 -0.0165835
v -0.0765042 -0.0236952 -0.0196321
v -0.0934302 -0.0155065 -0.0203087
v -0.0934302 -0.0233569 -0.017264
v -0.066211 -0.0155065 -0.0250988
v -0.0657586 -0.0157423 -0.0248797
v -0.0927517 -0.0277573 -0.0115089
v -0.0934302 -0.0264028 -0.0121856
v -0.0934302 -0.025388 -0.0142154
v -0.0932594 -0.0242033 -0.0170948
v -0.080566 -0.0257262 -0.0165835
v -0.080566 -0.0267425 -0.0145537
v -0.0637277 -0.0187881 -0.0218311
v -0.0657586 -0.0208192 -0.0208162
v -0.065334 -0.0216656 -0.0196321
v -0.0717638 -0.0260645 -0.0159069
v -0.0724377 -0.0267425 -0.0145537
v -0.066691 -0.0250497 -0.0159069
v -0.0934302 -0.0225383 0.0130067
v -0.0931717 -0.0213961 0.0130067
v -0.0927332 -0.0210784 0.0130067
v -0.0822554 -0.0155065 0.0130067
v -0.0934302 -0.0243717 -0.0162452
v -0.0658186 -0.0155065 -0.024995
v -0.0607413 -0.0155065 -0.0229652
v -0.0606813 -0.0157423 -0.022846
v -0.0616967 -0.0177733 -0.0218311
v -0.0924101 -0.0284338 -0.0101519
v -0.0924101 -0.0294501 -0.00710712
v -0.0927517 -0.0287736 -0.00846034
v -0.0930886 -0.0291118 -0.00676881
v -0.0930886 -0.0280956 -0.00981357
v -0.0934302 -0.027419 -0.0101519
v -0.0802245 -0.027419 -0.0132005
v -0.0606813 -0.0198044 -0.0198013
v -0.0637277 -0.0218355 -0.0187864
v -0.0646601 -0.0220039 -0.0189555
v -0.068722 -0.0260645 -0.014892
v -0.0717638 -0.0270808 -0.0138771
v -0.0657586 -0.0248799 -0.0157378
v -0.0646601 -0.0250497 -0.014892
v -0.0934302 -0.0255827 0.0130067
v -0.0489064 -0.0155065 0.0130067
v -0.0587103 -0.0155065 -0.0219503
v -0.0586503 -0.0157423 -0.0218311
v -0.0781935 -0.0284338 -0.0111706
v -0.0802245 -0.0294501 -0.00812204
v -0.0924101 -0.0304664 -2.69742e-06
v -0.0781935 -0.0304664 -0.00304745
v -0.0930886 -0.0301266 0.000335608
v -0.0934302 -0.0294501 -2.69742e-06
v -0.0934302 -0.0284338 -0.00710712
v -0.0616967 -0.0218355 -0.0177714
v -0.0576349 -0.0187881 -0.0187864
v -0.0596658 -0.0208192 -0.0177714
v -0.066691 -0.0260645 -0.0138771
v -0.0721007 -0.027419 -0.0132005
v -0.0700698 -0.027419 -0.0121856
v -0.0637277 -0.0248799 -0.0147228
v -0.0657586 -0.0258961 -0.0137079
v -0.0934302 -0.0264028 0.012184
v -0.0932456 -0.0264028 0.0130067
v -0.0495665 -0.016347 0.0130067
v -0.0482556 -0.0155065 0.0126799
v -0.0556639 -0.0155065 -0.0199166
v -0.0556039 -0.0157423 -0.0198013
v -0.0566194 -0.0167571 -0.0198013
v -0.0751471 -0.0284338 -0.0111706
v -0.0721007 -0.0294501 -0.00812204
v -0.0924101 -0.0294501 0.00710557
v -0.0930886 -0.0291118 0.00744388
v -0.0781935 -0.0304664 0.0030459
v -0.0741316 -0.0304664 -0.00304745
v -0.0934302 -0.0284338 0.00710557
v -0.0576349 -0.0228503 -0.0137079
v -0.0596658 -0.0238651 -0.0137079
v -0.0538268 -0.0172652 -0.017264
v -0.0566194 -0.0198044 -0.0167527
v -0.0658879 -0.0261495 -0.0132005
v -0.0656755 -0.0270808 -0.0108323
v -0.0700698 -0.0294501 -0.00710712
v -0.0627122 -0.0258961 -0.0116781
v -0.0638569 -0.0251347 -0.0142154
v -0.0647432 -0.0269109 -0.0106632
v -0.0934302 -0.027419 0.0101542
v -0.0930886 -0.0270808 0.0125223
v -0.0931394 -0.0266752 0.0130067
v -0.050582 -0.0173633 0.0130067
v -0.0492572 -0.0165037 0.0126915
v -0.0492572 -0.0175185 0.0116765
v -0.0462754 -0.0155724 0.0104925
v -0.0462754 -0.0155065 0.0105232
v -0.0515467 -0.0155065 -0.0164951
v -0.0525575 -0.0167571 -0.0167527
v -0.0924101 -0.0284338 0.0101542
v -0.0802245 -0.0294501 0.00812433
v -0.0930886 -0.0280956 0.0104925
v -0.0741316 -0.0304664 0.0030459
v -0.0700698 -0.0304664 -2.69742e-06
v -0.0576349 -0.0248799 -0.0086295
v -0.0596658 -0.0258961 -0.0086295
v -0.0545884 -0.0208192 -0.0137079
v -0.0545884 -0.0218355 -0.0116781
v -0.0556039 -0.0228503 -0.0106632
v -0.0597904 -0.0241184 -0.0132005
v -0.0648724 -0.0271657 -0.0101519
v -0.0658879 -0.0281805 -0.00812204
v -0.067028 -0.0284338 -0.00812204
v -0.0689343 -0.0291968 -0.00710712
v -0.0690589 -0.0294501 -0.00609605
v -0.0616967 -0.0258961 -0.0106632
v -0.0618214 -0.0261495 -0.0101519
v -0.0628415 -0.0261495 -0.0111706
v -0.0928717 -0.0268948 0.0130067
v -0.0929179 -0.0269109 0.0129452
v -0.0929594 -0.0268333 0.0130067
v -0.0526175 -0.0193944 0.0130067
v -0.0523036 -0.0195496 0.0126915
v -0.0512882 -0.0185348 0.0126915
v -0.0492572 -0.0180267 0.0106616
v -0.0514543 -0.0196345 0.0111691
v -0.0462754 -0.0165887 0.00846264
v -0.0462754 -0.0155065 -0.0105248
v -0.0462754 -0.0155724 -0.0104902
v -0.0495111 -0.0177733 -0.0116781
v -0.0525575 -0.0198044 -0.012693
v -0.0924101 -0.027009 0.0130067
v -0.0929179 -0.0279272 0.0109154
v -0.0781935 -0.0284338 0.0111691
v -0.0781935 -0.0275172 0.0130067
v -0.0721007 -0.0294501 0.00812433
v -0.0700698 -0.0294501 0.00710557
v -0.0690589 -0.0294501 0.00609065
v -0.067028 -0.0294501 -0.00304745
v -0.0660125 -0.0294501 -0.00101762
v -0.0660125 -0.0294501 0.00101222
v -0.067028 -0.0294501 0.0030459
v -0.0577595 -0.0251347 -0.00812204
v -0.0565363 -0.0247114 -0.00710712
v -0.0597904 -0.0261495 -0.00812204
v -0.0534899 -0.0216656 -0.0101519
v -0.0545054 -0.0226819 -0.00913696
v -0.0514543 -0.0196345 -0.0111706
v -0.0618214 -0.0271657 -0.00710712
v -0.0648724 -0.0281805 -0.00710712
v -0.064997 -0.0284338 -0.00609605
v -0.0540207 -0.0206054 0.0130067
v -0.0523036 -0.0200577 0.0116765
v -0.0543346 -0.021074 0.0126915
v -0.0462754 -0.01828 0.00507573
v -0.0462754 -0.0171188 0.00740159
v -0.0528114 -0.0206918 0.0111691
v -0.0504389 -0.0206508 0.00710557
v -0.0462754 -0.0158096 -0.0100173
v -0.0462754 -0.0159619 -0.00971361
v -0.0462754 -0.0176035 -0.00643435
v -0.0462754 -0.01828 -0.00508113
v -0.0751471 -0.0284338 0.0111691
v -0.0744271 -0.0275172 0.0130067
v -0.071593 -0.0291968 0.00863179
v -0.0721007 -0.027419 0.0130067
v -0.0685512 -0.0291968 0.00659811
v -0.0644893 -0.0281805 0.00659811
v -0.0665202 -0.0281805 0.00863179
v -0.0695666 -0.0291968 0.00761303
v -0.064997 -0.0284338 0.00609065
v -0.0639816 -0.0284338 -0.00406237
v -0.0629661 -0.0284338 -0.00101762
v -0.0599197 -0.027419 -2.69742e-06
v -0.0629661 -0.0284338 0.00101222
v -0.0639816 -0.0284338 0.00406082
v -0.0572102 -0.0250497 -0.00710712
v -0.0555208 -0.0247114 -0.00406237
v -0.0514543 -0.0216656 -0.00609605
v -0.0524744 -0.0226819 -0.00508113
v -0.0592412 -0.0260645 -0.00710712
v -0.0599197 -0.0264028 -0.00710712
v -0.0619506 -0.027419 -0.00609605
v -0.0504389 -0.0206508 -0.00710712
v -0.0570671 -0.0226365 0.0130067
v -0.0543346 -0.0220888 0.0106616
v -0.057381 -0.0231036 0.0126915
v -0.0548423 -0.0217081 0.012184
v -0.0517959 -0.0217081 0.00710557
v -0.0528114 -0.0227229 0.00609065
v -0.0524744 -0.0226819 0.00507573
v -0.0534899 -0.0236952 0.0030459
v -0.0514543 -0.0226819 -2.69742e-06
v -0.0548423 -0.0227229 0.0101542
v -0.0534899 -0.0236952 -0.00304745
v -0.0746394 -0.0281805 0.0116765
v -0.0733147 -0.0274923 0.0130067
v -0.0695666 -0.0271657 0.0126915
v -0.0655048 -0.0271657 0.0106616
v -0.0692528 -0.0269314 0.0130067
v -0.0634738 -0.0281805 0.00456828
v -0.0614429 -0.0271657 0.00659811
v -0.0634738 -0.0271657 0.00863179
v -0.0578887 -0.0264028 -0.00101762
v -0.0592412 -0.0270808 -2.69742e-06
v -0.0594119 -0.0271657 0.000504761
v -0.0624583 -0.0281805 0.00151968
v -0.0561947 -0.0250497 -0.00406237
v -0.0545054 -0.0247114 -2.69742e-06
v -0.0565363 -0.0257262 -0.00101762
v -0.0572102 -0.0260645 -0.00101762
v -0.0576949 -0.0230245 0.0130067
v -0.0588396 -0.0237289 0.0130067
v -0.0590981 -0.0238841 0.0130067
v -0.0568733 -0.0247539 0.00812433
v -0.0538268 -0.0227229 0.00812433
v -0.0558578 -0.0247539 0.00507573
v -0.0538268 -0.0237377 0.00406082
v -0.0543346 -0.0241184 0.00355336
v -0.067028 -0.026476 0.0130067
v -0.0634738 -0.0261495 0.0116765
v -0.0604274 -0.0271657 0.00355336
v -0.0594119 -0.0261495 0.00761303
v -0.0604274 -0.0261495 0.00863179
v -0.0551793 -0.0250497 -2.69742e-06
v -0.0572102 -0.0260645 0.00101222
v -0.057381 -0.0261495 0.00151968
v -0.05535 -0.0251347 0.000504761
v -0.0621445 -0.0249004 0.0130067
v -0.0629661 -0.0257687 0.012184
v -0.0589042 -0.0257687 0.00812433
v -0.057381 -0.0251347 0.00761303
v -0.0563655 -0.0251347 0.00456828
v -0.0651909 -0.0259152 0.0130067
v -0.0583965 -0.0261495 0.00456828
v -0.0541789 0.0176918 -0.0169762
v -0.0822556 0.000601426 -0.0188512
v -0.0825353 0.0176918 -0.0169762
v -0.0866565 -0.000339885 -0.0135405
v -0.088014 0.00236968 -0.0108306
v -0.0866565 -0.00237072 -0.0135405
v -0.08869 -0.00440155 -0.00947717
v -0.0825411 -0.0154986 -0.0188512
v -0.047861 0.000601426 -0.0188512
v -0.0545326 -0.0155065 -0.0188512
v -0.0846581 -0.0155065 -0.00433488
v -0.0856419 -0.0145557 -0.00440037
v -0.0876711 -0.0125249 -0.00237027
v -0.0866565 -0.0135403 0.00168992
v -0.0880137 -0.0118469 -0.00169357
v -0.08869 -0.0104925 -0.00237027
v -0.0888569 -0.00964735 -0.00355216
v -0.0893664 -0.00913964 -0.00203348
v -0.0893664 -0.00913964 -0.00101687
v -0.0890282 -0.00981606 -0.000680083
v -0.0880137 -0.0108315 0.00439984
v -0.0856419 -0.0145557 0.00270653
v -0.0849655 -0.0148932 0.00439984
v -0.0822556 -0.0155065 0.0130067
v -0.0846581 -0.0155065 0.00277202
v -0.0462754 -0.0155065 -0.010525
v -0.051546 -0.0155065 -0.0164936
v -0.0462754 -0.0135403 -0.0135405
v -0.0515723 -0.0126305 -0.0188512
v -0.049508 -0.0116782 -0.0177691
v -0.0462754 -0.0104925 -0.0155706
v -0.0462754 -0.00971515 -0.0159604
v -0.0462754 -0.00507797 -0.0182774
v -0.0502591 -0.0101551 -0.0188512
v -0.0480806 -0.00565033 -0.0188512
v -0.0536059 -0.0146614 -0.0188512
v -0.0535707 -0.0147244 -0.0187857
v -0.047861 -0.00507797 -0.0188512
v -0.0462754 0.000601426 -0.0182774
v -0.0462754 -0.0138068 0.0130067
v -0.0462754 -0.0155065 0.0105244
v -0.0482519 -0.0155065 0.0126793
v -0.0485549 -0.0153299 0.0130067
v -0.0489063 -0.0155065 0.0130067
v -0.0462754 0.000601426 0.0130067
v -0.0859098 0.000601426 0.0130067
v -0.0859098 -0.00406256 0.0130067
v -0.0857956 -0.00452139 0.0130067
v -0.0856419 -0.00609339 0.0125233
v -0.0876711 -0.00406256 0.0104932
v -0.0866565 -0.00203172 0.0125233
v -0.08869 -0.0010163 0.00947664
v -0.0893664 -0.00406256 0.00710663
v -0.0880971 -0.00507797 0.00926459
v -0.0880971 -0.00711039 0.0082511
v -0.0891117 -0.00507797 0.00723449
v -0.0893664 -0.00609339 0.00609314
v -0.090381 -0.00609339 0.00304644
v -0.0890282 -0.00677139 0.00642993
v -0.0878424 -0.00761652 0.00837583
v -0.0878424 -0.0106628 0.00532913
v -0.0880971 -0.0101551 0.00520439
v -0.0900428 -0.00677139 0.00338323
v -0.090381 -0.00609339 -0.00304385
v -0.0911408 -0.000508596 -0.00152518
v -0.090381 -0.00406256 0.00405993
v -0.090381 -0.0010163 0.00507654
v -0.0893664 -0.0010163 0.00812324
v -0.090381 -8.86843e-07 0.00507654
v -0.0903824 0.00406266 0.00304635
v -0.0891114 0.00254032 0.00761499
v -0.0891114 0.00457122 0.00660038
v -0.0880964 0.00254032 0.0096471
v -0.0891117 -0.000508596 0.00863155
v -0.0876713 0.00203176 0.0104936
v -0.0877147 0.00304721 0.0101544
v -0.0866565 -8.86843e-07 0.0125233
v -0.0860923 0.00248344 0.0126388
v -0.0822577 0.0176918 0.0126388
v -0.0502142 0.0176918 0.0126388
v -0.0462754 0.0139913 0.0126388
v -0.0492555 0.0176918 0.0116763
v -0.0462754 0.0176918 0.00625251
v -0.0462754 0.0155705 0.0104936
v -0.0462754 0.0176918 -0.00625327
v -0.0492165 0.0176918 -0.0114046
v -0.0523007 0.0167549 -0.0165008
v -0.0539707 0.0175512 -0.0169762
v -0.0534979 0.0171815 -0.0169762
v -0.052279 0.0157629 -0.0169762
v -0.0489085 0.0115388 -0.0169762
v -0.0462754 0.0104933 -0.0155703
v -0.0462754 0.0135396 -0.0135382
v -0.0462754 0.0155705 -0.0104914
v -0.0462754 0.00768616 -0.0169762
v -0.0876713 0.0104933 0.00202884
v -0.0880964 0.0096468 0.00253614
v -0.0880964 0.00863302 0.00456826
v -0.0901265 0.00457122 0.00355365
v -0.0891114 0.00558667 0.00558287
v -0.0893674 0.00710901 0.00101423
v -0.0891114 0.00761757 0.00152153
v -0.0883523 0.00914158 -0.00304421
v -0.0893674 0.00710901 -0.0020325
v -0.0876713 0.0104933 -0.00304421
v -0.0903824 0.00406266 -0.00304421
v -0.0910574 -0.000339885 -0.00203348
v -0.090381 -0.00203172 -0.00609056
v -0.090381 -8.86843e-07 -0.00609056
v -0.0893674 0.00203176 -0.00812305
v -0.089029 0.00236968 -0.00880139
v -0.0893674 0.00406266 -0.00710844
v -0.0903824 0.00203176 -0.00507633
v -0.0901265 0.0041898 -0.00406172
v -0.0901265 0.00317435 -0.00507633
v -0.0891114 0.00520525 -0.00710844
v -0.0893664 -0.00406256 -0.00812377
v -0.0893664 -0.00609339 -0.00710716
v -0.0888569 -0.00558568 -0.00863208
v -0.0888569 -0.00863194 -0.00558537
v -0.0898715 -0.0066011 -0.00456876
v -0.090381 -0.00507797 -0.00406046
v -0.0887297 0.00507811 0.00710768
v -0.0877147 0.00507811 0.0091398
v -0.0876711 -0.00609339 0.00947664
v -0.0541776 0.0176918 -0.0169776
v -0.0539699 0.0175512 -0.0169776
v -0.0538268 0.0172635 -0.0172654
v -0.0542515 0.0176918 -0.0170515
v -0.082537 0.0176918 -0.0169776
v -0.0534991 0.0171815 -0.0169776
v -0.0543346 0.0137086 -0.0205653
v -0.0563655 0.0167549 -0.0195499
v -0.056444 0.0176918 -0.0186546
v -0.0548423 0.0176014 -0.0176035
v -0.0522806 0.0157629 -0.0169776
v -0.0492572 0.0116777 -0.017519
v -0.0523036 0.0126931 -0.0195499
v -0.0545746 0.0176918 -0.0172918
v -0.0924101 0.0176918 -0.0174252
v -0.0824631 0.000603099 -0.0169776
v -0.0543346 0.0126931 -0.0210737
v -0.0548423 0.0121863 -0.0217076
v -0.057381 0.0137086 -0.0225963
v -0.0583965 0.0157395 -0.0215808
v -0.0594904 0.0176918 -0.0206261
v -0.0593335 0.0176918 -0.0205257
v -0.0495711 0.012377 -0.0169776
v -0.048911 0.0115388 -0.0169776
v -0.0462754 0.00768616 -0.0169776
v -0.0462754 0.00740344 -0.0171189
v -0.0462754 0.00507811 -0.0182809
v -0.0492572 0.0106622 -0.018026
v -0.0514543 0.0111708 -0.0196344
v -0.0523036 0.0116777 -0.0200583
v -0.0929594 0.0176918 -0.0176193
v -0.0462754 0.000603099 -0.0169776
v -0.0931717 0.0176918 -0.0177263
v -0.0929179 0.00152487 -0.0246258
v -0.0931394 0.000603099 -0.0254512
v -0.0543346 0.0106622 -0.0220892
v -0.0548423 0.0101554 -0.022723
v -0.057381 0.0126931 -0.0231046
v -0.0589042 0.0132017 -0.0237372
v -0.0583965 0.0137086 -0.0231046
v -0.0605059 0.0176918 -0.0211741
v -0.0462754 0.000603099 -0.0182809
v -0.0516574 0.000603099 -0.0227059
v -0.0504389 0.00203176 -0.0216653
v -0.0534899 0.00304721 -0.0236962
v -0.0524744 0.00507811 -0.0226808
v -0.0528114 0.00609356 -0.022723
v -0.0517959 0.00710901 -0.0217076
v -0.0504389 0.00710901 -0.0206498
v -0.0528114 0.0111708 -0.0206921
v -0.0931717 0.00101631 -0.025261
v -0.0932825 0.0176918 -0.0182069
v -0.0934302 0.00203176 -0.0253878
v -0.0932779 0.000603099 -0.0257271
v -0.0568733 0.00812446 -0.0247526
v -0.0558578 0.00914158 -0.0237372
v -0.0589042 0.00812446 -0.0257694
v -0.0599197 0.00914158 -0.0257694
v -0.0629661 0.0121863 -0.0257694
v -0.0604274 0.0137086 -0.0241188
v -0.0625368 0.0176918 -0.0221895
v -0.0547038 0.000603099 -0.0247354
v -0.0552577 0.000603099 -0.0250642
v -0.0543346 0.00355577 -0.0241188
v -0.0538268 0.00406266 -0.0237372
v -0.0558578 0.00507811 -0.0247526
v -0.0934302 0.0176918 -0.0188685
v -0.0934302 0.000603099 -0.0264032
v -0.057381 0.00761757 -0.0251342
v -0.0594119 0.00761757 -0.0261497
v -0.0604274 0.00863302 -0.0261497
v -0.0634738 0.0116777 -0.0261497
v -0.0644893 0.014724 -0.0251342
v -0.0619506 0.0152326 -0.0237372
v -0.0629661 0.0172635 -0.022723
v -0.067028 0.016586 -0.0247104
v -0.0655832 0.0176918 -0.023205
v -0.0565363 0.000603099 -0.0257271
v -0.0565363 0.00101631 -0.0257271
v -0.057381 0.00152487 -0.0261497
v -0.0563655 0.00457122 -0.0251342
v -0.0934302 0.0176918 -0.0229303
v -0.0934302 0.000603099 -0.0288488
v -0.0614429 0.00660212 -0.0271651
v -0.0665202 0.00863302 -0.0281806
v -0.0655048 0.0106622 -0.0271651
v -0.0665202 0.0137086 -0.0261497
v -0.0660125 0.0142172 -0.0257694
v -0.0665202 0.0157395 -0.0251342
v -0.064997 0.0155705 -0.0247104
v -0.067028 0.0176014 -0.0236962
v -0.0710852 0.0162481 -0.0257694
v -0.0721007 0.016586 -0.0257271
v -0.0710852 0.0176014 -0.0247104
v -0.0667603 0.0176918 -0.0235193
v -0.0568086 0.000603099 -0.0258645
v -0.0572102 0.00101631 -0.0260652
v -0.0581657 0.000603099 -0.0265419
v -0.0578887 0.00101631 -0.0264032
v -0.0593196 0.000603099 -0.0270952
v -0.0604274 0.00355577 -0.0271651
v -0.0934302 0.0172635 -0.0233582
v -0.0931717 0.0176918 -0.0240712
v -0.0931717 0.0173907 -0.0243723
v -0.0934302 0.00710901 -0.0284341
v -0.0932964 0.000603099 -0.0294496
v -0.0634738 0.00457122 -0.0281806
v -0.0644893 0.00660212 -0.0281806
v -0.0700698 0.00710901 -0.0294496
v -0.0695666 0.00761757 -0.0291961
v -0.071593 0.00863302 -0.0291961
v -0.071593 0.0137086 -0.0271651
v -0.0685512 0.014724 -0.0261497
v -0.0680434 0.0152326 -0.0257694
v -0.071593 0.0157395 -0.0261497
v -0.0761626 0.0176918 -0.0246668
v -0.0721007 0.0159101 -0.0260652
v -0.0802245 0.016586 -0.0257271
v -0.0708175 0.0176918 -0.0245334
v -0.0572102 0.000603099 -0.0260652
v -0.0629661 0.000603099 -0.0284341
v -0.0629661 0.00101631 -0.0284341
v -0.0624583 0.00152487 -0.0281806
v -0.0934302 0.0162481 -0.0243723
v -0.0924101 0.0176918 -0.0245334
v -0.0924101 0.0176014 -0.0247104
v -0.0930886 0.016586 -0.0250497
v -0.0929179 0.0170092 -0.0248807
v -0.0934302 0.0101554 -0.0274187
v -0.0930886 0.00744861 -0.0291116
v -0.0931163 0.000603099 -0.0299052
v -0.0639816 0.00406266 -0.0284341
v -0.064997 0.00609356 -0.0284341
v -0.0690589 0.00609356 -0.0294496
v -0.0721007 0.00101631 -0.0304664
v -0.0741316 0.00304721 -0.0304664
v -0.0721007 0.00812446 -0.0294496
v -0.0721007 0.0132017 -0.0274187
v -0.0721007 0.0145551 -0.0267426
v -0.0770442 0.0176918 -0.0246668
v -0.0751471 0.0125242 -0.027758
v -0.0802245 0.0159101 -0.0260652
v -0.0924101 0.0169256 -0.0250497
v -0.0660125 0.000603099 -0.0294496
v -0.0660125 0.00101631 -0.0294496
v -0.0930886 0.0104933 -0.0280961
v -0.0929825 0.000603099 -0.0300227
v -0.0924101 0.0101554 -0.0284341
v -0.0924101 0.00710901 -0.0294496
v -0.067028 0.00304721 -0.0294496
v -0.0721007 0.000603099 -0.0304664
v -0.0781935 0.00304721 -0.0304664
v -0.0751471 0.0111708 -0.0284341
v -0.0802245 0.00812446 -0.0294496
v -0.0781935 0.0125242 -0.027758
v -0.0802245 0.0145551 -0.0267426
v -0.0924101 0.0115087 -0.027758
v -0.0924101 0.000603099 -0.0301653
v -0.0802245 0.0132017 -0.0274187
v -0.0781935 0.0111708 -0.0284341
v -0.0816554 0.000603099 -0.0304664
v -0.0802245 0.00203176 -0.0304664
v -0.0478578 0.000601426 -0.0188512
v -0.0478578 -0.00507797 -0.0188512
v -0.0484109 0.000601426 -0.0196345
v -0.0822557 0.000601426 -0.0188512
v -0.0480808 -0.00565033 -0.0188512
v -0.0484109 -0.00507797 -0.0196345
v -0.0494236 0.000601426 -0.0206498
v -0.0931403 0.000601426 -0.0254512
v -0.0931759 -0.0147244 -0.0198039
v -0.0927522 -0.0145557 -0.0196345
v -0.0925826 -0.0155065 -0.0192957
v -0.0922748 -0.0155065 -0.0191593
v -0.0825412 -0.0150745 -0.0188512
v -0.0502622 -0.0101551 -0.0188512
v -0.0494236 -0.00711039 -0.0196345
v -0.0504406 -0.00711039 -0.0206498
v -0.0494236 -0.00406256 -0.0206498
v -0.0514577 -8.86843e-07 -0.0226816
v -0.0504406 0.000601426 -0.0216651
v -0.0932785 0.000601426 -0.0257275
v -0.0934258 -0.0152321 -0.020311
v -0.0930778 -0.0155065 -0.0195436
v -0.0822245 -0.0155065 -0.0188512
v -0.0825412 -0.0154986 -0.0188512
v -0.0515737 -0.0126305 -0.0188512
v -0.0514577 -0.0111705 -0.0196345
v -0.0534874 -0.0101551 -0.0216651
v -0.0524703 -0.00812423 -0.0216651
v -0.0524703 -0.00507797 -0.0226816
v -0.0534874 -0.00304714 -0.0236969
v -0.0545045 -8.86843e-07 -0.0247111
v -0.0516585 0.000601426 -0.0227066
v -0.0934258 0.000601426 -0.026404
v -0.0934258 -0.00203172 -0.0253876
v -0.0934258 -0.0155065 -0.020311
v -0.0545357 -0.0155065 -0.0188512
v -0.0525863 -0.013646 -0.0188512
v -0.0525551 -0.0126936 -0.0198039
v -0.0545893 -0.0116782 -0.0218346
v -0.0556019 -0.0106628 -0.0228499
v -0.0555171 -0.00812423 -0.0236969
v -0.0565342 -0.00711039 -0.0247111
v -0.0555171 -0.00406256 -0.0247111
v -0.0565342 -0.0010163 -0.0257264
v -0.0551781 -8.86843e-07 -0.0250499
v -0.0553476 0.000506822 -0.025134
v -0.0552539 0.000601426 -0.0250635
v -0.0547053 0.000601426 -0.0247361
v -0.0934258 0.000601426 -0.0288485
v -0.0934258 -0.0155065 -0.0243734
v -0.0547053 -0.0155065 -0.0190228
v -0.0545893 -0.0147244 -0.0198039
v -0.0536034 -0.0146614 -0.0188512
v -0.0545893 -0.013709 -0.0208192
v -0.0576361 -0.013709 -0.0228499
v -0.056619 -0.00964735 -0.0238663
v -0.0576361 -0.00863194 -0.0248805
v -0.057761 -0.00812423 -0.025134
v -0.0585639 -0.00711039 -0.0257264
v -0.0582249 -0.00406256 -0.0260652
v -0.0578903 -0.0010163 -0.026404
v -0.0594115 0.000506822 -0.0271658
v -0.0581624 0.000601426 -0.0265416
v -0.0568108 0.000601426 -0.0258651
v -0.0565342 0.000601426 -0.0257264
v -0.0932964 0.000601426 -0.0294499
v -0.0934258 -8.86843e-07 -0.0294499
v -0.0934258 -0.0142167 -0.0253876
v -0.0932607 -0.0150634 -0.0252193
v -0.0931715 -0.0155065 -0.0251306
v -0.0552495 -0.0155065 -0.0195697
v -0.0556599 -0.0155065 -0.019921
v -0.0587067 -0.0155065 -0.0219517
v -0.0596658 -0.013709 -0.0238663
v -0.0596658 -0.00863194 -0.0258958
v -0.0597907 -0.00812423 -0.0261493
v -0.05992 -0.00711039 -0.026404
v -0.058903 -0.00406256 -0.026404
v -0.05992 -8.86843e-07 -0.0274193
v -0.0593178 0.000601426 -0.0270953
v -0.0629668 0.000601426 -0.0284346
v -0.093118 0.000601426 -0.0299059
v -0.0930912 0.000338111 -0.0301276
v -0.0934258 -0.00711039 -0.0284346
v -0.0934258 -0.0121859 -0.026404
v -0.0932607 -0.0130326 -0.0262346
v -0.0927655 -0.0155065 -0.02574
v -0.0607408 -0.0155065 -0.0229681
v -0.0597907 -0.0132013 -0.0241199
v -0.0637296 -0.0147244 -0.0248805
v -0.0627125 -0.0116782 -0.0258958
v -0.0628375 -0.0111705 -0.0261493
v -0.0628375 -0.00812423 -0.0271658
v -0.0618248 -0.00711039 -0.0271658
v -0.0619497 -0.00609339 -0.0274193
v -0.0639794 -0.00406256 -0.0284346
v -0.0629668 -0.0010163 -0.0284346
v -0.0660136 0.000601426 -0.0294499
v -0.0929841 0.000601426 -0.0300218
v -0.0925648 0.000601426 -0.0301276
v -0.0924131 -8.86843e-07 -0.0304652
v -0.0930912 -0.00677139 -0.0291123
v -0.0934258 -0.0101551 -0.0274193
v -0.0932607 -0.0110002 -0.0272499
v -0.0930912 -0.00981606 -0.0280958
v -0.0927522 -0.0115095 -0.0277581
v -0.0927522 -0.0135403 -0.0267417
v -0.0926852 -0.0155065 -0.0257594
v -0.0658173 -0.0155065 -0.0249976
v -0.0646575 -0.0148932 -0.0250499
v -0.0657593 -0.013709 -0.0258958
v -0.0638545 -0.0142167 -0.025134
v -0.0658842 -0.0132013 -0.0261493
v -0.0648716 -0.0101551 -0.0271658
v -0.0658842 -0.00812423 -0.0281811
v -0.0648716 -0.00711039 -0.0281811
v -0.0649965 -0.00609339 -0.0284346
v -0.0670262 -0.00304714 -0.0294499
v -0.0660136 -0.0010163 -0.0294499
v -0.0695689 -0.000508596 -0.0302117
v -0.0710856 -8.86843e-07 -0.0304652
v -0.0721027 0.000601426 -0.0304652
v -0.0924131 0.000601426 -0.0301651
v -0.0924131 -0.00711039 -0.0294499
v -0.0816535 0.000601426 -0.0304652
v -0.0781963 -0.00304714 -0.0304652
v -0.0924131 -0.0101551 -0.0284346
v -0.080226 -0.0132013 -0.0274193
v -0.080565 -0.0145557 -0.0267417
v -0.080226 -0.0152321 -0.026404
v -0.0800877 -0.0155065 -0.0262664
v -0.0662099 -0.0155065 -0.0250999
v -0.0687214 -0.0148932 -0.0260652
v -0.0666917 -0.0138777 -0.0260652
v -0.0656746 -0.0108315 -0.0270805
v -0.0660136 -0.0101551 -0.0274193
v -0.0670262 -0.00812423 -0.0284346
v -0.068931 -0.00711039 -0.0291964
v -0.0690604 -0.00609339 -0.0294499
v -0.070073 -0.00711039 -0.0294499
v -0.0731153 -0.00203172 -0.0304652
v -0.080226 -0.00812423 -0.0294499
v -0.0741324 -0.00304714 -0.0304652
v -0.0781963 -0.0111705 -0.0284346
v -0.0785353 -0.0125249 -0.0277581
v -0.0721027 -0.0152321 -0.026404
v -0.0719644 -0.0155065 -0.0262664
v -0.0668924 -0.0155065 -0.0252511
v -0.0670262 -0.0132013 -0.026404
v -0.0693325 -0.0155065 -0.0257594
v -0.0717637 -0.0138777 -0.0270805
v -0.0717637 -0.00880065 -0.0291123
v -0.0721027 -0.00812423 -0.0294499
v -0.0751495 -0.0111705 -0.0284346
v -0.0754885 -0.0125249 -0.0277581
v -0.0721027 -0.0132013 -0.0274193
f 1 2 3
f 1 3 4
f 1 4 5
f 1 5 6
f 1 6 7
f 1 7 8
f 1 8 22
f 1 22 9
f 1 9 2
f 2 9 3
f 3 9 10
f 3 10 11
f 3 11 12
f 3 12 4
f 4 12 13
f 4 13 6
f 4 6 5
f 6 13 14
f 6 14 15
f 6 15 7
f 7 16 35
f 7 35 17
f 7 17 8
f 7 15 18
f 7 18 36
f 7 36 16
f 8 17 19
f 8 19 20
f 8 20 21
f 8 21 22
f 9 22 41
f 9 41 67
f 9 67 88
f 9 88 115
f 9 115 143
f 9 143 171
f 9 171 202
f 9 202 213
f 9 213 248
f 9 248 283
f 9 283 282
f 9 282 250
f 9 250 219
f 9 219 185
f 9 185 155
f 9 155 122
f 9 122 96
f 9 96 70
f 9 70 44
f 9 44 23
f 9 23 24
f 9 24 25
f 9 25 11
f 9 11 10
f 11 25 24
f 11 24 26
f 11 26 27
f 11 27 28
f 11 28 12
f 12 29 30
f 12 30 51
f 12 51 31
f 12 31 14
f 12 14 13
f 12 28 27
f 12 27 29
f 14 31 15
f 15 32 33
f 15 33 34
f 15 34 55
f 15 55 37
f 15 37 18
f 15 31 32
f 16 36 35
f 17 35 19
f 18 37 36
f 19 35 21
f 19 21 20
f 21 35 38
f 21 38 39
f 21 39 40
f 21 40 22
f 22 40 42
f 22 42 43
f 22 43 41
f 23 44 45
f 23 45 24
f 24 45 27
f 24 27 26
f 27 45 46
f 27 46 47
f 27 47 48
f 27 48 49
f 27 49 50
f 27 50 30
f 27 30 29
f 30 50 79
f 30 79 52
f 30 52 51
f 31 51 32
f 32 51 33
f 33 52 53
f 33 53 54
f 33 54 56
f 33 56 34
f 33 51 52
f 34 56 81
f 34 81 108
f 34 108 136
f 34 136 166
f 34 166 198
f 34 198 232
f 34 232 267
f 34 267 300
f 34 300 328
f 34 328 349
f 34 349 356
f 34 356 350
f 34 350 329
f 34 329 301
f 34 301 268
f 34 268 233
f 34 233 199
f 34 199 167
f 34 167 137
f 34 137 110
f 34 110 80
f 34 80 55
f 35 36 57
f 35 57 38
f 36 37 58
f 36 58 59
f 36 59 57
f 37 60 84
f 37 84 61
f 37 61 58
f 37 55 80
f 37 80 60
f 38 57 59
f 38 59 62
f 38 62 63
f 38 63 39
f 39 63 40
f 40 63 64
f 40 64 65
f 40 65 66
f 40 66 43
f 40 43 42
f 41 43 68
f 41 68 67
f 43 66 69
f 43 69 68
f 44 70 71
f 44 71 46
f 44 46 45
f 46 71 72
f 46 72 73
f 46 73 74
f 46 74 75
f 46 75 47
f 47 75 48
f 48 75 74
f 48 74 76
f 48 76 77
f 48 77 78
f 48 78 49
f 49 78 79
f 49 79 50
f 52 77 54
f 52 54 53
f 52 79 77
f 54 77 81
f 54 81 56
f 58 61 59
f 59 61 82
f 59 82 86
f 59 86 62
f 60 80 83
f 60 83 84
f 61 84 85
f 61 85 82
f 62 86 64
f 62 64 63
f 64 87 65
f 64 86 87
f 65 87 66
f 66 87 69
f 67 68 89
f 67 89 90
f 67 90 91
f 67 91 92
f 67 92 88
f 68 69 93
f 68 93 89
f 69 87 94
f 69 94 95
f 69 95 93
f 70 96 97
f 70 97 71
f 71 97 98
f 71 98 72
f 72 98 99
f 72 99 100
f 72 100 101
f 72 101 102
f 72 102 132
f 72 132 103
f 72 103 104
f 72 104 76
f 72 76 73
f 73 76 74
f 76 104 105
f 76 105 77
f 77 106 107
f 77 107 136
f 77 136 108
f 77 108 81
f 77 79 78
f 77 105 109
f 77 109 106
f 80 110 83
f 82 85 86
f 83 111 112
f 83 112 84
f 83 110 111
f 84 112 85
f 85 112 113
f 85 113 114
f 85 114 87
f 85 87 86
f 87 114 94
f 88 92 120
f 88 120 115
f 89 93 90
f 90 93 116
f 90 116 117
f 90 117 91
f 91 118 92
f 91 117 118
f 92 118 119
f 92 119 120
f 93 95 116
f 94 121 117
f 94 117 116
f 94 116 95
f 94 114 113
f 94 113 112
f 94 112 121
f 96 122 123
f 96 123 124
f 96 124 125
f 96 125 126
f 96 126 127
f 96 127 99
f 96 99 128
f 96 128 97
f 97 128 99
f 97 99 98
f 99 127 126
f 99 126 101
f 99 101 100
f 101 126 129
f 101 129 130
f 101 130 163
f 101 163 131
f 101 131 135
f 101 135 132
f 101 132 102
f 103 132 106
f 103 106 109
f 103 109 105
f 103 105 104
f 106 133 134
f 106 134 107
f 106 132 135
f 106 135 133
f 107 134 133
f 107 133 166
f 107 166 136
f 110 137 111
f 111 138 112
f 111 137 138
f 112 138 139
f 112 139 140
f 112 140 141
f 112 141 142
f 112 142 121
f 115 120 144
f 115 144 145
f 115 145 146
f 115 146 147
f 115 147 172
f 115 172 143
f 117 121 118
f 118 121 119
f 119 148 145
f 119 145 120
f 119 121 142
f 119 142 141
f 119 141 140
f 119 140 149
f 119 149 150
f 119 150 151
f 119 151 152
f 119 152 148
f 120 145 144
f 122 153 154
f 122 154 123
f 122 155 156
f 122 156 157
f 122 157 158
f 122 158 153
f 123 154 159
f 123 159 124
f 124 159 160
f 124 160 161
f 124 161 162
f 124 162 129
f 124 129 126
f 124 126 125
f 129 162 161
f 129 161 130
f 130 161 163
f 131 163 164
f 131 164 165
f 131 165 135
f 133 135 165
f 133 165 164
f 133 164 166
f 137 167 138
f 138 168 169
f 138 169 139
f 138 167 199
f 138 199 168
f 139 169 140
f 140 169 170
f 140 170 149
f 143 172 173
f 143 173 174
f 143 174 175
f 143 175 176
f 143 176 177
f 143 177 171
f 145 148 152
f 145 152 178
f 145 178 179
f 145 179 146
f 146 179 178
f 146 178 180
f 146 180 147
f 147 180 172
f 149 170 169
f 149 169 181
f 149 181 182
f 149 182 150
f 150 182 151
f 151 182 152
f 152 182 183
f 152 183 178
f 153 158 184
f 153 184 159
f 153 159 154
f 155 185 186
f 155 186 156
f 156 186 187
f 156 187 188
f 156 188 158
f 156 158 157
f 158 188 189
f 158 189 190
f 158 190 191
f 158 191 192
f 158 192 184
f 159 184 193
f 159 193 194
f 159 194 195
f 159 195 160
f 160 195 218
f 160 218 196
f 160 196 230
f 160 230 197
f 160 197 164
f 160 164 161
f 161 164 163
f 164 197 231
f 164 231 198
f 164 198 166
f 168 200 201
f 168 201 169
f 168 199 200
f 169 201 181
f 171 177 202
f 172 180 203
f 172 203 204
f 172 204 205
f 172 205 206
f 172 206 207
f 172 207 174
f 172 174 173
f 174 207 208
f 174 208 175
f 175 208 209
f 175 209 210
f 175 210 177
f 175 177 176
f 177 210 209
f 177 209 211
f 177 211 212
f 177 212 213
f 177 213 202
f 178 183 180
f 180 183 214
f 180 214 216
f 180 216 215
f 180 215 234
f 180 234 203
f 181 201 216
f 181 216 214
f 181 214 183
f 181 183 182
f 184 192 217
f 184 217 218
f 184 218 194
f 184 194 193
f 185 219 220
f 185 220 221
f 185 221 222
f 185 222 223
f 185 223 186
f 186 223 224
f 186 224 187
f 187 224 225
f 187 225 226
f 187 226 227
f 187 227 188
f 188 227 189
f 189 227 190
f 190 228 229
f 190 229 191
f 190 227 228
f 191 229 217
f 191 217 192
f 194 218 195
f 196 218 230
f 197 230 231
f 198 231 265
f 198 265 232
f 199 233 270
f 199 270 237
f 199 237 216
f 199 216 200
f 200 216 201
f 203 234 204
f 204 235 236
f 204 236 205
f 204 234 237
f 204 237 238
f 204 238 235
f 205 236 207
f 205 207 206
f 207 236 208
f 208 239 209
f 208 236 235
f 208 235 238
f 208 238 240
f 208 240 272
f 208 272 239
f 209 241 211
f 209 239 242
f 209 242 243
f 209 243 244
f 209 244 241
f 211 241 212
f 212 241 245
f 212 245 246
f 212 246 247
f 212 247 213
f 213 247 248
f 215 216 234
f 216 237 234
f 217 249 218
f 217 229 262
f 217 262 249
f 218 249 230
f 219 250 251
f 219 251 220
f 220 251 252
f 220 252 253
f 220 253 221
f 221 253 254
f 221 254 222
f 222 254 255
f 222 255 224
f 222 224 223
f 224 255 225
f 225 255 226
f 226 256 257
f 226 257 227
f 226 255 254
f 226 254 258
f 226 258 259
f 226 259 256
f 227 257 256
f 227 256 260
f 227 260 228
f 228 260 261
f 228 261 262
f 228 262 229
f 230 249 262
f 230 262 263
f 230 263 231
f 231 263 264
f 231 264 299
f 231 299 265
f 232 265 266
f 232 266 267
f 233 268 302
f 233 302 269
f 233 269 270
f 237 270 269
f 237 269 304
f 237 304 271
f 237 271 238
f 238 271 272
f 238 272 240
f 239 272 273
f 239 273 242
f 241 244 277
f 241 277 245
f 242 273 243
f 243 273 274
f 243 274 275
f 243 275 244
f 244 275 276
f 244 276 277
f 245 277 278
f 245 278 246
f 246 278 279
f 246 279 247
f 247 279 280
f 247 280 281
f 247 281 282
f 247 282 283
f 247 283 248
f 250 284 285
f 250 285 286
f 250 286 287
f 250 287 251
f 250 282 318
f 250 318 284
f 251 287 286
f 251 286 252
f 252 286 288
f 252 288 289
f 252 289 290
f 252 290 291
f 252 291 292
f 252 292 293
f 252 293 294
f 252 294 295
f 252 295 258
f 252 258 253
f 253 258 254
f 256 259 260
f 258 295 259
f 259 296 297
f 259 297 298
f 259 298 266
f 259 266 299
f 259 299 260
f 259 295 294
f 259 294 293
f 259 293 296
f 260 299 264
f 260 264 261
f 261 264 262
f 262 264 263
f 265 299 266
f 266 298 267
f 267 298 300
f 268 301 307
f 268 307 302
f 269 302 303
f 269 303 304
f 271 305 272
f 271 304 305
f 272 305 273
f 273 305 274
f 274 305 304
f 274 304 303
f 274 303 306
f 274 306 276
f 274 276 275
f 276 306 302
f 276 302 307
f 276 307 308
f 276 308 330
f 276 330 309
f 276 309 310
f 276 310 311
f 276 311 277
f 277 311 312
f 277 312 278
f 278 313 314
f 278 314 280
f 278 280 279
f 278 312 315
f 278 315 313
f 280 314 316
f 280 316 282
f 280 282 281
f 282 316 317
f 282 317 318
f 284 318 319
f 284 319 285
f 285 319 320
f 285 320 321
f 285 321 286
f 286 321 320
f 286 320 289
f 286 289 288
f 289 322 323
f 289 323 290
f 289 320 322
f 290 323 291
f 291 323 292
f 292 323 324
f 292 324 325
f 292 325 326
f 292 326 293
f 293 326 325
f 293 325 296
f 296 325 297
f 297 325 327
f 297 327 349
f 297 349 328
f 297 328 300
f 297 300 298
f 301 329 308
f 301 308 307
f 302 306 303
f 308 329 350
f 308 350 330
f 309 330 331
f 309 331 310
f 310 332 333
f 310 333 312
f 310 312 311
f 310 331 334
f 310 334 332
f 312 333 315
f 313 315 333
f 313 333 335
f 313 335 337
f 313 337 314
f 314 336 316
f 314 337 353
f 314 353 338
f 314 338 339
f 314 339 336
f 316 336 318
f 316 318 317
f 318 336 340
f 318 340 341
f 318 341 342
f 318 342 343
f 318 343 319
f 319 343 355
f 319 355 344
f 319 344 346
f 319 346 345
f 319 345 322
f 319 322 320
f 322 345 324
f 322 324 323
f 324 346 347
f 324 347 325
f 324 345 346
f 325 347 327
f 327 348 349
f 327 347 348
f 330 350 356
f 330 356 351
f 330 351 331
f 331 351 334
f 332 334 352
f 332 352 335
f 332 335 333
f 334 351 354
f 334 354 352
f 335 352 353
f 335 353 337
f 336 339 341
f 336 341 340
f 338 353 342
f 338 342 339
f 339 342 341
f 342 353 354
f 342 354 355
f 342 355 343
f 344 355 346
f 346 354 357
f 346 357 356
f 346 356 349
f 346 349 348
f 346 348 347
f 346 355 354
f 351 356 357
f 351 357 354
f 352 354 353
f 358 359 360
f 358 360 361
f 358 361 362
f 358 362 369
f 358 369 384
f 358 384 383
f 358 383 382
f 358 382 405
f 358 405 404
f 358 404 426
f 358 426 425
f 358 425 455
f 358 455 458
f 358 458 457
f 358 457 480
f 358 480 479
f 358 479 507
f 358 507 532
f 358 532 550
f 358 550 535
f 358 535 508
f 358 508 481
f 358 481 449
f 358 449 420
f 358 420 406
f 358 406 385
f 358 385 370
f 358 370 363
f 358 363 365
f 358 365 359
f 359 364 366
f 359 366 360
f 359 365 378
f 359 378 364
f 360 366 361
f 361 366 367
f 361 367 368
f 361 368 369
f 361 369 362
f 363 370 371
f 363 371 372
f 363 372 365
f 364 373 374
f 364 374 375
f 364 375 376
f 364 376 377
f 364 377 366
f 364 378 373
f 365 372 386
f 365 386 379
f 365 379 387
f 365 387 378
f 366 377 380
f 366 380 367
f 367 380 381
f 367 381 368
f 368 381 382
f 368 382 383
f 368 383 384
f 368 384 369
f 370 385 386
f 370 386 372
f 370 372 371
f 373 378 387
f 373 387 388
f 373 388 374
f 374 389 390
f 374 390 375
f 374 388 389
f 375 390 391
f 375 391 392
f 375 392 393
f 375 393 394
f 375 394 395
f 375 395 376
f 376 395 396
f 376 396 419
f 376 419 397
f 376 397 403
f 376 403 398
f 376 398 380
f 376 380 377
f 379 386 407
f 379 407 399
f 379 399 400
f 379 400 401
f 379 401 402
f 379 402 387
f 380 398 403
f 380 403 381
f 381 403 404
f 381 404 405
f 381 405 382
f 385 406 386
f 386 406 407
f 387 402 408
f 387 408 388
f 388 408 409
f 388 409 389
f 389 391 390
f 389 409 410
f 389 410 411
f 389 411 391
f 391 412 413
f 391 413 414
f 391 414 392
f 391 411 431
f 391 431 459
f 391 459 439
f 391 439 412
f 392 414 440
f 392 440 415
f 392 415 442
f 392 442 416
f 392 416 417
f 392 417 393
f 393 417 418
f 393 418 394
f 394 396 395
f 394 418 396
f 396 418 419
f 397 419 427
f 397 427 403
f 399 407 420
f 399 420 421
f 399 421 400
f 400 421 422
f 400 422 423
f 400 423 401
f 401 424 410
f 401 410 402
f 401 423 424
f 402 410 408
f 403 425 426
f 403 426 404
f 403 427 428
f 403 428 429
f 403 429 425
f 406 420 407
f 408 410 409
f 410 424 430
f 410 430 431
f 410 431 411
f 412 432 433
f 412 433 434
f 412 434 435
f 412 435 436
f 412 436 437
f 412 437 441
f 412 441 438
f 412 438 414
f 412 414 413
f 412 439 460
f 412 460 432
f 414 438 440
f 415 440 441
f 415 441 442
f 416 442 443
f 416 443 417
f 417 443 418
f 418 443 444
f 418 444 445
f 418 445 446
f 418 446 447
f 418 447 477
f 418 477 448
f 418 448 428
f 418 428 427
f 418 427 419
f 420 449 450
f 420 450 421
f 421 450 449
f 421 449 481
f 421 481 509
f 421 509 534
f 421 534 536
f 421 536 510
f 421 510 483
f 421 483 482
f 421 482 452
f 421 452 451
f 421 451 422
f 422 451 423
f 423 451 452
f 423 452 453
f 423 453 454
f 423 454 430
f 423 430 424
f 425 429 456
f 425 456 455
f 428 448 429
f 429 448 457
f 429 457 458
f 429 458 456
f 430 454 459
f 430 459 431
f 432 460 462
f 432 462 433
f 433 461 434
f 433 462 487
f 433 487 461
f 434 461 463
f 434 463 464
f 434 464 465
f 434 465 466
f 434 466 467
f 434 467 436
f 434 436 435
f 436 467 466
f 436 466 495
f 436 495 471
f 436 471 468
f 436 468 469
f 436 469 442
f 436 442 441
f 436 441 437
f 438 441 440
f 439 459 486
f 439 486 470
f 439 470 460
f 442 469 444
f 442 444 443
f 444 471 472
f 444 472 445
f 444 469 468
f 444 468 471
f 445 472 473
f 445 473 474
f 445 474 475
f 445 475 446
f 446 475 476
f 446 476 447
f 447 476 477
f 448 477 478
f 448 478 479
f 448 479 480
f 448 480 457
f 452 482 453
f 453 482 483
f 453 483 484
f 453 484 485
f 453 485 486
f 453 486 454
f 454 486 459
f 455 456 458
f 460 470 462
f 461 487 514
f 461 514 538
f 461 538 516
f 461 516 489
f 461 489 463
f 462 470 488
f 462 488 487
f 463 489 490
f 463 490 491
f 463 491 492
f 463 492 464
f 464 492 465
f 465 492 491
f 465 491 493
f 465 493 494
f 465 494 495
f 465 495 466
f 470 486 485
f 470 485 488
f 471 496 497
f 471 497 498
f 471 498 472
f 471 495 494
f 471 494 496
f 472 498 499
f 472 499 500
f 472 500 473
f 473 500 474
f 474 500 501
f 474 501 502
f 474 502 503
f 474 503 475
f 475 503 476
f 476 503 504
f 476 504 505
f 476 505 506
f 476 506 478
f 476 478 477
f 478 506 479
f 479 506 507
f 481 508 509
f 483 510 511
f 483 511 484
f 484 511 512
f 484 512 485
f 485 512 488
f 487 488 513
f 487 513 514
f 488 512 515
f 488 515 513
f 489 516 513
f 489 513 515
f 489 515 537
f 489 537 511
f 489 511 510
f 489 510 536
f 489 536 533
f 489 533 535
f 489 535 550
f 489 550 549
f 489 549 548
f 489 548 553
f 489 553 552
f 489 552 551
f 489 551 542
f 489 542 541
f 489 541 540
f 489 540 539
f 489 539 517
f 489 517 490
f 490 517 491
f 491 517 539
f 491 539 518
f 491 518 493
f 493 518 494
f 494 518 519
f 494 519 520
f 494 520 496
f 496 520 521
f 496 521 497
f 497 521 522
f 497 522 498
f 498 522 523
f 498 523 524
f 498 524 499
f 499 524 501
f 499 501 500
f 501 524 525
f 501 525 526
f 501 526 502
f 502 526 504
f 502 504 503
f 504 526 527
f 504 527 528
f 504 528 529
f 504 529 530
f 504 530 505
f 505 530 529
f 505 529 528
f 505 528 527
f 505 527 526
f 505 526 549
f 505 549 550
f 505 550 532
f 505 532 531
f 505 531 506
f 506 531 532
f 506 532 507
f 508 533 534
f 508 534 509
f 508 535 533
f 511 537 512
f 512 537 515
f 513 516 538
f 513 538 514
f 518 539 540
f 518 540 541
f 518 541 520
f 518 520 519
f 520 541 542
f 520 542 551
f 520 551 543
f 520 543 544
f 520 544 521
f 521 544 522
f 522 544 545
f 522 545 523
f 523 545 546
f 523 546 526
f 523 526 525
f 523 525 524
f 526 546 547
f 526 547 548
f 526 548 549
f 533 536 534
f 543 551 552
f 543 552 544
f 544 552 553
f 544 553 545
f 545 548 547
f 545 547 546
f 545 553 548
f 554 555 560
f 554 560 572
f 554 572 571
f 554 571 567
f 554 567 556
f 554 556 568
f 554 568 582
f 554 582 598
f 554 598 612
f 554 612 638
f 554 638 666
f 554 666 701
f 554 701 731
f 554 731 703
f 554 703 667
f 554 667 639
f 554 639 615
f 554 615 614
f 554 614 613
f 554 613 599
f 554 599 584
f 554 584 583
f 554 583 569
f 554 569 557
f 554 557 558
f 554 558 555
f 555 559 560
f 555 558 561
f 555 561 562
f 555 562 563
f 555 563 564
f 555 564 565
f 555 565 566
f 555 566 559
f 556 567 580
f 556 580 596
f 556 596 595
f 556 595 610
f 556 610 632
f 556 632 631
f 556 631 659
f 556 659 691
f 556 691 690
f 556 690 721
f 556 721 742
f 556 742 714
f 556 714 741
f 556 741 724
f 556 724 695
f 556 695 694
f 556 694 661
f 556 661 635
f 556 635 611
f 556 611 597
f 556 597 581
f 556 581 568
f 557 569 558
f 558 569 570
f 558 570 561
f 559 571 572
f 559 572 560
f 559 566 571
f 561 570 585
f 561 585 573
f 561 573 563
f 561 563 562
f 563 574 565
f 563 565 564
f 563 573 587
f 563 587 575
f 563 575 588
f 563 588 574
f 565 574 588
f 565 588 576
f 565 576 566
f 566 577 571
f 566 576 578
f 566 578 577
f 567 571 579
f 567 579 580
f 568 581 582
f 569 583 570
f 570 583 584
f 570 584 585
f 571 577 579
f 573 585 586
f 573 586 587
f 575 587 586
f 575 586 589
f 575 589 602
f 575 602 588
f 576 588 590
f 576 590 578
f 577 591 579
f 577 578 592
f 577 592 591
f 578 590 592
f 579 593 594
f 579 594 595
f 579 595 596
f 579 596 580
f 579 591 593
f 581 597 598
f 581 598 582
f 584 599 600
f 584 600 601
f 584 601 586
f 584 586 585
f 586 601 603
f 586 603 589
f 588 602 590
f 589 603 620
f 589 620 604
f 589 604 602
f 590 605 592
f 590 602 606
f 590 606 607
f 590 607 605
f 591 592 605
f 591 605 593
f 593 605 607
f 593 607 608
f 593 608 594
f 594 608 609
f 594 609 595
f 595 609 610
f 597 611 634
f 597 634 660
f 597 660 692
f 597 692 722
f 597 722 746
f 597 746 732
f 597 732 702
f 597 702 665
f 597 665 636
f 597 636 612
f 597 612 598
f 599 613 600
f 600 613 614
f 600 614 615
f 600 615 639
f 600 639 640
f 600 640 616
f 600 616 641
f 600 641 617
f 600 617 603
f 600 603 601
f 602 618 606
f 602 604 622
f 602 622 619
f 602 619 618
f 603 617 620
f 604 620 621
f 604 621 645
f 604 645 622
f 606 623 607
f 606 618 643
f 606 643 624
f 606 624 623
f 607 623 625
f 607 625 626
f 607 626 627
f 607 627 628
f 607 628 629
f 607 629 608
f 608 629 609
f 609 630 631
f 609 631 632
f 609 632 610
f 609 629 633
f 609 633 630
f 611 635 634
f 612 636 637
f 612 637 638
f 616 640 641
f 617 641 642
f 617 642 621
f 617 621 620
f 618 619 622
f 618 622 643
f 621 642 670
f 621 670 644
f 621 644 645
f 622 645 646
f 622 646 647
f 622 647 643
f 623 624 625
f 624 643 648
f 624 648 625
f 625 648 651
f 625 651 626
f 626 649 650
f 626 650 627
f 626 651 652
f 626 652 649
f 627 650 628
f 628 650 653
f 628 653 629
f 629 653 650
f 629 650 654
f 629 654 655
f 629 655 656
f 629 656 657
f 629 657 633
f 630 633 657
f 630 657 658
f 630 658 659
f 630 659 631
f 634 635 661
f 634 661 662
f 634 662 663
f 634 663 660
f 636 664 637
f 636 665 698
f 636 698 664
f 637 664 666
f 637 666 638
f 639 667 668
f 639 668 640
f 640 669 642
f 640 642 641
f 640 668 669
f 642 669 670
f 643 647 671
f 643 671 651
f 643 651 648
f 644 670 672
f 644 672 645
f 645 673 647
f 645 647 646
f 645 672 674
f 645 674 675
f 645 675 673
f 647 673 676
f 647 676 671
f 649 677 650
f 649 652 677
f 650 677 655
f 650 655 654
f 651 671 676
f 651 676 678
f 651 678 679
f 651 679 652
f 652 680 681
f 652 681 682
f 652 682 655
f 652 655 677
f 652 679 683
f 652 683 684
f 652 684 685
f 652 685 680
f 655 686 657
f 655 657 656
f 655 682 687
f 655 687 686
f 657 686 688
f 657 688 658
f 658 688 689
f 658 689 690
f 658 690 691
f 658 691 659
f 660 663 693
f 660 693 692
f 661 694 662
f 662 694 695
f 662 695 696
f 662 696 663
f 663 696 697
f 663 697 693
f 664 698 728
f 664 728 699
f 664 699 700
f 664 700 701
f 664 701 666
f 665 702 727
f 665 727 698
f 667 703 668
f 668 703 731
f 668 731 700
f 668 700 730
f 668 730 704
f 668 704 672
f 668 672 670
f 668 670 669
f 672 704 705
f 672 705 674
f 673 675 706
f 673 706 676
f 674 705 706
f 674 706 675
f 676 707 708
f 676 708 678
f 676 706 707
f 678 708 709
f 678 709 679
f 679 684 683
f 679 709 738
f 679 738 710
f 679 710 684
f 680 682 681
f 680 685 711
f 680 711 712
f 680 712 713
f 680 713 682
f 682 714 689
f 682 689 715
f 682 715 687
f 682 713 741
f 682 741 714
f 684 710 716
f 684 716 717
f 684 717 685
f 685 717 716
f 685 716 718
f 685 718 712
f 685 712 711
f 686 687 719
f 686 719 688
f 687 715 688
f 687 688 719
f 688 715 689
f 689 714 720
f 689 720 690
f 690 720 721
f 692 693 723
f 692 723 722
f 693 697 712
f 693 712 723
f 695 724 696
f 696 724 725
f 696 725 726
f 696 726 712
f 696 712 697
f 698 727 747
f 698 747 728
f 699 728 700
f 700 728 729
f 700 729 730
f 700 731 701
f 702 732 749
f 702 749 733
f 702 733 727
f 704 730 735
f 704 735 705
f 705 734 706
f 705 735 750
f 705 750 734
f 706 709 708
f 706 708 707
f 706 734 736
f 706 736 737
f 706 737 738
f 706 738 709
f 710 738 739
f 710 739 743
f 710 743 716
f 712 718 723
f 712 726 713
f 713 726 725
f 713 725 740
f 713 740 741
f 714 742 720
f 716 743 744
f 716 744 745
f 716 745 718
f 718 745 723
f 720 742 721
f 722 723 745
f 722 745 744
f 722 744 746
f 724 741 740
f 724 740 725
f 727 733 747
f 728 747 748
f 728 748 729
f 729 748 735
f 729 735 730
f 732 746 744
f 732 744 749
f 733 749 747
f 734 750 736
f 735 748 750
f 736 750 748
f 736 748 747
f 736 747 737
f 737 747 751
f 737 751 739
f 737 739 738
f 739 751 747
f 739 747 743
f 743 747 749
f 743 749 744
f 752 753 754
f 752 754 763
f 752 763 777
f 752 777 794
f 752 794 793
f 752 793 810
f 752 810 834
f 752 834 856
f 752 856 855
f 752 855 854
f 752 854 876
f 752 876 906
f 752 906 935
f 752 935 934
f 752 934 937
f 752 937 936
f 752 936 907
f 752 907 877
f 752 877 857
f 752 857 836
f 752 836 835
f 752 835 811
f 752 811 795
f 752 795 778
f 752 778 765
f 752 765 755
f 752 755 753
f 753 755 756
f 753 756 757
f 753 757 758
f 753 758 759
f 753 759 760
f 753 760 761
f 753 761 762
f 753 762 763
f 753 763 764
f 753 764 754
f 754 764 763
f 755 765 766
f 755 766 757
f 755 757 756
f 757 766 767
f 757 767 768
f 757 768 758
f 758 768 759
f 759 769 760
f 759 768 770
f 759 770 769
f 760 769 761
f 761 771 763
f 761 763 762
f 761 769 772
f 761 772 773
f 761 773 774
f 761 774 775
f 761 775 771
f 763 771 776
f 763 776 777
f 765 778 779
f 765 779 780
f 765 780 766
f 766 780 767
f 767 780 768
f 768 780 781
f 768 781 782
f 768 782 785
f 768 785 770
f 769 783 784
f 769 784 772
f 769 770 786
f 769 786 783
f 770 785 786
f 771 775 776
f 772 787 805
f 772 805 788
f 772 788 789
f 772 789 773
f 772 784 802
f 772 802 787
f 773 789 808
f 773 808 790
f 773 790 791
f 773 791 774
f 774 791 775
f 775 791 776
f 776 791 792
f 776 792 793
f 776 793 794
f 776 794 777
f 778 795 816
f 778 816 837
f 778 837 858
f 778 858 879
f 778 879 882
f 778 882 860
f 778 860 838
f 778 838 817
f 778 817 796
f 778 796 779
f 779 796 780
f 780 796 781
f 781 796 797
f 781 797 782
f 782 797 798
f 782 798 803
f 782 803 785
f 783 799 800
f 783 800 801
f 783 801 784
f 783 786 804
f 783 804 799
f 784 801 802
f 785 803 786
f 786 803 804
f 787 802 825
f 787 825 805
f 788 805 806
f 788 806 807
f 788 807 789
f 789 807 808
f 790 809 791
f 790 808 809
f 791 809 792
f 792 809 793
f 793 809 810
f 795 811 812
f 795 812 813
f 795 813 814
f 795 814 815
f 795 815 816
f 796 817 797
f 797 817 818
f 797 818 798
f 798 818 819
f 798 819 820
f 798 820 842
f 798 842 821
f 798 821 804
f 798 804 803
f 799 822 800
f 799 804 826
f 799 826 822
f 800 822 823
f 800 823 824
f 800 824 802
f 800 802 801
f 802 824 825
f 804 821 826
f 805 825 846
f 805 846 827
f 805 827 828
f 805 828 829
f 805 829 806
f 806 829 830
f 806 830 807
f 807 830 831
f 807 831 808
f 808 831 853
f 808 853 832
f 808 832 833
f 808 833 810
f 808 810 809
f 810 833 834
f 811 835 812
f 812 835 836
f 812 836 857
f 812 857 878
f 812 878 909
f 812 909 943
f 812 943 942
f 812 942 967
f 812 967 991
f 812 991 977
f 812 977 976
f 812 976 975
f 812 975 974
f 812 974 973
f 812 973 972
f 812 972 971
f 812 971 970
f 812 970 969
f 812 969 949
f 812 949 948
f 812 948 968
f 812 968 946
f 812 946 944
f 812 944 910
f 812 910 880
f 812 880 859
f 812 859 837
f 812 837 816
f 812 816 815
f 812 815 814
f 812 814 813
f 817 838 819
f 817 819 818
f 819 838 860
f 819 860 839
f 819 839 840
f 819 840 820
f 820 840 841
f 820 841 842
f 821 842 826
f 822 843 844
f 822 844 823
f 822 826 847
f 822 847 843
f 823 844 845
f 823 845 825
f 823 825 824
f 825 845 846
f 826 842 847
f 827 848 828
f 827 846 868
f 827 868 895
f 827 895 870
f 827 870 849
f 827 849 850
f 827 850 848
f 828 850 829
f 828 848 850
f 829 850 851
f 829 851 852
f 829 852 831
f 829 831 830
f 831 852 853
f 832 853 854
f 832 854 855
f 832 855 856
f 832 856 833
f 833 856 834
f 837 859 858
f 839 860 861
f 839 861 862
f 839 862 841
f 839 841 840
f 841 862 863
f 841 863 864
f 841 864 887
f 841 887 865
f 841 865 843
f 841 843 847
f 841 847 842
f 843 865 844
f 844 865 866
f 844 866 867
f 844 867 868
f 844 868 845
f 845 868 846
f 849 869 850
f 849 870 897
f 849 897 869
f 850 869 871
f 850 871 851
f 851 871 900
f 851 900 872
f 851 872 873
f 851 873 852
f 852 873 874
f 852 874 875
f 852 875 853
f 853 875 854
f 854 875 876
f 857 877 878
f 858 859 879
f 859 880 881
f 859 881 879
f 860 882 861
f 861 882 883
f 861 883 862
f 862 883 884
f 862 884 863
f 863 884 885
f 863 885 886
f 863 886 864
f 864 886 913
f 864 913 887
f 865 887 888
f 865 888 889
f 865 889 890
f 865 890 891
f 865 891 892
f 865 892 893
f 865 893 866
f 866 893 894
f 866 894 895
f 866 895 867
f 867 895 868
f 869 896 899
f 869 899 871
f 869 897 924
f 869 924 896
f 870 895 894
f 870 894 898
f 870 898 897
f 871 899 928
f 871 928 900
f 872 900 901
f 872 901 902
f 872 902 903
f 872 903 873
f 873 903 874
f 874 903 904
f 874 904 875
f 875 904 876
f 876 904 905
f 876 905 906
f 877 907 908
f 877 908 878
f 878 908 909
f 879 881 882
f 880 910 911
f 880 911 881
f 881 883 882
f 881 911 884
f 881 884 883
f 884 911 885
f 885 911 912
f 885 912 886
f 886 912 947
f 886 947 913
f 887 913 888
f 888 913 914
f 888 914 915
f 888 915 916
f 888 916 917
f 888 917 918
f 888 918 919
f 888 919 889
f 889 919 890
f 890 919 920
f 890 920 891
f 891 920 921
f 891 921 956
f 891 956 922
f 891 922 892
f 892 922 923
f 892 923 893
f 893 923 894
f 894 923 898
f 896 924 956
f 896 956 925
f 896 925 926
f 896 926 899
f 897 898 927
f 897 927 924
f 898 923 927
f 899 926 928
f 900 928 901
f 901 929 930
f 901 930 931
f 901 931 903
f 901 903 902
f 901 928 960
f 901 960 929
f 903 931 932
f 903 932 930
f 903 930 904
f 904 930 905
f 905 930 933
f 905 933 934
f 905 934 935
f 905 935 906
f 907 936 908
f 908 936 937
f 908 937 938
f 908 938 939
f 908 939 940
f 908 940 941
f 908 941 942
f 908 942 943
f 908 943 909
f 910 944 911
f 911 944 945
f 911 945 912
f 912 945 946
f 912 946 968
f 912 968 947
f 913 947 914
f 914 947 948
f 914 948 949
f 914 949 950
f 914 950 915
f 915 950 951
f 915 951 952
f 915 952 978
f 915 978 953
f 915 953 916
f 916 953 918
f 916 918 917
f 918 953 919
f 919 953 978
f 919 978 954
f 919 954 920
f 920 954 955
f 920 955 921
f 921 955 956
f 922 956 927
f 922 927 923
f 924 927 956
f 925 956 958
f 925 958 926
f 926 957 928
f 926 958 982
f 926 982 957
f 928 957 959
f 928 959 960
f 929 960 930
f 930 938 937
f 930 937 934
f 930 934 933
f 930 932 931
f 930 960 961
f 930 961 938
f 938 961 962
f 938 962 963
f 938 963 964
f 938 964 939
f 939 964 987
f 939 987 965
f 939 965 966
f 939 966 940
f 940 942 941
f 940 966 942
f 942 966 967
f 944 946 945
f 947 968 948
f 949 969 950
f 950 969 951
f 951 969 970
f 951 970 971
f 951 971 972
f 951 972 973
f 951 973 974
f 951 974 975
f 951 975 976
f 951 976 977
f 951 977 952
f 952 977 979
f 952 979 978
f 954 978 979
f 954 979 980
f 954 980 981
f 954 981 955
f 955 981 956
f 956 981 958
f 957 982 983
f 957 983 959
f 958 981 982
f 959 983 984
f 959 984 961
f 959 961 960
f 961 984 963
f 961 963 962
f 963 984 985
f 963 985 986
f 963 986 964
f 964 986 987
f 965 987 988
f 965 988 966
f 966 988 989
f 966 989 990
f 966 990 967
f 967 990 991
f 977 991 990
f 977 990 992
f 977 992 979
f 979 992 996
f 979 996 993
f 979 993 980
f 980 993 994
f 980 994 981
f 981 994 983
f 981 983 982
f 983 995 984
f 983 994 995
f 984 995 985
f 985 995 996
f 985 996 997
f 985 997 986
f 986 997 987
f 987 997 992
f 987 992 988
f 988 990 989
f 988 992 990
f 992 997 996
f 993 996 995
f 993 995 994
f 998 999 1000
f 998 1000 1001
f 998 1001 1008
f 998 1008 1007
f 998 1007 1020
f 998 1020 1032
f 998 1032 1051
f 998 1051 1072
f 998 1072 1093
f 998 1093 1121
f 998 1121 1152
f 998 1152 1122
f 998 1122 1094
f 998 1094 1073
f 998 1073 1054
f 998 1054 1053
f 998 1053 1034
f 998 1034 1022
f 998 1022 1009
f 998 1009 1002
f 998 1002 1004
f 998 1004 999
f 999 1003 1000
f 999 1004 1005
f 999 1005 1003
f 1000 1003 1006
f 1000 1006 1007
f 1000 1007 1008
f 1000 1008 1001
f 1002 1009 1010
f 1002 1010 1004
f 1003 1011 1025
f 1003 1025 1012
f 1003 1012 1006
f 1003 1005 1013
f 1003 1013 1014
f 1003 1014 1011
f 1004 1010 1023
f 1004 1023 1015
f 1004 1015 1016
f 1004 1016 1017
f 1004 1017 1005
f 1005 1017 1016
f 1005 1016 1018
f 1005 1018 1019
f 1005 1019 1014
f 1005 1014 1013
f 1006 1020 1007
f 1006 1012 1025
f 1006 1025 1021
f 1006 1021 1033
f 1006 1033 1052
f 1006 1052 1038
f 1006 1038 1037
f 1006 1037 1062
f 1006 1062 1081
f 1006 1081 1080
f 1006 1080 1103
f 1006 1103 1114
f 1006 1114 1090
f 1006 1090 1071
f 1006 1071 1048
f 1006 1048 1032
f 1006 1032 1020
f 1009 1022 1023
f 1009 1023 1010
f 1011 1024 1039
f 1011 1039 1025
f 1011 1014 1024
f 1014 1019 1024
f 1015 1023 1026
f 1015 1026 1027
f 1015 1027 1028
f 1015 1028 1016
f 1016 1029 1018
f 1016 1028 1030
f 1016 1030 1029
f 1018 1029 1031
f 1018 1031 1019
f 1019 1031 1024
f 1021 1025 1039
f 1021 1039 1033
f 1022 1034 1023
f 1023 1034 1035
f 1023 1035 1026
f 1024 1036 1037
f 1024 1037 1038
f 1024 1038 1039
f 1024 1031 1040
f 1024 1040 1041
f 1024 1041 1036
f 1026 1035 1042
f 1026 1042 1027
f 1027 1042 1043
f 1027 1043 1028
f 1028 1043 1044
f 1028 1044 1030
f 1029 1030 1047
f 1029 1047 1045
f 1029 1045 1068
f 1029 1068 1046
f 1029 1046 1041
f 1029 1041 1040
f 1029 1040 1031
f 1030 1044 1066
f 1030 1066 1047
f 1032 1048 1049
f 1032 1049 1050
f 1032 1050 1051
f 1033 1039 1052
f 1034 1053 1035
f 1035 1053 1054
f 1035 1054 1055
f 1035 1055 1056
f 1035 1056 1042
f 1036 1057 1058
f 1036 1058 1059
f 1036 1059 1060
f 1036 1060 1061
f 1036 1061 1062
f 1036 1062 1037
f 1036 1041 1063
f 1036 1063 1057
f 1038 1052 1039
f 1041 1046 1068
f 1041 1068 1086
f 1041 1086 1097
f 1041 1097 1075
f 1041 1075 1063
f 1042 1056 1064
f 1042 1064 1043
f 1043 1064 1065
f 1043 1065 1044
f 1044 1065 1066
f 1045 1067 1068
f 1045 1047 1067
f 1047 1066 1065
f 1047 1065 1069
f 1047 1069 1088
f 1047 1088 1070
f 1047 1070 1085
f 1047 1085 1067
f 1048 1071 1091
f 1048 1091 1116
f 1048 1116 1145
f 1048 1145 1143
f 1048 1143 1156
f 1048 1156 1159
f 1048 1159 1188
f 1048 1188 1221
f 1048 1221 1190
f 1048 1190 1224
f 1048 1224 1244
f 1048 1244 1258
f 1048 1258 1253
f 1048 1253 1238
f 1048 1238 1237
f 1048 1237 1236
f 1048 1236 1209
f 1048 1209 1176
f 1048 1176 1146
f 1048 1146 1117
f 1048 1117 1092
f 1048 1092 1072
f 1048 1072 1051
f 1048 1051 1050
f 1048 1050 1049
f 1054 1073 1074
f 1054 1074 1055
f 1055 1074 1064
f 1055 1064 1056
f 1057 1063 1075
f 1057 1075 1076
f 1057 1076 1058
f 1058 1077 1060
f 1058 1060 1059
f 1058 1076 1078
f 1058 1078 1077
f 1060 1079 1080
f 1060 1080 1081
f 1060 1081 1062
f 1060 1062 1061
f 1060 1077 1079
f 1064 1082 1065
f 1064 1074 1096
f 1064 1096 1083
f 1064 1083 1084
f 1064 1084 1082
f 1065 1082 1088
f 1065 1088 1069
f 1067 1085 1068
f 1068 1085 1087
f 1068 1087 1086
f 1070 1089 1085
f 1070 1088 1089
f 1071 1090 1091
f 1072 1092 1093
f 1073 1094 1095
f 1073 1095 1074
f 1074 1095 1096
f 1075 1097 1098
f 1075 1098 1076
f 1076 1098 1102
f 1076 1102 1078
f 1077 1099 1100
f 1077 1100 1079
f 1077 1078 1102
f 1077 1102 1128
f 1077 1128 1127
f 1077 1127 1101
f 1077 1101 1099
f 1079 1100 1080
f 1080 1100 1103
f 1082 1084 1104
f 1082 1104 1105
f 1082 1105 1088
f 1083 1096 1106
f 1083 1106 1107
f 1083 1107 1104
f 1083 1104 1084
f 1085 1089 1108
f 1085 1108 1109
f 1085 1109 1087
f 1086 1087 1110
f 1086 1110 1098
f 1086 1098 1097
f 1087 1109 1110
f 1088 1111 1112
f 1088 1112 1089
f 1088 1105 1111
f 1089 1112 1111
f 1089 1111 1113
f 1089 1113 1108
f 1090 1114 1115
f 1090 1115 1116
f 1090 1116 1091
f 1092 1117 1118
f 1092 1118 1093
f 1093 1118 1119
f 1093 1119 1120
f 1093 1120 1121
f 1094 1122 1095
f 1095 1122 1123
f 1095 1123 1096
f 1096 1123 1106
f 1098 1110 1102
f 1099 1124 1126
f 1099 1126 1100
f 1099 1101 1125
f 1099 1125 1124
f 1100 1126 1114
f 1100 1114 1103
f 1101 1127 1160
f 1101 1160 1125
f 1102 1110 1128
f 1104 1129 1130
f 1104 1130 1105
f 1104 1107 1131
f 1104 1131 1132
f 1104 1132 1133
f 1104 1133 1129
f 1105 1130 1169
f 1105 1169 1134
f 1105 1134 1111
f 1106 1123 1107
f 1107 1123 1131
f 1108 1113 1135
f 1108 1135 1109
f 1109 1135 1136
f 1109 1136 1137
f 1109 1137 1110
f 1110 1138 1139
f 1110 1139 1128
f 1110 1137 1136
f 1110 1136 1138
f 1111 1140 1169
f 1111 1169 1141
f 1111 1141 1142
f 1111 1142 1113
f 1111 1134 1140
f 1113 1142 1135
f 1114 1126 1115
f 1115 1126 1143
f 1115 1143 1144
f 1115 1144 1145
f 1115 1145 1116
f 1117 1146 1147
f 1117 1147 1148
f 1117 1148 1118
f 1118 1148 1119
f 1119 1149 1151
f 1119 1151 1120
f 1119 1148 1147
f 1119 1147 1150
f 1119 1150 1149
f 1120 1151 1180
f 1120 1180 1179
f 1120 1179 1186
f 1120 1186 1185
f 1120 1185 1184
f 1120 1184 1183
f 1120 1183 1153
f 1120 1153 1152
f 1120 1152 1121
f 1122 1152 1153
f 1122 1153 1123
f 1123 1153 1154
f 1123 1154 1155
f 1123 1155 1131
f 1124 1156 1143
f 1124 1143 1157
f 1124 1157 1126
f 1124 1125 1158
f 1124 1158 1159
f 1124 1159 1156
f 1125 1160 1187
f 1125 1187 1158
f 1126 1157 1143
f 1127 1128 1161
f 1127 1161 1160
f 1128 1162 1161
f 1128 1139 1163
f 1128 1163 1164
f 1128 1164 1165
f 1128 1165 1166
f 1128 1166 1162
f 1129 1167 1130
f 1129 1133 1168
f 1129 1168 1167
f 1130 1167 1169
f 1131 1155 1132
f 1132 1170 1171
f 1132 1171 1168
f 1132 1168 1133
f 1132 1155 1172
f 1132 1172 1170
f 1134 1169 1140
f 1135 1142 1173
f 1135 1173 1136
f 1136 1173 1174
f 1136 1174 1138
f 1138 1174 1175
f 1138 1175 1139
f 1139 1175 1163
f 1141 1173 1142
f 1141 1169 1173
f 1143 1145 1144
f 1146 1176 1147
f 1147 1177 1150
f 1147 1176 1178
f 1147 1178 1177
f 1149 1179 1180
f 1149 1180 1151
f 1149 1150 1179
f 1150 1177 1181
f 1150 1181 1213
f 1150 1213 1182
f 1150 1182 1179
f 1153 1183 1154
f 1154 1172 1155
f 1154 1183 1184
f 1154 1184 1185
f 1154 1185 1186
f 1154 1186 1172
f 1158 1187 1188
f 1158 1188 1159
f 1160 1161 1189
f 1160 1189 1190
f 1160 1190 1187
f 1161 1162 1191
f 1161 1191 1192
f 1161 1192 1193
f 1161 1193 1194
f 1161 1194 1189
f 1162 1166 1195
f 1162 1195 1192
f 1162 1192 1191
f 1163 1175 1164
f 1164 1175 1196
f 1164 1196 1197
f 1164 1197 1198
f 1164 1198 1165
f 1165 1198 1199
f 1165 1199 1200
f 1165 1200 1166
f 1166 1200 1195
f 1167 1201 1205
f 1167 1205 1169
f 1167 1168 1201
f 1168 1202 1232
f 1168 1232 1201
f 1168 1171 1203
f 1168 1203 1204
f 1168 1204 1202
f 1169 1205 1206
f 1169 1206 1207
f 1169 1207 1173
f 1170 1172 1208
f 1170 1208 1171
f 1171 1208 1203
f 1172 1186 1208
f 1173 1207 1175
f 1173 1175 1174
f 1175 1207 1196
f 1176 1209 1178
f 1177 1178 1210
f 1177 1210 1218
f 1177 1218 1181
f 1178 1209 1211
f 1178 1211 1212
f 1178 1212 1218
f 1178 1218 1210
f 1179 1182 1213
f 1179 1213 1214
f 1179 1214 1215
f 1179 1215 1216
f 1179 1216 1217
f 1179 1217 1186
f 1181 1218 1213
f 1186 1217 1219
f 1186 1219 1204
f 1186 1204 1203
f 1186 1203 1208
f 1187 1190 1220
f 1187 1220 1188
f 1188 1220 1221
f 1189 1222 1190
f 1189 1194 1193
f 1189 1193 1223
f 1189 1223 1222
f 1190 1221 1220
f 1190 1222 1224
f 1192 1195 1200
f 1192 1200 1225
f 1192 1225 1226
f 1192 1226 1227
f 1192 1227 1193
f 1193 1227 1223
f 1196 1207 1197
f 1197 1207 1198
f 1198 1228 1235
f 1198 1235 1229
f 1198 1229 1230
f 1198 1230 1231
f 1198 1231 1199
f 1198 1207 1228
f 1199 1231 1225
f 1199 1225 1200
f 1201 1232 1235
f 1201 1235 1205
f 1202 1219 1233
f 1202 1233 1234
f 1202 1234 1235
f 1202 1235 1232
f 1202 1204 1219
f 1205 1235 1228
f 1205 1228 1206
f 1206 1228 1207
f 1209 1236 1211
f 1211 1236 1237
f 1211 1237 1238
f 1211 1238 1239
f 1211 1239 1218
f 1211 1218 1212
f 1213 1218 1240
f 1213 1240 1239
f 1213 1239 1214
f 1214 1239 1241
f 1214 1241 1242
f 1214 1242 1215
f 1215 1242 1216
f 1216 1242 1243
f 1216 1243 1252
f 1216 1252 1233
f 1216 1233 1217
f 1217 1233 1219
f 1218 1239 1240
f 1222 1223 1244
f 1222 1244 1224
f 1223 1227 1248
f 1223 1248 1245
f 1223 1245 1244
f 1225 1231 1230
f 1225 1230 1246
f 1225 1246 1226
f 1226 1246 1259
f 1226 1259 1247
f 1226 1247 1248
f 1226 1248 1227
f 1229 1235 1249
f 1229 1249 1250
f 1229 1250 1251
f 1229 1251 1230
f 1230 1251 1259
f 1230 1259 1246
f 1233 1252 1249
f 1233 1249 1235
f 1233 1235 1234
f 1238 1253 1254
f 1238 1254 1255
f 1238 1255 1239
f 1239 1255 1247
f 1239 1247 1256
f 1239 1256 1257
f 1239 1257 1241
f 1241 1257 1243
f 1241 1243 1242
f 1243 1257 1252
f 1244 1245 1254
f 1244 1254 1258
f 1245 1248 1255
f 1245 1255 1254
f 1247 1259 1257
f 1247 1257 1256
f 1247 1255 1248
f 1249 1252 1251
f 1249 1251 1250
f 1251 1252 1257
f 1251 1257 1259
f 1253 1258 1254
f 1261 1262 1260
f 1263 1262 1261
f 1263 1264 1262
f 1265 1264 1263
f 1265 1266 1264
f 1265 1267 1266
f 1265 1263 1267
f 1263 1261 1267
f 1268 1267 1261
f 1269 1267 1268
f 1270 1267 1269
f 1271 1267 1270
f 1271 1272 1267
f 1273 1272 1271
f 1274 1272 1273
f 1275 1272 1274
f 1275 1276 1272
f 1275 1277 1276
f 1275 1274 1277
f 1274 1278 1277
f 1274 1279 1278
f 1274 1280 1279
f 1274 1273 1280
f 1281 1280 1273
f 1282 1280 1281
f 1282 1283 1280
f 1282 1284 1283
f 1282 1281 1284
f 1281 1271 1284
f 1281 1273 1271
f 1271 1270 1284
f 1270 1269 1284
f 1269 1285 1284
f 1286 1285 1269
f 1286 1287 1285
f 1288 1287 1286
f 1289 1287 1288
f 1289 1290 1287
f 1289 1291 1290
f 1289 1292 1291
f 1289 1288 1292
f 1293 1292 1288
f 1293 1294 1292
f 1293 1288 1294
f 1288 1269 1294
f 1295 1269 1288
f 1295 1296 1269
f 1295 1288 1296
f 1296 1288 1286
f 1296 1286 1269
f 1294 1269 1268
f 1297 1294 1268
f 1297 1292 1294
f 1297 1268 1292
f 1292 1268 1298
f 1292 1298 1291
f 1291 1298 1285
f 1287 1291 1285
f 1290 1291 1287
f 1285 1298 1299
f 1300 1285 1299
f 1300 1301 1285
f 1300 1299 1301
f 1302 1301 1299
f 1302 1303 1301
f 1302 1299 1303
f 1303 1299 1283
f 1303 1283 1301
f 1301 1283 1285
f 1284 1285 1283
f 1304 1283 1299
f 1305 1283 1304
f 1306 1283 1305
f 1307 1283 1306
f 1307 1308 1283
f 1307 1309 1308
f 1307 1306 1309
f 1309 1306 1310
f 1309 1310 1311
f 1309 1311 1312
f 1313 1309 1312
f 1313 1314 1309
f 1315 1314 1313
f 1315 1316 1314
f 1315 1312 1316
f 1315 1313 1312
f 1316 1312 1317
f 1318 1316 1317
f 1318 1314 1316
f 1318 1319 1314
f 1318 1320 1319
f 1318 1321 1320
f 1318 1322 1321
f 1318 1317 1322
f 1317 1278 1322
f 1317 1323 1278
f 1317 1324 1323
f 1325 1324 1317
f 1325 1326 1324
f 1325 1312 1326
f 1325 1317 1312
f 1327 1326 1312
f 1328 1326 1327
f 1328 1324 1326
f 1328 1329 1324
f 1330 1329 1328
f 1330 1331 1329
f 1330 1332 1331
f 1330 1333 1332
f 1330 1327 1333
f 1330 1328 1327
f 1327 1311 1333
f 1327 1312 1311
f 1332 1333 1311
f 1334 1332 1311
f 1334 1335 1332
f 1334 1336 1335
f 1334 1311 1336
f 1336 1311 1310
f 1336 1310 1305
f 1336 1305 1337
f 1336 1337 1335
f 1337 1338 1335
f 1337 1305 1338
f 1305 1304 1338
f 1304 1339 1338
f 1340 1339 1304
f 1341 1339 1340
f 1341 1342 1339
f 1343 1342 1341
f 1343 1340 1342
f 1343 1341 1340
f 1342 1340 1344
f 1342 1344 1339
f 1344 1260 1339
f 1345 1260 1344
f 1346 1260 1345
f 1347 1260 1346
f 1347 1268 1260
f 1347 1348 1268
f 1347 1346 1348
f 1346 1349 1348
f 1346 1350 1349
f 1346 1351 1350
f 1346 1352 1351
f 1346 1345 1352
f 1353 1352 1345
f 1353 1344 1352
f 1353 1345 1344
f 1352 1344 1298
f 1354 1352 1298
f 1351 1352 1354
f 1351 1354 1350
f 1350 1354 1268
f 1349 1350 1268
f 1348 1349 1268
f 1354 1298 1268
f 1344 1299 1298
f 1304 1299 1344
f 1340 1304 1344
f 1268 1261 1260
f 1260 1262 1339
f 1338 1339 1262
f 1355 1338 1262
f 1356 1338 1355
f 1356 1357 1338
f 1358 1357 1356
f 1358 1338 1357
f 1359 1338 1358
f 1359 1331 1338
f 1359 1358 1331
f 1358 1329 1331
f 1358 1360 1329
f 1361 1360 1358
f 1361 1356 1360
f 1361 1358 1356
f 1362 1360 1356
f 1362 1363 1360
f 1362 1262 1363
f 1362 1364 1262
f 1362 1355 1364
f 1362 1356 1355
f 1364 1355 1262
f 1363 1262 1365
f 1363 1365 1360
f 1329 1360 1365
f 1329 1365 1324
f 1366 1324 1365
f 1366 1367 1324
f 1368 1367 1366
f 1369 1367 1368
f 1369 1370 1367
f 1369 1371 1370
f 1369 1372 1371
f 1369 1368 1372
f 1368 1366 1372
f 1372 1366 1365
f 1373 1372 1365
f 1374 1372 1373
f 1374 1375 1372
f 1374 1373 1375
f 1373 1262 1375
f 1373 1365 1262
f 1375 1262 1371
f 1372 1375 1371
f 1370 1371 1262
f 1370 1262 1264
f 1370 1264 1266
f 1376 1370 1266
f 1376 1367 1370
f 1376 1377 1367
f 1376 1378 1377
f 1376 1267 1378
f 1376 1266 1267
f 1378 1267 1377
f 1379 1377 1267
f 1380 1377 1379
f 1380 1323 1377
f 1380 1379 1323
f 1277 1323 1379
f 1277 1278 1323
f 1277 1379 1276
f 1276 1379 1267
f 1276 1267 1272
f 1381 1377 1323
f 1381 1367 1377
f 1381 1324 1367
f 1381 1323 1324
f 1382 1338 1331
f 1382 1383 1338
f 1382 1331 1383
f 1332 1383 1331
f 1332 1335 1383
f 1383 1335 1338
f 1310 1306 1305
f 1279 1322 1278
f 1279 1280 1322
f 1321 1322 1280
f 1321 1280 1320
f 1320 1280 1283
f 1319 1320 1283
f 1319 1283 1314
f 1384 1314 1283
f 1384 1309 1314
f 1384 1283 1309
f 1309 1283 1308
f 1385 1386 1387
f 1385 1387 1388
f 1385 1388 1398
f 1385 1398 1393
f 1385 1393 1406
f 1385 1406 1405
f 1385 1405 1425
f 1385 1425 1445
f 1385 1445 1461
f 1385 1461 1479
f 1385 1479 1503
f 1385 1503 1500
f 1385 1500 1524
f 1385 1524 1509
f 1385 1509 1487
f 1385 1487 1466
f 1385 1466 1451
f 1385 1451 1436
f 1385 1436 1417
f 1385 1417 1415
f 1385 1415 1399
f 1385 1399 1389
f 1385 1389 1400
f 1385 1400 1416
f 1385 1416 1409
f 1385 1409 1408
f 1385 1408 1407
f 1385 1407 1395
f 1385 1395 1390
f 1385 1390 1386
f 1386 1390 1387
f 1387 1391 1392
f 1387 1392 1393
f 1387 1393 1394
f 1387 1394 1388
f 1387 1390 1395
f 1387 1395 1396
f 1387 1396 1397
f 1387 1397 1391
f 1388 1394 1398
f 1389 1399 1400
f 1391 1401 1402
f 1391 1402 1403
f 1391 1403 1392
f 1391 1397 1414
f 1391 1414 1401
f 1392 1403 1404
f 1392 1404 1405
f 1392 1405 1406
f 1392 1406 1393
f 1393 1398 1394
f 1395 1407 1396
f 1396 1407 1408
f 1396 1408 1409
f 1396 1409 1410
f 1396 1410 1411
f 1396 1411 1412
f 1396 1412 1413
f 1396 1413 1397
f 1397 1413 1414
f 1399 1415 1400
f 1400 1415 1417
f 1400 1417 1418
f 1400 1418 1419
f 1400 1419 1438
f 1400 1438 1452
f 1400 1452 1467
f 1400 1467 1490
f 1400 1490 1515
f 1400 1515 1531
f 1400 1531 1542
f 1400 1542 1545
f 1400 1545 1535
f 1400 1535 1528
f 1400 1528 1505
f 1400 1505 1484
f 1400 1484 1482
f 1400 1482 1504
f 1400 1504 1480
f 1400 1480 1462
f 1400 1462 1447
f 1400 1447 1446
f 1400 1446 1427
f 1400 1427 1426
f 1400 1426 1416
f 1401 1420 1421
f 1401 1421 1402
f 1401 1414 1420
f 1402 1421 1422
f 1402 1422 1403
f 1403 1422 1423
f 1403 1423 1424
f 1403 1424 1425
f 1403 1425 1404
f 1404 1425 1405
f 1409 1416 1426
f 1409 1426 1411
f 1409 1411 1410
f 1411 1426 1427
f 1411 1427 1428
f 1411 1428 1429
f 1411 1429 1430
f 1411 1430 1431
f 1411 1431 1432
f 1411 1432 1433
f 1411 1433 1413
f 1411 1413 1412
f 1413 1433 1432
f 1413 1432 1434
f 1413 1434 1414
f 1414 1434 1421
f 1414 1421 1420
f 1417 1435 1418
f 1417 1436 1437
f 1417 1437 1435
f 1418 1435 1419
f 1419 1435 1438
f 1421 1439 1440
f 1421 1440 1422
f 1421 1434 1432
f 1421 1432 1431
f 1421 1431 1439
f 1422 1439 1423
f 1422 1440 1439
f 1423 1439 1441
f 1423 1441 1442
f 1423 1442 1443
f 1423 1443 1444
f 1423 1444 1424
f 1424 1444 1445
f 1424 1445 1425
f 1427 1446 1429
f 1427 1429 1428
f 1429 1446 1447
f 1429 1447 1448
f 1429 1448 1449
f 1429 1449 1431
f 1429 1431 1430
f 1431 1449 1450
f 1431 1450 1439
f 1435 1437 1438
f 1436 1451 1437
f 1437 1452 1438
f 1437 1451 1466
f 1437 1466 1486
f 1437 1486 1508
f 1437 1508 1513
f 1437 1513 1489
f 1437 1489 1467
f 1437 1467 1452
f 1439 1450 1465
f 1439 1465 1453
f 1439 1453 1441
f 1441 1453 1454
f 1441 1454 1442
f 1442 1455 1456
f 1442 1456 1443
f 1442 1454 1455
f 1443 1456 1457
f 1443 1457 1444
f 1444 1457 1458
f 1444 1458 1445
f 1445 1458 1459
f 1445 1459 1460
f 1445 1460 1461
f 1447 1462 1463
f 1447 1463 1464
f 1447 1464 1448
f 1448 1464 1465
f 1448 1465 1450
f 1448 1450 1449
f 1453 1465 1464
f 1453 1464 1454
f 1454 1464 1485
f 1454 1485 1468
f 1454 1468 1492
f 1454 1492 1469
f 1454 1469 1455
f 1455 1469 1456
f 1456 1469 1470
f 1456 1470 1471
f 1456 1471 1457
f 1457 1471 1472
f 1457 1472 1498
f 1457 1498 1473
f 1457 1473 1460
f 1457 1460 1474
f 1457 1474 1459
f 1457 1459 1458
f 1459 1474 1460
f 1460 1475 1461
f 1460 1473 1476
f 1460 1476 1477
f 1460 1477 1478
f 1460 1478 1475
f 1461 1475 1479
f 1462 1480 1463
f 1463 1480 1481
f 1463 1481 1464
f 1464 1481 1482
f 1464 1482 1483
f 1464 1483 1484
f 1464 1484 1485
f 1466 1487 1488
f 1466 1488 1486
f 1467 1489 1490
f 1468 1485 1507
f 1468 1507 1491
f 1468 1491 1492
f 1469 1471 1470
f 1469 1492 1493
f 1469 1493 1494
f 1469 1494 1495
f 1469 1495 1496
f 1469 1496 1471
f 1471 1496 1497
f 1471 1497 1498
f 1471 1498 1472
f 1473 1498 1476
f 1475 1478 1503
f 1475 1503 1479
f 1476 1498 1497
f 1476 1497 1499
f 1476 1499 1477
f 1477 1500 1478
f 1477 1499 1501
f 1477 1501 1526
f 1477 1526 1502
f 1477 1502 1524
f 1477 1524 1500
f 1478 1500 1503
f 1480 1504 1481
f 1481 1504 1482
f 1482 1484 1483
f 1484 1505 1506
f 1484 1506 1507
f 1484 1507 1485
f 1486 1488 1508
f 1487 1509 1510
f 1487 1510 1488
f 1488 1511 1508
f 1488 1510 1512
f 1488 1512 1511
f 1489 1513 1514
f 1489 1514 1515
f 1489 1515 1490
f 1491 1516 1517
f 1491 1517 1492
f 1491 1507 1506
f 1491 1506 1516
f 1492 1517 1493
f 1493 1518 1519
f 1493 1519 1520
f 1493 1520 1521
f 1493 1521 1495
f 1493 1495 1494
f 1493 1517 1518
f 1495 1521 1522
f 1495 1522 1496
f 1496 1499 1497
f 1496 1522 1523
f 1496 1523 1501
f 1496 1501 1499
f 1501 1523 1525
f 1501 1525 1539
f 1501 1539 1526
f 1502 1526 1527
f 1502 1527 1510
f 1502 1510 1524
f 1505 1528 1529
f 1505 1529 1506
f 1506 1529 1516
f 1508 1511 1530
f 1508 1530 1513
f 1509 1524 1510
f 1510 1527 1512
f 1511 1512 1527
f 1511 1527 1530
f 1513 1530 1514
f 1514 1531 1515
f 1514 1530 1532
f 1514 1532 1533
f 1514 1533 1531
f 1516 1529 1534
f 1516 1534 1517
f 1517 1534 1518
f 1518 1534 1519
f 1519 1535 1545
f 1519 1545 1546
f 1519 1546 1536
f 1519 1536 1520
f 1519 1534 1529
f 1519 1529 1528
f 1519 1528 1535
f 1520 1536 1538
f 1520 1538 1521
f 1521 1537 1522
f 1521 1538 1544
f 1521 1544 1537
f 1522 1537 1525
f 1522 1525 1523
f 1525 1537 1544
f 1525 1544 1539
f 1526 1539 1540
f 1526 1540 1541
f 1526 1541 1527
f 1527 1541 1530
f 1530 1541 1532
f 1531 1533 1542
f 1532 1541 1540
f 1532 1540 1543
f 1532 1543 1544
f 1532 1544 1538
f 1532 1538 1533
f 1533 1538 1536
f 1533 1536 1542
f 1536 1546 1542
f 1539 1544 1543
f 1539 1543 1540
f 1542 1546 1545
f 1547 1548 1552
f 1547 1552 1549
f 1547 1549 1553
f 1547 1553 1565
f 1547 1565 1578
f 1547 1578 1594
f 1547 1594 1593
f 1547 1593 1611
f 1547 1611 1610
f 1547 1610 1609
f 1547 1609 1626
f 1547 1626 1627
f 1547 1627 1644
f 1547 1644 1668
f 1547 1668 1671
f 1547 1671 1669
f 1547 1669 1646
f 1547 1646 1645
f 1547 1645 1628
f 1547 1628 1612
f 1547 1612 1595
f 1547 1595 1579
f 1547 1579 1566
f 1547 1566 1554
f 1547 1554 1550
f 1547 1550 1559
f 1547 1559 1570
f 1547 1570 1569
f 1547 1569 1582
f 1547 1582 1599
f 1547 1599 1583
f 1547 1583 1571
f 1547 1571 1560
f 1547 1560 1551
f 1547 1551 1548
f 1548 1551 1552
f 1549 1552 1563
f 1549 1563 1553
f 1550 1554 1555
f 1550 1555 1556
f 1550 1556 1557
f 1550 1557 1558
f 1550 1558 1559
f 1551 1560 1552
f 1552 1560 1561
f 1552 1561 1562
f 1552 1562 1563
f 1553 1563 1564
f 1553 1564 1565
f 1554 1566 1555
f 1555 1566 1567
f 1555 1567 1568
f 1555 1568 1556
f 1556 1568 1557
f 1557 1568 1581
f 1557 1581 1596
f 1557 1596 1616
f 1557 1616 1633
f 1557 1633 1654
f 1557 1654 1677
f 1557 1677 1693
f 1557 1693 1696
f 1557 1696 1694
f 1557 1694 1678
f 1557 1678 1655
f 1557 1655 1634
f 1557 1634 1619
f 1557 1619 1618
f 1557 1618 1617
f 1557 1617 1597
f 1557 1597 1582
f 1557 1582 1569
f 1557 1569 1558
f 1558 1569 1570
f 1558 1570 1559
f 1560 1571 1572
f 1560 1572 1561
f 1561 1572 1562
f 1562 1572 1573
f 1562 1573 1574
f 1562 1574 1575
f 1562 1575 1563
f 1563 1575 1564
f 1564 1575 1576
f 1564 1576 1577
f 1564 1577 1594
f 1564 1594 1578
f 1564 1578 1565
f 1566 1579 1580
f 1566 1580 1567
f 1567 1581 1568
f 1567 1580 1579
f 1567 1579 1595
f 1567 1595 1613
f 1567 1613 1630
f 1567 1630 1649
f 1567 1649 1631
f 1567 1631 1614
f 1567 1614 1596
f 1567 1596 1581
f 1571 1583 1584
f 1571 1584 1572
f 1572 1584 1573
f 1573 1584 1585
f 1573 1585 1586
f 1573 1586 1587
f 1573 1587 1574
f 1574 1587 1575
f 1575 1587 1588
f 1575 1588 1589
f 1575 1589 1576
f 1576 1589 1590
f 1576 1590 1577
f 1577 1590 1591
f 1577 1591 1592
f 1577 1592 1593
f 1577 1593 1594
f 1582 1597 1598
f 1582 1598 1599
f 1583 1599 1598
f 1583 1598 1584
f 1584 1598 1600
f 1584 1600 1585
f 1585 1600 1601
f 1585 1601 1586
f 1586 1601 1602
f 1586 1602 1587
f 1587 1602 1588
f 1588 1602 1603
f 1588 1603 1604
f 1588 1604 1622
f 1588 1622 1605
f 1588 1605 1589
f 1589 1605 1606
f 1589 1606 1590
f 1590 1606 1624
f 1590 1624 1607
f 1590 1607 1591
f 1591 1607 1608
f 1591 1608 1609
f 1591 1609 1592
f 1592 1609 1610
f 1592 1610 1611
f 1592 1611 1593
f 1595 1612 1613
f 1596 1614 1615
f 1596 1615 1616
f 1597 1617 1598
f 1598 1617 1618
f 1598 1618 1600
f 1600 1618 1619
f 1600 1619 1601
f 1601 1603 1602
f 1601 1619 1620
f 1601 1620 1603
f 1603 1620 1621
f 1603 1621 1622
f 1603 1622 1604
f 1605 1622 1623
f 1605 1623 1624
f 1605 1624 1606
f 1607 1624 1625
f 1607 1625 1608
f 1608 1626 1609
f 1608 1625 1627
f 1608 1627 1626
f 1612 1628 1629
f 1612 1629 1613
f 1613 1629 1648
f 1613 1648 1630
f 1614 1631 1615
f 1615 1631 1649
f 1615 1649 1632
f 1615 1632 1633
f 1615 1633 1616
f 1619 1634 1620
f 1620 1635 1622
f 1620 1622 1621
f 1620 1634 1636
f 1620 1636 1637
f 1620 1637 1638
f 1620 1638 1635
f 1622 1635 1638
f 1622 1638 1639
f 1622 1639 1640
f 1622 1640 1641
f 1622 1641 1623
f 1623 1641 1624
f 1624 1641 1625
f 1625 1641 1642
f 1625 1642 1643
f 1625 1643 1665
f 1625 1665 1644
f 1625 1644 1627
f 1628 1645 1629
f 1629 1645 1646
f 1629 1646 1647
f 1629 1647 1670
f 1629 1670 1648
f 1630 1648 1649
f 1632 1650 1651
f 1632 1651 1652
f 1632 1652 1633
f 1632 1649 1650
f 1633 1652 1653
f 1633 1653 1654
f 1634 1655 1636
f 1636 1655 1656
f 1636 1656 1657
f 1636 1657 1659
f 1636 1659 1658
f 1636 1658 1638
f 1636 1638 1637
f 1638 1658 1659
f 1638 1659 1660
f 1638 1660 1661
f 1638 1661 1639
f 1639 1661 1662
f 1639 1662 1640
f 1640 1662 1663
f 1640 1663 1641
f 1641 1663 1642
f 1642 1663 1664
f 1642 1664 1665
f 1642 1665 1643
f 1644 1665 1666
f 1644 1666 1667
f 1644 1667 1668
f 1646 1669 1647
f 1647 1669 1671
f 1647 1671 1668
f 1647 1668 1667
f 1647 1667 1687
f 1647 1687 1689
f 1647 1689 1672
f 1647 1672 1670
f 1648 1651 1649
f 1648 1670 1652
f 1648 1652 1651
f 1649 1651 1650
f 1652 1670 1673
f 1652 1673 1674
f 1652 1674 1675
f 1652 1675 1653
f 1653 1675 1654
f 1654 1675 1676
f 1654 1676 1677
f 1655 1678 1656
f 1656 1678 1679
f 1656 1679 1680
f 1656 1680 1657
f 1657 1680 1659
f 1659 1680 1660
f 1660 1680 1681
f 1660 1681 1682
f 1660 1682 1683
f 1660 1683 1661
f 1661 1683 1686
f 1661 1686 1684
f 1661 1684 1662
f 1662 1684 1663
f 1663 1684 1685
f 1663 1685 1664
f 1664 1685 1666
f 1664 1666 1665
f 1666 1685 1686
f 1666 1686 1667
f 1667 1686 1687
f 1670 1672 1688
f 1670 1688 1673
f 1672 1689 1699
f 1672 1699 1688
f 1673 1688 1690
f 1673 1690 1674
f 1674 1690 1691
f 1674 1691 1676
f 1674 1676 1675
f 1676 1691 1701
f 1676 1701 1692
f 1676 1692 1693
f 1676 1693 1677
f 1678 1694 1679
f 1679 1695 1680
f 1679 1694 1696
f 1679 1696 1693
f 1679 1693 1697
f 1679 1697 1695
f 1680 1695 1681
f 1681 1695 1682
f 1682 1695 1683
f 1683 1695 1686
f 1684 1686 1685
f 1686 1698 1699
f 1686 1699 1689
f 1686 1689 1687
f 1686 1695 1698
f 1688 1699 1700
f 1688 1700 1690
f 1690 1700 1701
f 1690 1701 1691
f 1692 1701 1702
f 1692 1702 1697
f 1692 1697 1693
f 1695 1697 1702
f 1695 1702 1698
f 1698 1702 1699
f 1699 1702 1700
f 1700 1702 1701
