o centered_combined
v 0.00101582 0.04122165 0.0164194
v -0.0010995 0.04122165 0.0164194
v 0.00148919 0.04122165 0.0163002
v 0.00105786 0.09521565 0.011637
v -0.00168233 0.04122165 0.0159531
v -0.00105745 0.09521565 0.011637
v -0.00246814 0.09521565 0.0109331
v 0.00191254 0.04122165 0.0156662
v 0.00246856 0.09556715 0.0109331
v 0.00141018 0.09662725 0.0109331
v 0.000704829 0.09592415 0.011285
v -0.00172945 0.04122165 0.0159107
v -0.00141049 0.09592415 0.011285
v -0.00185124 0.09574845 0.0111096
v -0.00198317 0.09627575 0.0108444
v -0.00290889 0.09680305 0.0100507
v -0.00352653 0.09204075 0.00987525
v 0.00207348 0.04122165 0.0150205
v 0.0031739 0.09521565 0.00952231
v 0.00264471 0.09680305 0.0100507
v 0.00105786 0.09733035 0.00952231
v -0.00070514 0.09662725 0.0109331
v -0.00211583 0.04232565 0.0148115
v -0.00211583 0.04122165 0.0148115
v -0.00396728 0.09257355 0.00899289
v -0.00423187 0.08781135 0.00846447
v -0.00246814 0.09697885 0.0102272
v -0.00282118 0.09697885 0.00952231
v -0.00317349 0.09627575 0.00952231
v 0.00211552 0.04122165 0.0148115
v 0.00211552 0.04232565 0.0148115
v 0.0031739 0.09627575 0.00846447
v 0.0031739 0.04122165 0.00952231
v 0.00282087 0.09697885 0.00811153
v 0.00211552 0.09733035 0.00846447
v -0.00211583 0.09733035 0.00952231
v -0.00317349 0.04122165 0.00952231
v -0.00317349 0.09627575 0.00846447
v -0.00317349 0.09521565 0.00740663
v -0.00282118 0.09556715 0.00670075
v -0.00387884 0.08816285 0.00775859
v -0.00352653 0.08745985 0.00705369
v -0.00317349 0.04122165 0.00846447
v -0.00282118 0.09697885 0.00846447
v 0.00246856 0.09627575 0.00705369
v 0.00264471 0.09680305 0.00767085
v 0.0031739 0.09310085 0.00740663
v 0.0031739 0.04122165 0.00846447
v 0.00211552 0.09706665 0.00727354
v 0.00105786 0.09733035 0.00740663
v -0.00211583 0.09733035 0.00846447
v -0.00290889 0.09640755 0.00740663
v -0.0026443 0.09653935 0.00687722
v -0.00211583 0.09640755 0.00661301
v -0.00211583 0.09521565 0.00634781
v -0.00211583 0.08781135 0.00634781
v -0.00105745 0.04122165 0.00634781
v -0.00215715 0.04122165 0.00689792
v -0.00246814 0.04122165 0.00705369
v -0.00282118 0.04122165 0.00775859
v -0.00315247 0.04122165 0.00842208
v -0.0026443 0.09706665 0.00793506
v 0.00158633 0.09680305 0.00661301
v 0.00282087 0.09310085 0.00670075
v 0.00264471 0.09362825 0.00661301
v 0.00290931 0.09257355 0.00687722
v 0.0031739 0.08781135 0.00740663
v 0.00246856 0.04122165 0.00705369
v 0.00290931 0.08728405 0.00687722
v 0.00105786 0.09697885 0.00670075
v -0.00105745 0.09733035 0.00740663
v -0.00158664 0.09706665 0.00687722
v -0.00105745 0.09697885 0.00670075
v -0.00105745 0.09627575 0.00634781
v 0.00105786 0.04122165 0.00634781
v 0.00105786 0.09627575 0.00634781
v 0.00211552 0.09310085 0.00634781
v 0.00282087 0.08781135 0.00670075
v 0.00211552 0.08781135 0.00634781
v -0.0264492 0.01481265 0.00105999
v -0.0264492 0.01481265 0.00740914
v -0.0264492 0.01587075 -0.00127117
v -0.0243314 -0.01480715 0.020103
v -0.0264492 0.01692885 0.00952552
v -0.0243314 -0.01374915 0.0211634
v -0.0264492 0.02411515 -0.00127117
v -0.0157566 -0.02104555 -0.00127117
v -0.0202615 -0.02125955 0.00423233
v -0.0216388 -0.02125955 0.00701539
v -0.0221256 -0.02125955 0.00816978
v -0.0231042 -0.02125955 0.0114495
v -0.0231405 -0.02125955 0.0116419
v -0.0233113 -0.02125955 0.012595
v -0.0232751 -0.02125955 0.020103
v -0.0264492 0.02010305 0.0105815
v -0.0232751 -0.01586525 0.0243313
v -0.0232751 -0.01057495 0.0253872
v -0.0243314 -0.00845877 0.0211634
v -0.0264492 0.02433535 -0.0010564
v -0.0263922 0.02435975 -0.00127117
v -0.0156893 -0.02125955 -0.00127117
v -0.0222136 -0.02125955 0.0243313
v -0.0264492 0.02327725 0.0105815
v -0.0218977 -0.02125955 0.0249666
v -0.0219495 -0.01692335 0.0265774
v -0.0215094 -0.01586525 0.0278571
v -0.0225657 -0.01057495 0.0268011
v -0.0215094 5.80014e-06 0.0299735
v -0.0222136 5.80014e-06 0.028564
v -0.0232751 0.01058035 0.0253872
v -0.0264492 0.02539335 0.00211594
v -0.0253877 0.02750955 0.00105999
v -0.0251236 0.02763795 4.0335e-06
v -0.0253877 0.02645145 -0.00127117
v 0.0157566 -0.02125955 -0.00127117
v -0.0243314 0.02539335 0.0169306
v -0.0264492 0.02433535 0.00952552
v -0.0211935 -0.02125955 0.0263805
v -0.020101 -0.02125955 0.028564
v -0.0194278 -0.02125955 0.0299063
v -0.0193916 -0.02125955 0.0299735
v -0.0193916 -0.01798145 0.0310294
v -0.0204531 -0.01374915 0.0299735
v -0.0193916 0.00529615 0.0342062
v -0.0204531 0.00318001 0.0320898
v -0.020101 0.00529615 0.0327968
v -0.0222136 0.00952844 0.028564
v -0.0219495 0.01004825 0.029092
v -0.0230058 0.01110635 0.0259197
v -0.0240673 0.02591935 0.0174586
v -0.0264492 0.02539335 0.00846509
v -0.0243314 0.02962565 0.00317637
v -0.0236272 0.03103235 0.00317637
v -0.0246835 0.02891625 0.00105999
v -0.0236272 0.02997425 -0.00127117
v -0.0243314 0.02856755 -0.00127117
v 0.0201994 -0.02125955 0.00418311
v 0.0263353 0.01565055 -0.00127117
v -0.0240673 0.02697745 0.0164027
v -0.0240673 0.02909355 0.0142863
v -0.017279 -0.02125955 0.0331458
v -0.0183353 -0.02009755 0.0320898
v -0.0183353 -0.01480715 0.0331458
v -0.0183353 -0.0074007 0.0342062
v -0.0183353 5.80014e-06 0.0352622
v -0.0183353 0.00847037 0.0363226
v -0.0198369 0.01110635 0.0333248
v -0.020101 0.01058035 0.0327968
v -0.0211573 0.01058035 0.0306804
v -0.0208932 0.01110635 0.0312084
v -0.0226123 0.02433535 0.0211634
v -0.0226123 0.02645145 0.020103
v -0.0236686 0.02645145 0.0179866
v -0.0230058 0.03015165 0.0164027
v -0.0261799 0.02591935 0.00899307
v -0.0251236 0.02803555 0.0100535
v -0.0240673 0.03015165 0.0100535
v -0.0243314 0.02962565 0.00952552
v -0.0236272 0.03103235 0.00952552
v -0.0215094 0.03420655 0.00952552
v -0.0225657 0.03209045 4.0335e-06
v -0.0215094 0.03314845 -0.00127117
v 0.0212609 -0.02125955 0.00629949
v 0.0263664 0.01587075 -0.00127117
v 0.0264492 0.01587075 -0.0010564
v 0.0230576 -0.02125955 0.0104741
v 0.0230058 -0.02125955 0.0103488
v 0.0217372 -0.02125955 0.00730623
v -0.0236686 0.02962565 0.0148142
v -0.0230058 0.03120975 0.0142863
v -0.0161864 -0.02125955 0.0342107
v -0.0151612 -0.02115565 0.0352622
v -0.0151612 -0.01692335 0.0363226
v -0.017279 -0.01692335 0.0342062
v -0.017279 -0.01057495 0.0352622
v -0.017279 0.00529615 0.0373786
v -0.0183353 0.00952844 0.0363226
v -0.0187754 0.01004825 0.0354412
v -0.0194382 0.01163845 0.0338527
v -0.0183819 0.01587075 0.0338527
v -0.0183819 0.01798685 0.0327968
v -0.021556 0.02856755 0.020103
v -0.0203651 0.03015165 0.0206309
v -0.0203651 0.03120975 0.019575
v -0.0203651 0.03226775 0.0185146
v -0.021556 0.03173565 0.0169306
v -0.0225657 0.03103235 0.0158702
v -0.0225657 0.03209045 0.0137538
v -0.0215094 0.03420655 0.0116419
v -0.0204531 0.03526465 0.00952552
v -0.0208052 0.03456125 0.00423233
v -0.0204531 0.03420655 -0.00127117
v 0.0264492 0.01692885 -0.00127117
v 0.0264492 0.01481265 0.00211594
v 0.0243314 -0.01480715 0.020103
v 0.0233217 -0.02125955 0.0116911
v 0.023301 -0.02125955 0.0115479
v -0.0151249 -0.02125955 0.0352309
v -0.0138563 -0.02125955 0.0362376
v -0.0137528 -0.02115565 0.0363674
v -0.0148091 -0.01798145 0.0363674
v -0.0130434 -0.01480715 0.038439
v -0.0141049 -0.00951684 0.038439
v -0.0162175 -0.01163295 0.0363226
v -0.0151612 0.00635423 0.0394949
v -0.017279 0.00952844 0.0373786
v -0.0151612 0.01269655 0.038439
v -0.017279 0.01587075 0.0352622
v -0.0183353 0.01269655 0.0352622
v -0.0187754 0.01322255 0.0343807
v -0.017279 0.01798685 0.0342062
v -0.0177191 0.01851285 0.0333248
v -0.0171909 0.01957095 0.0333248
v -0.0183819 0.02221915 0.02962
v -0.0171909 0.02380325 0.030148
v -0.0140168 0.03120975 0.0259197
v -0.0171909 0.02591935 0.0280361
v -0.0140168 0.02380325 0.0333248
v -0.0108427 0.02697745 0.0333248
v -0.0182473 0.03438395 0.0174586
v -0.0193036 0.03438395 0.0164027
v -0.0204531 0.03420655 0.0148142
v -0.0208932 0.03226775 0.0174586
v -0.0129553 0.03120975 0.0269756
v -0.0193916 0.03526465 0.0137538
v -0.0183353 0.03632275 0.0116419
v -0.017279 0.03738075 0.00952552
v -0.0162175 0.03843885 0.00423233
v -0.0162175 0.03843885 0.00317637
v -0.017279 0.03738075 -0.0010564
v -0.0183353 0.03632275 -0.00127117
v 0.0264492 0.02327725 -0.00127117
v 0.0264492 0.01481265 0.00740914
v 0.0243314 -0.01480715 0.0211634
v 0.0233217 -0.02125955 0.0147113
v -0.0117023 -0.02125955 0.0373517
v -0.0126913 -0.02009755 0.0374233
v -0.0137528 -0.01692335 0.0374233
v -0.0126913 -0.01586525 0.0384793
v -0.0121631 -0.01533315 0.0388775
v -0.0121631 -0.00792667 0.0399379
v -0.0130434 -0.0074007 0.0394949
v -0.0141049 -0.00105227 0.0394949
v -0.0151612 -0.00211034 0.038439
v -0.0130434 0.00423808 0.0405554
v -0.0142809 0.00582213 0.0399379
v -0.0151612 0.0074123 0.0394949
v -0.0162175 0.00847037 0.038439
v -0.0141049 0.01163845 0.0394949
v -0.0141049 0.01481265 0.038439
v -0.0151612 0.01587075 0.0373786
v -0.0162175 0.01798685 0.0352622
v -0.0150731 0.01957095 0.0354412
v -0.0150731 0.02274515 0.0333248
v -0.0161295 0.02274515 0.0322643
v -0.0108427 0.02909355 0.0312084
v -0.0108427 0.03015165 0.030148
v -0.011899 0.02486125 0.0343807
v -0.00978123 0.02486125 0.0354412
v -0.00872492 0.02697745 0.0343807
v -0.0066123 0.02909355 0.0333248
v -0.0140168 0.03544205 0.019575
v -0.0171909 0.03544205 0.0164027
v -0.011899 0.03332585 0.0248592
v -0.0182473 0.03544205 0.0153422
v -0.00978123 0.03226775 0.0280361
v -0.0181126 0.03570495 0.0148142
v -0.0141049 0.03843885 0.0126979
v -0.0165748 0.03773555 0.00952552
v -0.0155133 0.03879355 0.00423233
v -0.0155133 0.03879355 0.00317637
v -0.0153372 0.03887925 0.00264839
v -0.0165023 0.03777225 -0.00127117
v -0.0172065 0.03739305 -0.00127117
v 0.0262058 0.02423745 -0.00127117
v 0.0264492 0.02433535 4.0335e-06
v 0.0264492 0.01692885 0.00952552
v 0.0243314 -0.01163295 0.0222149
v 0.0232751 -0.01586525 0.0243313
v 0.0222136 -0.02125955 0.0243313
v 0.0230835 -0.02125955 0.020971
v 0.0231715 -0.02125955 0.0206175
v 0.0232751 -0.02125955 0.020103
v 0.0264492 0.02010305 0.0105815
v -0.00958965 -0.02125955 0.0384077
v -0.00951716 -0.02125955 0.0384435
v -0.00951716 -0.02115565 0.0384793
v -0.0121631 -0.01956545 0.0378215
v -0.008989 -0.02062355 0.0388775
v -0.0111068 -0.01215895 0.0399379
v -0.0100505 -0.00792667 0.0409939
v -0.008989 -0.00369439 0.0420498
v -0.0132246 -0.00157825 0.0399379
v -0.0121631 0.00370599 0.0409939
v -0.0102265 0.00423808 0.0419648
v -0.0102265 0.00635423 0.0419648
v -0.0137528 0.0074123 0.0402019
v -0.0130434 0.00847037 0.0405554
v -0.0134007 0.01163845 0.0398484
v -0.0128259 0.01269655 0.0399379
v -0.0117696 0.01481265 0.0399379
v -0.0130434 0.01375465 0.0394949
v -0.011899 0.01533865 0.0396694
v -0.0140168 0.01745475 0.0375575
v -0.0129553 0.02062905 0.0364971
v -0.00872492 0.03015165 0.0312084
v -0.00978123 0.02168705 0.0375575
v -0.0066123 0.02380325 0.0375575
v -0.00555081 0.02591935 0.0364971
v -0.00493463 0.02997425 0.0331458
v -0.0066123 0.03015165 0.0322643
v -0.00387832 0.02680005 0.0363226
v -0.011899 0.03650005 0.019575
v -0.0108427 0.03755815 0.0185146
v -0.0140168 0.03755815 0.0153422
v -0.0129553 0.03861625 0.0142863
v -0.0128259 0.03887925 0.0137538
v -0.00563884 0.03032905 0.0324433
v -0.00881295 0.03244515 0.0282106
v -0.00881295 0.03561935 0.0229218
v -0.00978123 0.03544205 0.0227429
v -0.0134007 0.03879355 0.0126979
v -0.0123392 0.03985165 0.00952552
v -0.0148091 0.03914215 0.00423233
v -0.0148091 0.03914215 0.00317637
v -0.011635 0.04020025 -0.00127117
v -0.0117799 0.04013295 -0.00127117
v -0.0138977 0.03907495 -0.00127117
v 0.0251495 0.02741165 -0.00127117
v 0.0253877 0.02750955 4.0335e-06
v 0.0264492 0.02539335 0.00529276
v 0.0243314 -0.01057495 0.0222149
v 0.0232751 -0.00951684 0.0253872
v 0.0229178 -0.01621385 0.0250382
v 0.0229178 -0.00987157 0.0260942
v 0.0218615 -0.02125955 0.0250382
v 0.0264492 0.02221915 0.0105815
v -0.00750809 -0.02125955 0.0390923
v -0.00687638 -0.01850735 0.0399379
v -0.00793269 -0.01215895 0.0409939
v -0.0105786 -0.01163295 0.0402019
v -0.00846085 -0.00316841 0.0423183
v -0.0100505 0.00370599 0.0420498
v -0.00951716 0.00423808 0.0423183
v -0.00951716 0.00635423 0.0423183
v -0.011635 0.00847037 0.0412579
v -0.0119871 0.01163845 0.0405554
v -0.0105786 0.01163845 0.0412579
v -0.0107081 0.01269655 0.0409939
v -0.00859547 0.01163845 0.0420498
v -0.00435987 0.01269655 0.0431102
v -0.00859547 0.01798685 0.0399379
v -0.0108427 0.01639675 0.0396694
v -0.0108427 0.02062905 0.0375575
v -0.00766861 0.01957095 0.0396694
v -0.00555081 0.02274515 0.0386135
v -0.00343819 0.02380325 0.0386135
v -0.0044945 0.02486125 0.0375575
v -0.00458253 0.02609675 0.0366761
v -0.00246473 0.03032905 0.0334993
v -0.000704207 0.02785815 0.0363226
v -0.00986926 0.03773555 0.0186935
v -0.00109774 0.04122165 0.0164205
v -0.0117696 0.03887925 0.0148142
v -0.011899 0.03861625 0.0153422
v -0.00172945 0.04122165 0.0159149
v -0.0117696 0.03993725 0.0105815
v -0.0126913 0.03914215 0.0126979
v -0.00458253 0.03138705 0.0313829
v -0.011635 0.04020025 0.00952552
v -0.00316893 0.04122165 0.00846509
v -0.00262007 0.04122165 0.0073644
v -0.00246473 0.04122165 0.00705566
v -0.00215405 0.04122165 0.00689906
v -0.00105631 0.04122165 0.00634871
v 0.011635 0.04020025 -0.00127117
v 0.0251185 0.02748505 -0.00127117
v 0.0250356 0.02821285 -0.000349443
v 0.0243314 0.02962565 0.00317637
v 0.0264492 0.02539335 0.00846509
v 0.0232751 0.00847037 0.0253872
v 0.0222136 5.80014e-06 0.028564
v 0.0218615 -0.000348929 0.0292665
v 0.0218615 -0.01621385 0.0271501
v 0.0201528 -0.02125955 0.0284611
v 0.0264492 0.02433535 0.00952552
v 0.0253877 0.02539335 0.0137538
v -0.00327249 -0.02125955 0.0401482
v -0.00316893 -0.02115565 0.0402019
v -0.00423042 -0.02009755 0.0402019
v -0.00370227 -0.01744935 0.0409939
v -0.00634305 -0.01798145 0.0402019
v -0.00740453 -0.01163295 0.0412579
v -0.00634305 -0.0074007 0.0423183
v -0.00740453 -0.00528456 0.0423183
v -0.00528673 -0.00211034 0.0433742
v -0.00634305 0.00106387 0.0433742
v -0.00316893 0.00318001 0.0444347
v -0.00316893 0.00529615 0.0444347
v -0.00634305 0.00635423 0.0433742
v -0.00846085 0.01058035 0.0423183
v -0.00423042 0.01163845 0.0433742
v -0.00211262 0.00952844 0.0444347
v -0.00316893 0.01269655 0.0433742
v -0.00211262 0.01692885 0.0423183
v -0.00330356 0.01692885 0.0420498
v -0.00542136 0.01798685 0.0409939
v -0.00753398 0.01904495 0.0399379
v -0.00555081 0.01851285 0.0407299
v -0.00670033 0.01974835 0.0398484
v -0.00458253 0.02292255 0.038788
v -0.00246473 0.02398055 0.038788
v -0.00352622 0.02503865 0.037732
v -0.00176052 0.02468395 0.038439
v -0.00140841 0.02715475 0.0366761
v -0.000704207 0.02997425 0.0342062
v -0.000704207 0.03209045 0.0310294
v 0.00140841 0.02785815 0.0363226
v 0.00101489 0.04122165 0.0164205
v -0.00211262 0.04122165 0.0148142
v -0.00316893 0.04122165 0.00952552
v 0.00105631 0.04122165 0.00634871
v 0.0120699 0.03998625 -0.00127117
v 0.00173463 0.04122165 0.00668876
v 0.00243884 0.04122165 0.00704224
v 0.00246473 0.04122165 0.00705566
v 0.00280647 0.04122165 0.00773129
v 0.00315858 0.04122165 0.00843825
v 0.00316893 0.04122165 0.00846509
v 0.011635 0.04020025 0.00846509
v 0.0249528 0.02784595 -0.00127117
v 0.0248596 0.02803555 -0.00127117
v 0.0248285 0.02809665 -0.00127117
v 0.0236272 0.02997425 -0.00127117
v 0.0229178 0.03138705 -0.000349443
v 0.0246835 0.02891625 0.000353035
v 0.0239793 0.03032905 0.0028229
v 0.0243314 0.02962565 0.00952552
v 0.0253877 0.02750955 0.00952552
v 0.0243314 0.02856755 0.0137538
v 0.0222136 0.00952844 0.028564
v 0.0243314 0.02327725 0.0179866
v 0.020101 0.00423808 0.0327968
v 0.0215094 0.000360529 0.0299735
v 0.0215094 -0.01551055 0.0278571
v 0.0197437 -0.01833005 0.0303269
v 0.0193916 -0.02125955 0.0299735
v 0.0199974 -0.02125955 0.0287698
v 0.0238032 0.02909355 0.0153422
v 0.0238032 0.02803555 0.0164027
v 0.0238032 0.02697745 0.0174586
v 0.0243314 0.02539335 0.0169306
v -0.00316893 -0.02125955 0.0401616
v -0.00211262 -0.02125955 0.0402019
v -0.00105631 -0.01798145 0.0412579
v -2.77556e-18 -0.01057495 0.0433742
v -0.00316893 -0.01692335 0.0412579
v -0.00423042 -0.01057495 0.0423183
v -0.00105631 -0.00951684 0.0433742
v -2.77556e-18 -0.00422648 0.0444347
v -0.00211262 5.80014e-06 0.0444347
v 0.00211262 0.00952844 0.0444347
v -0.00105631 0.01375465 0.0433742
v -0.00246473 0.01763215 0.0419648
v 0.00211262 0.01692885 0.0423183
v -0.00211262 0.02116115 0.0402019
v -0.00343819 0.01745475 0.0417858
v -0.00246473 0.02186445 0.0398484
v 0.00246473 0.02468395 0.038439
v 0.00140841 0.02997425 0.0342062
v 0.00458253 0.02680005 0.0363226
v 0.00563884 0.02997425 0.0331458
v 0.00148608 0.04122165 0.0163042
v 0.00458253 0.03103235 0.0320898
v 0.0141877 0.03892815 -0.00127117
v 0.0123392 0.03985165 0.00811162
v 0.014457 0.03879355 0.00917205
v 0.00316893 0.04122165 0.00952552
v 0.0020712 0.04122165 0.0150245
v 0.00191068 0.04122165 0.0156689
v 0.0105786 0.04020025 0.0105815
v 0.0121631 0.03967425 0.0100535
v 0.0137528 0.03914215 0.00952552
v 0.0215094 0.03314845 -0.00127117
v 0.0225657 0.03209045 0.000353035
v 0.0236272 0.03103235 0.00352985
v 0.0236272 0.03103235 0.00987452
v 0.0246835 0.02891625 0.00987452
v 0.0236272 0.02997425 0.0141073
v 0.0211573 0.01058035 0.0306804
v 0.0238032 0.02486125 0.0185146
v 0.020101 0.01058035 0.0327968
v 0.0193916 0.00459281 0.0342062
v 0.0204531 0.00247667 0.0320898
v 0.0204531 -0.01339435 0.0299735
v 0.0193916 -0.01762665 0.0310294
v 0.0183353 -0.01974285 0.0320898
v 0.0186874 -0.02044615 0.0313829
v 0.017279 -0.02125955 0.0331458
v 0.0227418 0.03120975 0.0153422
v 0.0227418 0.03015165 0.0174586
v 0.0185113 0.01851285 0.0322643
v 0.0185113 0.01639675 0.0333248
v 0.0206291 0.01851285 0.0280361
v 0.0206291 0.01216445 0.0312084
v 0.0227418 0.02909355 0.0185146
v 0.00105631 -0.02125955 0.0402019
v -2.77556e-18 -0.01798145 0.0412579
v 0.00105631 -0.01374915 0.0423183
v 0.00730097 -0.02125955 0.0391415
v 0.00740453 -0.02125955 0.0391191
v 0.00105631 -0.01070335 0.0431102
v 0.00105631 -0.00951684 0.0433742
v 0.00211262 -0.00211034 0.0444347
v 0.00634305 0.0074123 0.0433742
v 0.00528673 0.01058035 0.0433742
v 0.00511068 0.01146105 0.0431997
v 0.00405437 0.01251915 0.0431997
v 0.00316893 0.01269655 0.0433742
v 0.00105631 0.01375465 0.0433742
v 0.00475858 0.01322255 0.0428463
v 0.00370227 0.01745475 0.0417858
v 0.00246473 0.01833555 0.0416113
v 0.00246473 0.02045165 0.0405554
v 0.00211262 0.02116115 0.0402019
v 0.00475858 0.02486125 0.0375575
v 0.00370227 0.02380325 0.0386135
v 0.00458253 0.02362585 0.038439
v 0.00775664 0.02785815 0.0342062
v 0.00687638 0.02380325 0.0375575
v 0.00581489 0.02591935 0.0364971
v 0.00775664 0.02997425 0.0320898
v 0.00775664 0.03103235 0.0310294
v 0.00986926 0.03738075 0.0194005
v 0.0111068 0.03755815 0.0185146
v 0.0121631 0.03861625 0.0153422
v 0.0111068 0.03967425 0.0121699
v 0.00881295 0.03209045 0.0289175
v 0.00881295 0.03526465 0.0236243
v 0.0165748 0.03773555 -0.00127117
v 0.0165748 0.03773555 0.00917205
v 0.0151612 0.03843885 0.00987452
v 0.0142809 0.03861625 0.0111095
v 0.0204531 0.03420655 -0.00127117
v 0.0215094 0.03420655 0.00670219
v 0.0215094 0.03420655 0.0119909
v 0.0225657 0.03209045 0.0141073
v 0.0204531 0.01092905 0.0320898
v 0.0193916 0.01092905 0.0342062
v 0.017279 0.00565088 0.0373786
v 0.0183353 -0.00704597 0.0342062
v 0.0183353 -0.01445245 0.0331458
v 0.0162175 -0.01656865 0.0352622
v 0.0155133 -0.01833005 0.0356157
v 0.0151612 -0.02080085 0.0352622
v 0.0147055 -0.02125955 0.0354904
v 0.0162175 -0.01127825 0.0363226
v 0.0206291 0.03120975 0.019575
v 0.0225657 0.03103235 0.0162237
v 0.0206291 0.03226775 0.0185146
v 0.017455 0.01957095 0.0333248
v 0.0181592 0.01816425 0.0329713
v 0.0183353 0.01516125 0.0342062
v 0.0195676 0.01216445 0.0333248
v 0.0206291 0.03015165 0.0206309
v 0.017455 0.02380325 0.030148
v 0.00316893 -0.02009755 0.0402019
v 0.00846085 -0.02125955 0.0388864
v 0.00846085 -0.02009755 0.0391415
v 0.00846085 -0.01480715 0.0402019
v 0.0105786 -0.01163295 0.0402019
v 0.00846085 -0.00316841 0.0423183
v 0.00634305 0.00212194 0.0433742
v 0.00951716 0.00635423 0.0423183
v 0.00846085 0.01058035 0.0423183
v 0.00581489 0.01216445 0.0428463
v 0.0100505 0.01428055 0.0407299
v 0.00687638 0.01745475 0.0407299
v 0.00581489 0.01851285 0.0407299
v 0.00370227 0.01957095 0.0407299
v 0.00581489 0.02274515 0.0386135
v 0.008989 0.02697745 0.0343807
v 0.0111068 0.02697745 0.0333248
v 0.00986926 0.02785815 0.0331458
v 0.00986926 0.02891625 0.0320898
v 0.00793269 0.01957095 0.0396694
v 0.0100505 0.02168705 0.0375575
v 0.0100505 0.02486125 0.0354412
v 0.00986926 0.03103235 0.0299735
v 0.0111068 0.03120975 0.029092
v 0.0100505 0.03226775 0.0280361
v 0.0100505 0.03544205 0.0227429
v 0.0121631 0.03650005 0.019575
v 0.0132246 0.03755815 0.0164027
v 0.0142809 0.03755815 0.0153422
v 0.0132246 0.03861625 0.0132258
v 0.0167094 0.03766825 -0.00127117
v 0.017279 0.03738075 0.00987452
v 0.017455 0.03650005 0.0132258
v 0.0163935 0.03755815 0.0111095
v 0.0183353 0.03632275 -0.00127117
v 0.017279 0.03738075 -0.000702919
v 0.0193916 0.03526465 0.0141073
v 0.0204531 0.03420655 0.0151677
v 0.017279 0.0088251 0.0373786
v 0.0183353 0.01198705 0.0352622
v 0.0151612 0.00670895 0.0394949
v 0.0162175 0.00565088 0.038439
v 0.0151612 -0.01127825 0.0373786
v 0.017279 -0.00916211 0.0352622
v 0.0151612 -0.01656865 0.0363226
v 0.0140945 -0.02125955 0.0359333
v 0.0141049 -0.01974285 0.0363226
v 0.0134007 -0.02044615 0.0366761
v 0.0155133 -0.01303965 0.0366761
v 0.0142809 0.02909355 0.029092
v 0.0195676 0.03438395 0.0164027
v 0.017455 0.03438395 0.0185146
v 0.0195676 0.03226775 0.019575
v 0.0163935 0.02274515 0.0322643
v 0.0153372 0.02274515 0.0333248
v 0.0132246 0.02274515 0.0354412
v 0.0153372 0.01957095 0.0354412
v 0.017279 0.01833555 0.0342062
v 0.017279 0.01621935 0.0352622
v 0.0127172 -0.02125955 0.0367611
v 0.00916505 -0.02044615 0.038788
v 0.0121631 -0.01612825 0.0386135
v 0.011635 -0.01599375 0.0388775
v 0.011635 -0.01480715 0.0391415
v 0.0112829 -0.01198155 0.0398484
v 0.0123392 -0.0088135 0.0398484
v 0.011635 -0.00845877 0.0402019
v 0.00916505 -0.00352314 0.0419648
v 0.0102265 0.00388335 0.0419648
v 0.00951716 0.00423808 0.0423183
v 0.0102265 0.0059995 0.0419648
v 0.0130434 0.0088251 0.0405554
v 0.011635 0.00847037 0.0412579
v 0.0105786 0.01163845 0.0412579
v 0.0111068 0.01322255 0.0407299
v 0.008989 0.01216445 0.0417858
v 0.0100505 0.01745475 0.0396694
v 0.0132246 0.01851285 0.0375575
v 0.0142809 0.03544205 0.019575
v 0.017455 0.03544205 0.0164027
v 0.0185113 0.03544205 0.0153422
v 0.0171185 0.03734405 -0.00127117
v 0.0151612 0.0088251 0.0394949
v 0.0151612 0.01304515 0.038439
v 0.014457 0.0059995 0.0398484
v 0.0130434 0.00353474 0.0405554
v 0.0141049 -0.00175561 0.0394949
v 0.0130434 -0.00810404 0.0394949
v 0.0130434 -0.01445245 0.038439
v 0.014457 -0.01727195 0.0366761
v 0.0134369 -0.02125955 0.0363897
v 0.0134007 -0.01621385 0.037732
v 0.0123392 -0.01515585 0.038788
v 0.0142809 0.01745475 0.0375575
v 0.0162175 0.01833555 0.0352622
v 0.0151612 0.01621935 0.0373786
v 0.0142809 0.01533865 0.0386135
v 0.0134007 -0.00246507 0.0398484
v 0.0112829 -0.00352314 0.0409044
v 0.0123392 0.00282528 0.0409044
v 0.0137528 0.00635423 0.0402019
v 0.0137528 0.00847037 0.0402019
v 0.0119871 0.01198705 0.0405554
v 0.0132246 0.01322255 0.0396694
v 0.0121631 0.01533865 0.0396694
v 0.0132246 0.01639675 0.0386135
v 0.0141049 0.01198705 0.0394949
v 0.011635 0.04020555 -0.00127564
v 0.0137528 0.03914695 -0.00127564
v 0.011635 0.04020555 -0.0021167
v -0.011635 0.04020555 -0.00127564
v 0.0163003 0.03787165 -0.00127564
v 0.0137528 0.03914695 -0.0021167
v 0.011635 0.03993965 -0.00330717
v 0.0105786 0.04020555 -0.00317502
v 0.0123392 0.03985105 -0.00246947
v -0.011635 0.04020555 -0.0021167
v -0.0165023 0.03777315 -0.00127564
v 0.0165748 0.03773375 -0.00127564
v 0.0165748 0.03773375 -0.00141115
v 0.014457 0.03879245 -0.00246947
v 0.0105786 0.03993965 -0.00436437
v 0.0121631 0.03967375 -0.00343932
v 0.0132246 0.03861515 -0.00555485
v 0.0126913 0.03888105 -0.0054227
v 0.00951716 0.04020555 -0.00423222
v 0.0134007 0.03879245 -0.004585
v -0.0105786 0.04020555 -0.00317502
v -0.0121631 0.03993965 -0.0026453
v -0.0137528 0.03914695 -0.0021167
v -0.0142809 0.03888105 -0.0026453
v -0.0163935 0.03782245 -0.00158698
v -0.0172065 0.03738915 -0.00127564
v 0.0167094 0.03766485 -0.00127564
v 0.0183353 0.03632555 -0.00282225
v 0.0176311 0.03667515 -0.00352667
v 0.0155133 0.03773375 -0.004585
v 0.0126913 0.03782245 -0.0075371
v 0.011635 0.03738425 -0.00881605
v 0.00951716 0.03949655 -0.00564332
v 0.0153372 0.03755655 -0.00555485
v 0.0176311 0.03456285 -0.0109316
v 0.0179832 0.03363715 -0.0127167
v 0.00846085 0.03914695 -0.00634887
v -0.00951716 0.04020555 -0.00423222
v -0.0100505 0.03993965 -0.00476194
v -0.0132246 0.03888105 -0.00476194
v -0.0153372 0.03782245 -0.00476194
v -0.0148091 0.03848225 -0.00317502
v -0.0169269 0.03742355 -0.0021167
v -0.020101 0.03319405 -0.0105788
v -0.0204531 0.03314975 -0.0095216
v -0.0183353 0.03632555 -0.0021167
v -0.0183353 0.03632555 -0.00127564
v 0.0171185 0.03734485 -0.00127564
v 0.0183353 0.03632555 -0.00127564
v 0.0204531 0.03420835 -0.00282225
v 0.0215094 0.03209115 -0.010226
v 0.0208052 0.03244565 -0.0109316
v 0.0197437 0.03350425 -0.00987325
v 0.011635 0.03526695 -0.0119899
v 0.00846085 0.03843785 -0.00775773
v 0.0148091 0.03437575 -0.0127167
v 0.0195676 0.03332695 -0.0108431
v 0.0188376 0.03316455 -0.0127167
v 0.00793269 0.03888105 -0.00687747
v -0.00846085 0.03914695 -0.00634887
v -0.008989 0.03888105 -0.00687747
v -0.0121631 0.03782245 -0.00793467
v -0.0121631 0.03888105 -0.00581915
v -0.0126913 0.03848225 -0.00634887
v -0.0137528 0.03848225 -0.00529055
v -0.0158654 0.03742355 -0.00529055
v -0.0193916 0.03314975 -0.0126954
v -0.0206291 0.03253425 -0.0111085
v -0.0204531 0.03420835 -0.00317502
v -0.0193916 0.03526695 -0.00317502
v -0.0215094 0.03209115 -0.0095216
v -0.0204531 0.03420835 -0.00127564
v 0.0204531 0.03420835 -0.00127564
v 0.0215094 0.03314975 -0.00176392
v 0.0225657 0.03103255 -0.0081105
v 0.0225657 0.02997385 -0.0127167
v 0.0216854 0.03120975 -0.0119014
v 0.0206291 0.03226835 -0.0119014
v -0.011635 0.03526695 -0.0119899
v -0.00846085 0.03843785 -0.00775773
v -0.0148091 0.03437575 -0.0127167
v 0.0198369 0.03246535 -0.0127167
v -0.011635 0.03738425 -0.00881605
v -0.0126913 0.03742355 -0.00846327
v -0.0180039 0.03384395 -0.0127167
v -0.0179832 0.03425265 -0.0116371
v -0.0193864 0.03314485 -0.0127167
v -0.0215094 0.03103255 -0.0127167
v -0.0225761 0.02996405 -0.0127167
v -0.0215094 0.03314975 -0.00317502
v -0.0215094 0.03314975 -0.00127564
v 0.0215094 0.03314975 -0.00127564
v 0.0236272 0.02997385 -0.00387945
v 0.0236272 0.02892015 -0.010226
v 0.0215094 0.03103255 -0.0127167
v 0.0239793 0.02821115 -0.0109316
v 0.024 0.02724615 -0.0127167
v 0.0203495 0.03206655 -0.0127167
v 0.0200803 0.03227825 -0.0127167
v -0.0158032 0.03424775 -0.0127167
v -0.0158654 0.03425265 -0.0126954
v -0.0158654 0.03423795 -0.0127167
v -0.0186822 0.03350425 -0.0127167
v -0.0236272 0.02786155 -0.0127167
v -0.0236272 0.02892015 -0.0095216
v -0.0236272 0.02997385 -0.00317502
v -0.0236272 0.02997385 -0.00127564
v 0.0236272 0.02997385 -0.00127564
v 0.0248285 0.02809795 -0.00127564
v 0.0248596 0.02803885 -0.00132268
v 0.0246835 0.02786155 -0.00599609
v 0.0243314 0.02644845 -0.0127167
v 0.0250356 0.02715255 -0.00670052
v 0.0253877 0.02644845 -0.00634887
v 0.0250356 0.02609885 -0.00987325
v -0.0243314 0.02644845 -0.0127167
v -0.0250356 0.02609885 -0.0095216
v -0.0246835 0.02786155 -0.00529055
v -0.0236997 0.02983115 -0.00127564
v 0.0248596 0.02803885 -0.00127564
v 0.0249528 0.02784685 -0.00127564
v 0.0253877 0.02538985 -0.0095216
v 0.0253877 0.02327755 -0.0126954
v 0.0253825 0.02327755 -0.0127167
v 0.0251185 0.02748245 -0.00127564
v 0.0251495 0.02740855 -0.00127564
v 0.0262058 0.02423765 -0.00127564
v 0.0264492 0.02327755 -0.00423222
v -0.0251236 0.02444445 -0.0127167
v -0.0251236 0.02446415 -0.0126954
v -0.0253877 0.02433125 -0.0116371
v -0.0253877 0.02538985 -0.0095216
v -0.0253877 0.02644845 -0.00529055
v -0.0251081 0.02700975 -0.00127564
v -0.0246835 0.02786155 -0.00127564
v -0.0240518 0.02912695 -0.00127564
v 0.0264492 0.02221895 -0.00634887
v 0.0253877 0.02325295 -0.0127167
v 0.0264492 0.02327755 -0.00127564
v -0.0253825 0.02327755 -0.0127167
v -0.0253877 0.02327755 -0.0126954
v -0.0264492 0.02221895 -0.00634887
v -0.0264492 0.02327755 -0.00423222
v -0.0263922 0.02436075 -0.00127564
v -0.0253877 0.02644845 -0.00127564
v 0.0264492 0.01798445 -0.00317502
v 0.0253877 0.01798445 -0.0126954
v 0.0253877 0.01904305 -0.0127167
v 0.0264492 0.01692585 -0.00127564
v -0.0253877 0.02325295 -0.0127167
v -0.0264492 0.02116025 -0.00740495
v -0.0264492 0.02411455 -0.00127564
v 0.0264492 0.01692585 -0.0021167
v 0.0253877 0.01692585 -0.0116371
v 0.0253825 0.01798445 -0.0127167
v 0.0263664 0.01587215 -0.00127564
v -0.0253877 0.01798445 -0.0127167
v -0.0253877 0.01692585 -0.0126954
v -0.0264492 0.02010165 -0.00634887
v -0.0264492 0.01587215 -0.00127564
v 0.0263353 0.01565055 -0.00127564
v 0.0253877 0.01587215 -0.0105788
v 0.0251236 0.01534035 -0.0111085
v 0.0243314 0.01375985 -0.0126954
v 0.024321 0.01374015 -0.0127167
v -0.0253825 0.01693075 -0.0127167
v -0.024057 0.01268155 -0.0127167
v -0.0243314 0.01270125 -0.0116371
v -0.0253877 0.01481845 -0.00846327
v -0.0264492 0.01587215 -0.0021167
v -0.0264492 0.01692585 -0.00317502
v -0.0253877 0.01270125 -0.00127564
v 0.0253877 0.01270125 -0.00127564
v 0.0253877 0.01270125 -0.00317502
v 0.0243314 0.01270125 -0.0105788
v 0.0240673 0.01216945 -0.0111085
v 0.0232751 0.01164255 -0.0127167
v 0.0169269 -0.01009595 -0.0021167
v -0.0234822 0.01143575 -0.0127167
v -0.0169269 -0.01009595 -0.0021167
v -0.0243314 0.01058395 -0.00529055
v -0.0253877 0.01270125 -0.00317502
v -0.0169269 -0.01009595 -0.00127564
v 0.0169269 -0.01009595 -0.00127564
v 0.0251236 0.01216945 -0.00370362
v 0.0218667 0.00883111 -0.0127167
v 0.0165748 -0.01009595 -0.00282225
v 0.0215042 0.00812208 -0.0127167
v -0.0224207 0.00931857 -0.0127167
v -0.0165748 -0.01009595 -0.00282225
v 0.0142654 -0.01009595 -0.00743743
v 0.0214835 0.00810731 -0.0127167
v 0.0141049 -0.01009595 -0.00775773
v 0.0119871 -0.01009595 -0.00987325
v 0.0116039 -0.01009595 -0.0100659
v 0.0108997 -0.01009595 -0.0104187
v 0.00878188 -0.01009595 -0.011477
v 0.00846085 -0.01009595 -0.0116371
v 0.00423042 -0.01009595 -0.0126954
v -0.0151612 -0.01009595 -0.00564332
v -0.0155806 -0.01009595 -0.00480898
v -0.0215767 0.00804823 -0.0127167
v -0.0130434 -0.01009595 -0.00881605
v 0.0199715 0.00715702 -0.0127167
v 0.0190188 0.00689113 -0.0127167
v -0.00316893 -0.01009595 -0.0126954
v -0.0203547 0.00715702 -0.0127167
v -0.00797929 -0.01009595 -0.0116371
v -0.00846085 -0.01009595 -0.0115307
v -0.00905632 -0.01009595 -0.0112978
v -0.0105786 -0.01009595 -0.0105788
v -0.0111534 -0.01009595 -0.010291
v -0.0119871 -0.01009595 -0.00987325
v -0.0190602 0.00689113 -0.0127167
v 0.0169221 -0.01010095 -0.00127564
v 0.028347 -0.03342035 -0.00127564
v 0.0169221 -0.01010095 -0.0021167
v -0.0169221 -0.01010095 -0.00127564
v 0.0285148 -0.03385325 -0.00127564
v 0.0285651 -0.03491295 -0.00423222
v 0.0282072 -0.03420645 -0.004585
v 0.0282072 -0.03315165 -0.00141115
v 0.016732 -0.01010095 -0.00250083
v 0.0282072 -0.03526625 -0.00670052
v 0.0271503 -0.03420645 -0.00881605
v 0.0269769 -0.03438555 -0.0097859
v 0.0261717 -0.03481845 -0.0127167
v 0.0257578 -0.03405725 -0.0127167
v -0.0169221 -0.01010095 -0.0021167
v -0.0275026 -0.03173875 -0.00127564
v 0.0285651 -0.03407215 -0.00127564
v 0.0285651 -0.03596775 -0.00634887
v 0.015675 -0.01010095 -0.00461748
v 0.0282967 -0.03596775 -0.0075371
v 0.0280339 -0.03544035 -0.00766925
v 0.0272286 -0.03692795 -0.0127167
v 0.0238006 -0.03121135 -0.0127167
v 0.0141036 -0.01010095 -0.00775773
v 0.0142658 -0.01010095 -0.00743743
v 0.0146181 -0.01010095 -0.006733
v -0.0166369 -0.01010095 -0.00269346
v -0.0261717 -0.03477365 -0.0127167
v -0.0261828 -0.03477865 -0.0126954
v -0.0272398 -0.03477865 -0.0095216
v -0.0282967 -0.03477865 -0.00529055
v -0.0272398 -0.03160435 -0.00317502
v -0.0275026 -0.03173875 -0.0021167
v -0.0285092 -0.03382835 -0.00127564
v 0.0285651 -0.04019675 -0.00127564
v 0.0285651 -0.03702255 -0.00740495
v 0.0282967 -0.03702255 -0.00859542
v 0.0272621 -0.03702255 -0.0127167
v 0.0216979 -0.02858435 -0.0127167
v 0.0119898 -0.01010095 -0.00987325
v 0.0130467 -0.01010095 -0.00881605
v -0.01558 -0.01010095 -0.00480898
v -0.0246785 -0.03245015 -0.0127167
v -0.0272286 -0.03688815 -0.0127167
v -0.0151606 -0.01010095 -0.00564332
v -0.0130467 -0.01010095 -0.00881605
v -0.0272398 -0.03689315 -0.0126954
v -0.0285651 -0.03491295 -0.00423222
v -0.0285651 -0.03407215 -0.00127564
v 0.0285651 -0.04019675 -0.00740495
v 0.0275026 -0.04337105 -0.00127564
v 0.0285651 -0.03808225 -0.00846327
v 0.0274635 -0.03791315 -0.0127167
v 0.0214183 -0.02830575 -0.0127167
v 0.00422773 -0.01010095 -0.0126954
v 0.00846105 -0.01010095 -0.0116371
v 0.0101946 -0.01010095 -0.0107714
v -0.0240578 -0.03159935 -0.0127167
v -0.0119898 -0.01010095 -0.00987325
v -0.0274914 -0.03807235 -0.0127167
v -0.0275026 -0.03808225 -0.0126954
v -0.0275026 -0.03702255 -0.0116371
v -0.0285651 -0.03702255 -0.00634887
v -0.0285651 -0.04019675 -0.00127564
v 0.0275026 -0.04125655 -0.0116371
v 0.0285651 -0.03914205 -0.00846327
v 0.0275026 -0.04337105 -0.00634887
v 0.0272398 -0.04389845 -0.00687747
v 0.0272398 -0.04284365 -0.0100502
v 0.0272398 -0.04178395 -0.0121657
v 0.026798 -0.04478405 -0.00127564
v 0.0275026 -0.03808225 -0.0126954
v 0.0274914 -0.03808225 -0.0127167
v 0.0211331 -0.02802705 -0.0127167
v 0.0208031 -0.02785795 -0.0127167
v 0.0169053 -0.02590765 -0.0127167
v 0.0159099 -0.02541005 -0.0127167
v 0.0158652 -0.02539015 -0.0127167
v -0.0031708 -0.01010095 -0.0126954
v -0.0215077 -0.02822115 -0.0127167
v -0.0111565 -0.01010095 -0.010291
v -0.0274914 -0.04018685 -0.0127167
v -0.0275026 -0.04019675 -0.0126954
v -0.0285651 -0.03914205 -0.00846327
v -0.0275026 -0.04337105 -0.00127564
v -0.0285651 -0.04019675 -0.00740495
v 0.0275026 -0.04019675 -0.0126954
v 0.0268427 -0.04443085 -0.00740495
v 0.026798 -0.04478405 -0.00634887
v 0.026798 -0.04372435 -0.0095216
v 0.0268427 -0.04231135 -0.0126954
v 0.0274914 -0.04021665 -0.0127167
v 0.0246841 -0.04795835 -0.00127564
v -0.0148082 -0.02539015 -0.0127167
v -0.0158875 -0.02540015 -0.0127167
v -0.0200985 -0.02750465 -0.0127167
v -0.0208031 -0.02785795 -0.0127167
v -0.00798012 -0.01010095 -0.0116371
v -0.0105749 -0.01010095 -0.0105788
v -0.00905942 -0.01010095 -0.0112978
v -0.00846105 -0.01010095 -0.0115307
v -0.0274858 -0.04021665 -0.0127167
v -0.0272286 -0.04127645 -0.0127167
v -0.0273293 -0.04107745 -0.0125185
v -0.0275026 -0.04125655 -0.0116371
v -0.0273964 -0.04358995 -0.00127564
v -0.0275026 -0.04337105 -0.00529055
v -0.0275026 -0.04231135 -0.0095216
v 0.0257411 -0.04583885 -0.00740495
v 0.0246841 -0.04795835 -0.00317502
v 0.0257411 -0.04372435 -0.0126954
v 0.0268371 -0.04229145 -0.0127167
v 0.0268148 -0.04233615 -0.0127167
v 0.0235265 -0.04899815 -0.00127564
v -0.0269769 -0.04284365 -0.0111085
v -0.0266526 -0.04252025 -0.0127167
v -0.026798 -0.04478405 -0.00564332
v -0.026798 -0.04478405 -0.00141115
v -0.0268651 -0.04464475 -0.00127564
v -0.026798 -0.04372435 -0.00987325
v 0.0246841 -0.04583885 -0.0105788
v 0.0236272 -0.04795835 -0.00634887
v 0.0215077 -0.05007285 -0.00317502
v 0.0257355 -0.04371935 -0.0127167
v 0.00412148 -0.06048625 -0.00127564
v -0.0258082 -0.04378895 -0.0127167
v -0.02592 -0.04389845 -0.0121657
v -0.0266246 -0.04355015 -0.0107557
v -0.0257411 -0.04583885 -0.00775773
v -0.0246841 -0.04795835 -0.00246947
v -0.0246841 -0.04795835 -0.00127564
v -0.0257411 -0.04478405 -0.0109316
v 0.0246841 -0.04478405 -0.0126954
v 0.0225647 -0.04795835 -0.0095216
v 0.0225647 -0.04689855 -0.0126954
v 0.0236272 -0.04583885 -0.0126954
v 0.0246785 -0.04477415 -0.0127167
v 0.0029527 -0.06091905 -0.00127564
v 0.0179846 -0.04971465 -0.0127167
v 0.0193659 -0.04902305 -0.0127167
v 0.0193939 -0.04901305 -0.0126954
v -0.0247512 -0.04484875 -0.0127167
v -0.0246841 -0.04689855 -0.00775773
v -0.0236272 -0.04795835 -0.00670052
v -0.0236272 -0.04901305 -0.00141115
v -0.0236272 -0.04901305 -0.00127564
v -0.0236272 -0.04689855 -0.0109316
v 0.0215077 -0.04795835 -0.0116371
v 0.0225423 -0.04690355 -0.0127167
v 0.0225591 -0.04688865 -0.0127167
v 0.0193827 -0.04901305 -0.0127167
v 0.0179623 -0.04971955 -0.0127167
v -0.0027346 -0.06091905 -0.00127564
v -0.0226318 -0.04696325 -0.0127167
v -0.0225647 -0.04795835 -0.00987325
v -0.0215077 -0.04901305 -0.00881605
v -0.0225647 -0.04901305 -0.00564332
v -0.0204508 -0.05007285 -0.00670052
v -0.0215077 -0.05007285 -0.00246947
v -0.0195672 -0.05130675 -0.00158698
v -0.0201936 -0.05099325 -0.00127564
v -0.0215077 -0.04795835 -0.0127167
v -0.0169221 -0.04971955 -0.0127167
v -0.0206298 -0.04919225 -0.0100502
v -0.0195672 -0.04919225 -0.0121657
v -0.019461 -0.04908275 -0.0127167
v -0.017979 -0.04971465 -0.0127167
v -0.0285651 -0.04019665 -0.00127148
v -0.0285651 -0.04019665 0.0010602
v -0.0285651 -0.03407325 -0.00127148
v -0.0275026 -0.04337285 -0.00127148
v -0.0285651 -0.03914385 0.00423294
v -0.0275026 -0.04337285 -0.00105496
v -0.0275026 -0.04125655 0.0063481
v -0.0285651 -0.03385495 -0.00105496
v -0.0285092 -0.03382675 -0.00127148
v -0.0273964 -0.04359115 -0.00127148
v -0.0285651 -0.03597125 0.00740985
v -0.0275026 -0.04019665 0.00952501
v -0.0275026 -0.03914385 0.0105826
v -0.0271503 -0.04407705 -0.000705213
v -0.0264457 -0.04337285 0.00740985
v -0.0271503 -0.04090445 0.00987476
v -0.0285651 -0.03385495 0.00317536
v -0.0264457 -0.02644985 0.0063481
v -0.0264457 -0.02750625 0.00317536
v -0.0261828 -0.02737245 0.00211778
v -0.0275026 -0.03173875 -0.00127148
v -0.0268651 -0.04464745 -0.00127148
v -0.0285651 -0.03491135 0.0063481
v -0.0275026 -0.03702755 0.0116402
v -0.0275026 -0.03279505 0.0116402
v -0.0275026 -0.03067885 0.00952501
v -0.0272398 -0.04019665 0.0107158
v -0.0272398 -0.03808745 0.0117734
v -0.0246841 -0.04795745 0.00176386
v -0.0250364 -0.04724965 0.00247169
v -0.0260934 -0.04513695 0.00352927
v -0.0260934 -0.04407705 0.0077596
v -0.0250364 -0.04513695 0.0119941
v -0.0264457 -0.02750625 0.0105826
v -0.0232749 -0.02125955 0.0201008
v -0.0261828 -0.02591815 0.00687689
v -0.0260934 -0.02574205 0.0063481
v -0.0257411 -0.02609425 0.00317536
v -0.0265184 -0.02976685 -0.00127148
v -0.0268707 -0.03047105 -0.00127148
v -0.0257411 -0.02821045 -0.00105496
v -0.0246841 -0.04795745 -0.00127148
v -0.0264457 -0.03597125 0.0148129
v -0.0264457 -0.03385495 0.0148129
v -0.0232749 -0.02644985 0.0232736
v -0.0243318 -0.02750625 0.0201008
v -0.0232749 -0.02221735 0.0211584
v -0.0261828 -0.04125655 0.012831
v -0.0251259 -0.04442915 0.012831
v -0.0261828 -0.03914385 0.0138886
v -0.0261828 -0.03702755 0.0149462
v -0.0225647 -0.05007365 0.00917109
v -0.0229226 -0.04936595 0.00987476
v -0.0163461 -0.05723225 0.016824
v -0.0248575 -0.04496085 0.0129642
v -0.0158428 -0.05723225 0.0201133
v -0.0156023 -0.05723225 0.0211834
v -0.0230065 -0.02168565 0.0216872
v -0.0222124 -0.02125955 0.0243311
v -0.0233084 -0.02125955 0.0125937
v -0.0257411 -0.02503785 0.0063481
v -0.0246841 -0.02397795 0.00529052
v -0.0238006 -0.02353785 0.00370415
v -0.0258138 -0.02846395 -0.00127148
v -0.0238006 -0.02406955 0.00264657
v -0.0236272 -0.02609425 -0.00105496
v -0.0246114 -0.02722455 -0.00127148
v -0.0256684 -0.02828445 -0.00127148
v -0.0236272 -0.04901375 -0.00127148
v -0.0163461 -0.05723225 0.0136512
v -0.0211554 -0.03808745 0.0264463
v -0.0222124 -0.03491135 0.0253887
v -0.0232749 -0.02962245 0.0232736
v -0.0208031 -0.03279505 0.0282117
v -0.0229226 -0.02644985 0.0239772
v -0.0230065 -0.02591815 0.0238023
v -0.0198357 -0.04125655 0.0276371
v -0.0208926 -0.03914385 0.0265795
v -0.0187787 -0.04548905 0.0265795
v -0.0158652 -0.05723225 0.0199926
v -0.0185103 -0.04601725 0.0267128
v -0.015552 -0.05723225 0.0213166
v -0.0147803 -0.05723225 0.0232861
v -0.0174534 -0.05024975 0.0245976
v -0.0208031 -0.02125955 0.0271541
v -0.0231407 -0.02125955 0.0116402
v -0.0231015 -0.02125955 0.0114528
v -0.0221229 -0.02125955 0.00816764
v -0.021642 -0.02125955 0.00701846
v -0.0202607 -0.02125955 0.00423294
v -0.0222124 -0.02287585 0.00317536
v -0.0156862 -0.02125955 -0.00127148
v -0.0222124 -0.02499205 -0.00105496
v -0.0224305 -0.02526675 -0.00127148
v -0.0235545 -0.02616815 -0.00127148
v -0.0201936 -0.05099625 -0.00127148
v -0.01322 -0.05723225 0.00581931
v -0.0139638 -0.05723225 0.0071975
v -0.0150207 -0.05723225 0.00931266
v -0.015552 -0.05723225 0.0104785
v -0.0160777 -0.05723225 0.0124854
v -0.0208031 -0.03808745 0.0271541
v -0.0215077 -0.03491135 0.0268002
v -0.0208031 -0.03385495 0.0282117
v -0.0204508 -0.03279505 0.0289154
v -0.0215077 -0.02750625 0.0268002
v -0.0219495 -0.02697805 0.0259175
v -0.0193939 -0.02125955 0.029973
v -0.0194274 -0.02125955 0.0299063
v -0.0197462 -0.02125955 0.0292693
v -0.0195672 -0.04178475 0.0277704
v -0.0193939 -0.04019665 0.0289154
v -0.0204508 -0.03808745 0.0278578
v -0.0144671 -0.05723225 0.0239231
v -0.0134046 -0.05723225 0.0260383
v -0.0130802 -0.05723225 0.0266795
v -0.0130355 -0.05723225 0.0267503
v -0.01322 -0.04813345 0.0330583
v 0.0157589 -0.02125955 -0.00127148
v -0.0192597 -0.05146105 -0.00127148
v -0.0109776 -0.05723225 0.00277564
v -0.0204508 -0.03385495 0.0289154
v -0.01728 -0.02125955 0.0331457
v -0.0130467 -0.04654545 0.0342074
v -0.0186893 -0.03702755 0.0303269
v -0.0193939 -0.03491135 0.029973
v -0.01728 -0.04125655 0.0310305
v -0.0119898 -0.05723225 0.0278578
v -0.0121631 -0.04813345 0.0341158
v 0.0201992 -0.02125955 0.00418298
v 0.0238006 -0.02380195 0.00291305
v 0.0238006 -0.02486175 0.00079372
v 0.0227436 -0.02486175 -0.000263861
v 0.0217482 -0.02489345 -0.00127148
v -0.00591099 -0.05723225 -0.00127148
v -0.00751037 -0.05723225 -0.000476209
v -0.00775643 -0.05723225 -0.000351298
v -0.00992063 -0.05723225 0.0017139
v -0.01728 -0.02221735 0.0331457
v -0.0161839 -0.02125955 0.0342116
v -0.0119898 -0.04654545 0.035265
v -0.0141036 -0.04231295 0.0342074
v -0.0151606 -0.04231295 0.0331457
v -0.0130467 -0.04231295 0.035265
v -0.0109272 -0.05723225 0.0289154
v -0.00983674 -0.05723225 0.0299771
v -0.0116374 -0.04760535 0.0349111
v 0.0212617 -0.02125955 0.00629814
v 0.0239795 -0.02362585 0.00388319
v 0.02592 -0.02697805 0.00185546
v 0.0260263 -0.02878095 -0.00127148
v 0.0256013 -0.02835485 -0.00127148
v 0.0239124 -0.02666465 -0.00127148
v 0.0230568 -0.02580895 -0.00127148
v 0.0229561 -0.02571045 -0.00127148
v 0.0057656 -0.05723225 -0.00127148
v -0.015127 -0.02125955 0.0352276
v -0.0111062 -0.04707355 0.0357064
v -0.0116374 -0.04231295 0.0363642
v -0.0119898 -0.04125655 0.0363226
v -0.00856731 -0.05723225 0.0309431
v 0.021737 -0.02125955 0.00730575
v 0.0230065 -0.02125955 0.0103453
v 0.0230568 -0.02125955 0.0104743
v 0.0232973 -0.02125955 0.0115486
v 0.0246841 -0.02397795 0.00564444
v 0.0257411 -0.02609425 0.00352927
v 0.0260934 -0.02680195 0.00282144
v 0.028347 -0.03341835 -0.00127148
v 0.0189297 -0.05162655 -0.00127148
v 0.00881336 -0.05723225 0.000706282
v -0.013852 -0.02125955 0.0362352
v -0.00846105 -0.05712665 0.0310763
v -0.00899232 -0.04707355 0.036764
v -0.0100492 -0.04496085 0.036764
v -0.0105749 -0.04548905 0.0363642
v -0.0111062 -0.04178475 0.036764
v -0.0137513 -0.02125955 0.0362893
v -0.0083548 -0.05723225 0.0310514
v 0.0233252 -0.02125955 0.0116901
v 0.0246841 -0.02397795 0.00881718
v 0.0257411 -0.02609425 0.00987476
v 0.0264457 -0.02750625 0.00317536
v 0.0285651 -0.03385495 -0.00105496
v 0.0285148 -0.03385495 -0.00127148
v 0.0190751 -0.05155255 -0.00127148
v 0.0129572 -0.05723225 0.00518643
v 0.0119506 -0.05723225 0.0039165
v 0.0109328 -0.05723225 0.00285892
v 0.0098703 -0.05723225 0.00176386
v -0.00792979 -0.04496085 0.0378215
v -0.00644785 -0.05723225 0.0316842
v -0.00528466 -0.04760535 0.0374218
v -0.00475899 -0.04707355 0.0378215
v -0.00687286 -0.04601725 0.0378215
v -0.00899232 -0.04178475 0.0378215
v -0.0117045 -0.02125955 0.037351
v 0.0233252 -0.02125955 0.0147088
v 0.0243318 -0.02327375 0.0137553
v 0.0264457 -0.02750625 0.00952501
v 0.0285651 -0.03385495 0.00423294
v 0.0285651 -0.03407325 -0.00127148
v 0.02337 -0.04908775 -0.00127148
v 0.0236272 -0.04901375 -0.00105496
v 0.0140701 -0.05723225 0.00708924
v -0.00475899 -0.04072835 0.0399367
v -0.00687286 -0.04178475 0.0388791
v -0.00422773 -0.05723225 0.0320964
v -0.00211387 -0.04866165 0.0374218
v -0.0015826 -0.04813345 0.0378215
v -0.0015826 -0.04601725 0.0388791
v -0.00370206 -0.04496085 0.0388791
v -0.00263954 -0.04284465 0.0399367
v -0.00370206 -0.04178475 0.0399367
v -0.00958509 -0.02125955 0.0384086
v 0.0232749 -0.02125955 0.0201008
v 0.0275026 -0.03067885 0.00952501
v 0.0285651 -0.03491135 0.0063481
v 0.0285651 -0.04019665 -0.00127148
v 0.0235265 -0.04899615 -0.00127148
v 0.0246841 -0.04795745 -0.00127148
v 0.0163461 -0.05723225 0.0137553
v 0.0162231 -0.05723225 0.0126978
v 0.0151661 -0.05723225 0.00952501
v 0.0147579 -0.05723225 0.00835917
v 0.0144727 -0.05723225 0.00779707
v -0.00422773 -0.04019665 0.040199
v -0.00951799 -0.02125955 0.0384419
v -2.77556e-18 -0.04019665 0.0412608
v -0.0031708 -0.05723225 0.032213
v -0.00105693 -0.04901375 0.0373802
v -0.00105693 -0.04830955 0.0377341
v -0.00105693 -0.04619325 0.0387917
v -0.00052567 -0.04390095 0.0399367
v 0.0231686 -0.02125955 0.020613
v 0.0232749 -0.02221735 0.0211584
v 0.0275026 -0.03173875 0.0105826
v 0.0285651 -0.03597125 0.00740985
v 0.0285651 -0.04019665 0.0010602
v 0.0275026 -0.04337285 -0.00127148
v 0.026798 -0.04478125 -0.00127148
v 0.0246841 -0.04795745 2.61648e-06
v 0.0163461 -0.05723225 0.0169281
v -0.00422773 -0.03914385 0.040199
v -0.00750478 -0.02125955 0.0390915
v -2.77556e-18 -0.04337285 0.040199
v 0.00105693 -0.04019665 0.0412608
v -2.77556e-18 -0.03808745 0.0412608
v 0.00528466 -0.05723225 0.032213
v 0.00211387 -0.04901375 0.0373802
v 0.00211387 -0.04830955 0.0377341
v -2.77556e-18 -0.04407705 0.0398493
v 0.0230792 -0.02125955 0.0209669
v 0.0230959 -0.02133355 0.0209794
v 0.0232749 -0.02644985 0.0232736
v 0.0243318 -0.02538995 0.0190474
v 0.0222124 -0.02125955 0.0243311
v 0.0275026 -0.03385495 0.0116402
v 0.0253888 -0.02856255 0.0169281
v 0.0275026 -0.03702755 0.0116402
v 0.0275026 -0.03914385 0.0105826
v 0.0285651 -0.03914385 0.00423294
v 0.0275026 -0.04337285 -0.00105496
v 0.0264457 -0.04337285 0.00952501
v 0.0264457 -0.04442915 0.00529052
v 0.026798 -0.04478125 -0.00105496
v 0.0257411 -0.04584115 0.00529052
v 0.0236272 -0.04901375 0.00529052
v 0.0158652 -0.05723225 0.0199926
v 0.0225647 -0.05007365 0.00952501
v -0.00327146 -0.02125955 0.0401491
v 0.00105693 -0.04337285 0.040199
v 0.00105693 -0.03808745 0.0412608
v 0.0031708 -0.04231295 0.040199
v 0.00422773 -0.04019665 0.040199
v 0.00846105 -0.02125955 0.0388833
v -0.00211387 -0.02125955 0.040199
v -0.0031708 -0.02125955 0.0401615
v 0.00740412 -0.05723225 0.0317134
v 0.00634719 -0.05620055 0.0325295
v 0.0031708 -0.04773555 0.0378215
v 0.00211387 -0.04619325 0.0387917
v 0.00105693 -0.04407705 0.0398493
v 0.0230568 -0.02125955 0.0210543
v 0.0225647 -0.02609425 0.0246851
v 0.0229226 -0.02680195 0.0239772
v 0.0204508 -0.03244295 0.0289154
v 0.0208031 -0.03314725 0.0282117
v 0.0232749 -0.03279505 0.0232736
v 0.0264457 -0.03279505 0.0148129
v 0.0221117 -0.02125955 0.0245352
v 0.0264457 -0.03597125 0.0148129
v 0.0260934 -0.03632335 0.0155207
v 0.0272398 -0.04033045 0.0105826
v 0.0275026 -0.04019665 0.00952501
v 0.0250364 -0.03949245 0.0165783
v 0.0260934 -0.04055235 0.0134014
v 0.0261828 -0.04138685 0.0126978
v 0.0260934 -0.04513695 0.00529052
v 0.0261828 -0.04350305 0.0105826
v 0.0253888 -0.04548905 0.00952501
v 0.0246841 -0.04689755 0.00952501
v 0.0158428 -0.05723225 0.0201008
v 0.00211387 -0.04548905 0.0391414
v 0.00211387 -0.04350305 0.0399367
v 0.00105693 -0.02125955 0.040199
v 0.00822618 -0.02125955 0.0389374
v 0.00740412 -0.02125955 0.0391206
v 0.00729787 -0.02125955 0.0391414
v 0.0031708 -0.04561935 0.0388791
v 0.00387542 -0.04266855 0.0398493
v 0.00493235 -0.04055235 0.0398493
v 0.00848342 -0.02125955 0.038875
v 0.00761103 -0.05723225 0.0316343
v 0.0112795 -0.04689755 0.0356148
v 0.00846105 -0.04667925 0.036764
v 0.00528466 -0.04667925 0.0378215
v 0.0210548 -0.02125955 0.0266545
v 0.0199978 -0.02125955 0.0287696
v 0.0196232 -0.02125955 0.0295191
v 0.0193939 -0.02125955 0.029973
v 0.0215077 -0.02821045 0.0268002
v 0.0204508 -0.03350285 0.0289154
v 0.01728 -0.02125955 0.0331457
v 0.0208031 -0.03420705 0.0282117
v 0.0229226 -0.03314725 0.0239772
v 0.0222124 -0.03491135 0.0253887
v 0.0250364 -0.03737975 0.0176359
v 0.0261828 -0.04244675 0.0116402
v 0.0251259 -0.04033045 0.0158705
v 0.0208031 -0.03843955 0.0271541
v 0.0208031 -0.04055235 0.0260924
v 0.0208926 -0.04138685 0.0253887
v 0.02592 -0.04152065 0.0132265
v 0.0250364 -0.04478125 0.0123438
v 0.0251259 -0.04561935 0.0105826
v 0.0156023 -0.05723225 0.0211834
v 0.0156583 -0.05723225 0.0209377
v 0.00634719 -0.04244675 0.0388791
v 0.00705181 -0.04160865 0.0387917
v 0.0106029 -0.02125955 0.0378174
v 0.00810874 -0.05723225 0.0313845
v 0.0119898 -0.04619325 0.035265
v 0.0112795 -0.04160865 0.0366724
v 0.00916567 -0.04160865 0.0377341
v 0.0083548 -0.05723225 0.0312595
v 0.0121631 -0.04786935 0.0343823
v 0.01728 -0.02186525 0.0331457
v 0.0193939 -0.03455925 0.029973
v 0.0186893 -0.03737975 0.0303269
v 0.0193939 -0.03984455 0.0289154
v 0.0197462 -0.04055235 0.0282117
v 0.0147076 -0.02125955 0.0354899
v 0.02186 -0.03526345 0.0260924
v 0.0206298 -0.04152065 0.0259175
v 0.0248575 -0.04522495 0.012169
v 0.0185103 -0.04575315 0.0269751
v 0.0185103 -0.04786935 0.0248599
v 0.0144727 -0.05723225 0.024048
v 0.014702 -0.05723225 0.0234817
v 0.0147859 -0.05723225 0.0232736
v 0.0246841 -0.04584115 0.0116402
v 0.0127167 -0.02125955 0.0367598
v 0.0119898 -0.04090445 0.0363226
v 0.0130467 -0.04619325 0.0342074
v 0.0141036 -0.04302065 0.0342074
v 0.0134381 -0.02125955 0.0363892
v 0.01322 -0.02142155 0.0364975
v 0.00868474 -0.05723225 0.0310014
v 0.01322 -0.04786935 0.0333247
v 0.0098703 -0.05723225 0.029973
v 0.0119898 -0.05723225 0.0278578
v 0.0195672 -0.04152065 0.0280327
v 0.0144559 -0.04372495 0.0334996
v 0.0142826 -0.04469325 0.0333247
v 0.0140924 -0.02125955 0.0359354
v 0.013276 -0.05723225 0.0263422
v 0.0130131 -0.05723225 0.0266753
v 0.00528977 -0.05723225 0.0322124
v 0.00740504 -0.05723225 0.0317141
v -0.0031713 -0.05723225 0.0322124
v 0.0100483 -0.07458485 0.029357
v 0.00761305 -0.05723225 0.0316321
v -0.00423054 -0.05723225 0.0320944
v -0.0100483 -0.07458485 0.029357
v -2.77556e-18 -0.07617445 0.0285636
v -2.77556e-18 -0.07757965 0.0278588
v 0.00423054 -0.08181075 0.0246854
v 0.0063458 -0.08287055 0.0236265
v 0.00740504 -0.08216405 0.0239805
v 0.00793306 -0.08225035 0.0238035
v 0.00899229 -0.08172445 0.0238035
v 0.0105795 -0.07511475 0.0285636
v 0.0119876 -0.07370565 0.0278588
v 0.00835867 -0.05723225 0.0312617
v 0.00810906 -0.05748345 0.0313862
v 0.00810906 -0.05723225 0.0313862
v -0.00645141 -0.05723225 0.0316846
v -0.0119876 -0.07405885 0.0278588
v -0.0105795 -0.07511475 0.0285636
v -0.00899229 -0.08198745 0.0235379
v -0.00793306 -0.08198745 0.0240658
v -0.0063458 -0.08287055 0.0236265
v -0.00423054 -0.08181075 0.0246854
v -0.00835867 -0.05723225 0.0310486
v -0.00856668 -0.05723225 0.0309437
v -0.00983712 -0.05723225 0.0299798
v 0.00105603 -0.09556405 0.0141095
v 0.00264329 -0.09547775 0.0132276
v 0.0100483 -0.08172445 0.0227446
v 0.0121636 -0.07485175 0.0269769
v 0.0123428 -0.07440815 0.0271539
v 0.0142821 -0.06956075 0.0238035
v 0.013274 -0.05723225 0.0263442
v 0.0130148 -0.05723225 0.0266753
v 0.0119876 -0.05723225 0.0278588
v 0.0109316 -0.05889255 0.0289177
v 0.00987232 -0.05783675 0.0299733
v 0.00868828 -0.05723225 0.0309994
v -0.0123428 -0.07405885 0.0271539
v -0.0123428 -0.07476145 0.0267999
v -0.0121636 -0.07458485 0.0272424
v -0.0116356 -0.07485175 0.0276391
v -0.0109316 -0.05818605 0.0289177
v -0.0119876 -0.05723225 0.0278588
v -0.0130372 -0.05723225 0.0267507
v -0.013082 -0.05723225 0.0266786
v -0.0145445 -0.06929785 0.0238035
v -0.0100483 -0.08198745 0.022479
v -0.00264329 -0.09574065 0.0129621
v -0.00158405 -0.09574065 0.0134899
v -0.00105603 -0.09521085 0.0141521
v -2.77556e-18 -0.09556405 0.0141095
v -0.0109316 -0.05723225 0.0289177
v -2.77556e-18 -0.09662385 0.0130506
v 0.00105603 -0.09666705 0.0126965
v 0.00158405 -0.09600755 0.0132276
v 0.00264329 -0.09600755 0.0121687
v 0.0109316 -0.08181075 0.0211579
v 0.0105795 -0.08145755 0.0222168
v 0.0111076 -0.08119455 0.0216857
v 0.0126948 -0.07405885 0.0264491
v 0.0112836 -0.08075495 0.0218627
v 0.0134884 -0.07841565 0.0190434
v 0.0146341 -0.06894455 0.0230987
v 0.0144741 -0.05723225 0.0240461
v 0.0133988 -0.05748345 0.026095
v 0.0109316 -0.05723225 0.0289177
v 0.00987232 -0.05723225 0.0299733
v -0.0126948 -0.07405885 0.0264491
v -0.0145445 -0.07723025 0.0170567
v -0.0134884 -0.07828615 0.0191745
v -0.0132228 -0.07881205 0.0193056
v -0.0111076 -0.08093155 0.0214234
v -0.0134084 -0.05723225 0.0260393
v -0.0147845 -0.05723225 0.0232855
v -0.0156037 -0.05723225 0.0211841
v -0.0158693 -0.05723225 0.0199941
v -0.0158693 -0.06770815 0.0169256
v -0.0148101 -0.07617445 0.0169256
v -0.0102243 -0.08216405 0.0215119
v -0.0132228 -0.07987185 0.0171911
v -0.00281929 -0.09591735 0.0119917
v -0.000704023 -0.09697705 0.0119917
v -0.00211527 -0.09600755 0.012831
v -0.000528017 -0.09680045 0.0124343
v -2.77556e-18 -0.09697705 0.0123458
v 0.000528017 -0.09706345 0.0121687
v -2.77556e-18 -0.09733035 0.0116377
v 0.00211527 -0.09627055 0.010582
v 0.00281929 -0.09591735 0.010582
v 0.00281929 -0.09591735 0.0116377
v 0.0133988 -0.08004845 0.0158667
v 0.0132228 -0.08013485 0.0163978
v 0.0134884 -0.07947545 0.0169256
v 0.0145445 -0.07735985 0.0169256
v 0.0148101 -0.07617445 0.0169256
v 0.0158693 -0.06770815 0.0169256
v 0.0158693 -0.05723225 0.0199941
v 0.0156101 -0.05723225 0.0211579
v 0.0156037 -0.05723225 0.0211841
v 0.0147877 -0.05723225 0.0232724
v 0.0147045 -0.05723225 0.0234822
v -0.0148101 -0.07723025 0.0158667
v -0.0144581 -0.07793285 0.0162207
v -0.0142821 -0.07775625 0.0171911
v -0.0133988 -0.07898865 0.0183353
v -0.0163461 -0.05723225 0.0168207
v -0.0158693 -0.06770815 0.0137554
v -0.0141061 -0.07863935 0.0155159
v -0.00281929 -0.09591735 0.0109328
v -0.00211527 -0.09627055 0.0116377
v -2.77556e-18 -0.09627055 0.00846424
v 0.00118724 -0.09600755 0.00846424
v 0.00224647 -0.09600755 0.00952314
v -0.00211527 -0.09627055 0.010582
v -0.00264329 -0.09574065 0.00899533
v -0.00158405 -0.09574065 0.00793643
v 0.00290889 -0.09574065 0.0100509
v 0.0134884 -0.07987185 0.0153422
v 0.0141061 -0.07863935 0.0158667
v 0.0148101 -0.07723025 0.0158667
v 0.0158693 -0.06770815 0.0137554
v 0.0163461 -0.05723225 0.0169256
v -0.0148101 -0.07723025 0.0137554
v -0.0163461 -0.05723225 0.0136505
v -0.0158693 -0.06665235 0.0126965
v -0.0148101 -0.07617445 0.0116377
v -0.0141061 -0.07863935 0.0134014
v -0.00352651 -0.09450825 0.00916908
v 0.000352011 -0.09591735 0.0077594
v -0.000352011 -0.09556405 0.00705456
v 0.00132164 -0.09574065 0.00793643
v 0.00237768 -0.09574065 0.00899533
v -0.00264329 -0.09468485 0.00687753
v 0.00237768 -0.09468485 0.00687753
v 0.00290889 -0.09468485 0.00793643
v 0.00356812 -0.09415495 0.00846424
v 0.0141477 -0.07828615 0.0126965
v 0.0141061 -0.07863935 0.0137554
v 0.0148101 -0.07723025 0.0137554
v 0.0158693 -0.06665235 0.0126965
v 0.0163461 -0.05723225 0.0137554
v -0.0142821 -0.07775625 0.0121687
v -0.0160805 -0.05723225 0.0124867
v -0.0148101 -0.06770815 0.00740862
v -0.0142821 -0.07564455 0.0100509
v -0.0141061 -0.07652375 0.010228
v -0.0132228 -0.07775625 0.00899533
v -0.0139268 -0.07740295 0.010405
v -0.0141061 -0.07757965 0.0112869
v -0.0142821 -0.06929785 0.00687753
v -0.00370252 -0.09362515 0.00793643
v 0.00140805 -0.09486145 0.00670051
v -0.000704023 -0.09486145 0.00670051
v -0.00370252 -0.09150955 0.00582192
v -0.00370252 -0.08939395 0.00476302
v -0.00264329 -0.09044975 0.00476302
v -0.00140805 -0.09344845 0.00599567
v 0.00237768 -0.09044975 0.00476302
v 0.00343691 -0.08939395 0.00476302
v 0.00343691 -0.09150955 0.00582192
v 0.0130916 -0.07828615 0.00952314
v 0.0134884 -0.07881205 0.0111098
v 0.0145445 -0.07775625 0.0132276
v 0.0148101 -0.07617445 0.0126965
v 0.0148101 -0.06770815 0.00740862
v 0.0162245 -0.05723225 0.0126965
v 0.0148101 -0.07405885 0.010582
v -0.0155525 -0.05723225 0.0104771
v -0.0148101 -0.06665235 0.00740862
v -0.0144581 -0.06735495 0.00670051
v -0.0141061 -0.06806145 0.00599567
v -0.0132228 -0.07352895 0.00687753
v -0.0132228 -0.07564455 0.00793643
v -0.0111076 -0.07564455 0.00476302
v -0.00899229 -0.07881205 0.00370412
v -0.00793306 -0.08093155 0.00370412
v -0.0132228 -0.06929785 0.00476302
v 0.00105603 -0.08992385 0.00423193
v 0.00140805 -0.09062635 0.00458599
v -0.00105603 -0.08992385 0.00423193
v -0.00687382 -0.08093155 0.00264523
v -0.00140805 -0.09133285 0.00494005
v -0.00370252 -0.08093155 0.00158961
v 0.00224647 -0.08992385 0.00449748
v 0.00449614 -0.08093155 0.00158961
v 0.00661141 -0.08093155 0.00264523
v 0.00775705 -0.07934195 0.00282226
v 0.00766745 -0.08093155 0.00370412
v 0.00885789 -0.07934195 0.00423193
v 0.00991712 -0.07723025 0.00423193
v 0.0134884 -0.07670045 0.00899533
v 0.0134884 -0.07775625 0.0100509
v 0.0145445 -0.07564455 0.0111098
v 0.0145445 -0.06823805 0.00687753
v 0.0144581 -0.06770815 0.00670051
v 0.0148101 -0.06665235 0.00740862
v 0.0151685 -0.05723225 0.00952314
v 0.0145445 -0.07458485 0.0100509
v -0.0150213 -0.05723225 0.00931005
v -0.0144581 -0.06629915 0.00670051
v -0.0141061 -0.06700565 0.00599567
v -0.0130468 -0.06806145 0.00388115
v -0.0128708 -0.07106015 0.0051138
v -0.0111076 -0.07141345 0.00264523
v -0.0109316 -0.07440815 0.00388115
v -0.00881628 -0.07757965 0.00282226
v -0.00775705 -0.07969525 0.00282226
v 0.0031713 -0.08040175 0.00105852
v -0.00211527 -0.08040175 0.00105852
v -0.00581779 -0.07881205 0.00158961
v -0.00793306 -0.07881205 0.00264523
v -0.00899229 -0.07246925 0.00158961
v -0.00528977 -0.07723025 0.00105852
v 0.00436174 -0.08040175 0.00132406
v 0.00647701 -0.08040175 0.00238296
v 0.00881628 -0.07723025 0.00282226
v 0.00819866 -0.07987185 0.00370412
v 0.0134884 -0.07352895 0.00687753
v 0.0092547 -0.07775625 0.00370412
v 0.0119876 -0.07193935 0.00388115
v 0.0124292 -0.07246925 0.00476302
v 0.0134884 -0.06823805 0.00476302
v 0.0141061 -0.06770815 0.00599567
v 0.0144581 -0.06665235 0.00670051
v 0.0147589 -0.05723225 0.00835933
v -0.0139653 -0.05723225 0.00719553
v -0.0133988 -0.06523935 0.00458599
v -0.0130468 -0.06594585 0.00388115
v -0.0109316 -0.06912115 0.00176336
v -0.0119876 -0.06912115 0.00282226
v -0.0109316 -0.07229265 0.00282226
v 0.00105603 -0.06453675 -0.00105599
v 0.0031713 -0.06347705 -0.00105599
v 0.00423054 -0.07934195 0.00105852
v -0.0063458 -0.06876795 2.9022e-06
v -0.00211527 -0.06347705 -0.00105599
v -2.77556e-18 -0.06453675 -0.00105599
v -0.0100483 -0.07035365 0.00158961
v -0.00952031 -0.06876795 0.00105852
v -0.00793306 -0.06929785 0.000530711
v -0.00740504 -0.06770815 2.9022e-06
v 0.00528977 -0.07723025 0.00105852
v 0.00542097 -0.07828615 0.00132406
v 0.00753624 -0.07828615 0.00238296
v 0.0109316 -0.06876795 0.00176336
v 0.0119876 -0.06982375 0.00282226
v 0.0124292 -0.07035365 0.00370412
v 0.0130916 -0.06876795 0.00423193
v 0.0130468 -0.06770815 0.00388115
v 0.0141061 -0.06665235 0.00599567
v 0.0144741 -0.05723225 0.00779546
v 0.0130468 -0.06665235 0.00388115
v -0.0132228 -0.05723225 0.00582192
v -0.0109316 -0.06594585 0.00176336
v -0.0109796 -0.05723225 0.00277308
v -0.00992352 -0.05723225 0.00171418
v -0.00775705 -0.05748345 -0.000351156
v -0.00591059 -0.05734615 -0.00127236
v 0.0029537 -0.06092575 -0.00127236
v 0.00412173 -0.06049005 -0.00127236
v 0.00430734 -0.06030165 -0.00127236
v 0.00740504 -0.06770815 2.9022e-06
v 0.00753624 -0.06876795 0.000265168
v -0.00401293 -0.06008575 -0.00127236
v -0.00273609 -0.06092575 -0.00127236
v -0.00550738 -0.05815855 -0.00127236
v -0.00507216 -0.05902605 -0.00127236
v 0.00753624 -0.07405885 0.00132406
v 0.00952031 -0.06876795 0.00105852
v 0.00859548 -0.07193935 0.00132406
v 0.00965151 -0.06982375 0.00132406
v 0.00576339 -0.05723225 -0.00127236
v 0.0109316 -0.06559255 0.00176336
v 0.0140709 -0.05723225 0.00709063
v 0.0119876 -0.06559255 0.00282226
v 0.0119524 -0.05723225 0.00391721
v 0.0129604 -0.05723225 0.00518592
v -0.00775705 -0.05723225 -0.000351156
v -0.0061378 -0.05723225 -0.0011609
v -0.00591059 -0.05723225 -0.00127236
v 0.00485136 -0.05924585 -0.00127236
v 0.00881628 -0.05723225 0.000707741
v 0.00987232 -0.05723225 0.00176336
v 0.0109348 -0.05723225 0.00285832
v 0.014812 0.03437615 -0.0127167
v 0.0116391 0.03437615 -0.0127167
v 0.0179849 0.03363625 -0.0127167
v 0.0201008 0.02856735 -0.0323254
v 0.0106435 0.03387845 -0.0127167
v 0.0169261 0.02856735 -0.0323254
v 0.0188388 0.03316545 -0.0127167
v 0.0185143 0.03332685 -0.0129605
v 0.0218631 0.02821495 -0.0299742
v 0.0215113 0.02786245 -0.0323254
v 0.0105598 0.03382465 -0.0127167
v 0.0155173 0.02786245 -0.0323254
v 0.0198395 0.03246865 -0.0127167
v 0.0225684 0.02786245 -0.0292697
v 0.0229219 0.02715485 -0.0310337
v 0.022746 0.02698005 -0.032003
v 0.0216582 0.02773335 -0.0323254
v 0.0100509 0.03306325 -0.0132254
v 0.00954373 0.03281025 -0.0127167
v 0.00899385 0.03200585 -0.0132254
v 0.0144602 0.02680245 -0.0323254
v 0.0200803 0.03228025 -0.0127167
v 0.0203501 0.03206775 -0.0127167
v 0.0215113 0.03103455 -0.013402
v 0.0225684 0.02997725 -0.013402
v 0.023979 0.02715485 -0.0151659
v 0.0243325 0.02644995 -0.0148127
v 0.0232737 0.02644995 -0.0306805
v 0.0231405 0.02593075 -0.0323254
v 0.0229783 0.02632625 -0.0323254
v 0.0229219 0.02927235 -0.0141064
v 0.0226162 0.02685085 -0.0323254
v 0.00950104 0.03276725 -0.0127167
v 0.0087394 0.03187665 -0.0127167
v 0.0142638 0.02641235 -0.0323254
v 0.0141067 0.02609755 -0.0323254
v 0.0137549 0.02539265 -0.0323254
v 0.0215113 0.03103455 -0.0127167
v 0.0225684 0.02997725 -0.0127167
v 0.0240029 0.02724635 -0.0127167
v 0.0243325 0.02644995 -0.0127167
v 0.0253861 0.02327785 -0.0127167
v 0.0243325 0.02433525 -0.0275058
v 0.0232737 0.02539265 -0.0323254
v 0.00821855 0.03056375 -0.0127167
v 0.0137549 0.02116045 -0.0323254
v 0.00846446 0.02644995 -0.0148127
v 0.00794532 0.02960325 -0.0127167
v 0.00821001 0.03053415 -0.0127167
v 0.0253912 0.02325635 -0.0127167
v 0.0253912 0.02221785 -0.0158703
v 0.0243325 0.02327785 -0.0285634
v 0.0232737 0.02221785 -0.0323254
v 0.00794532 0.02325635 -0.0127167
v 0.00846446 0.02539265 -0.0148127
v 0.0152833 0.01810405 -0.0323254
v 0.0111097 0.01428625 -0.0153406
v 0.0100509 0.01746105 -0.0164001
v 0.0100509 0.01851845 -0.0174577
v 0.00952324 0.02010575 -0.0169279
v 0.0253912 0.01904845 -0.0127167
v 0.0253912 0.02116045 -0.0158703
v 0.0243325 0.02221785 -0.0285634
v 0.0232737 0.02116045 -0.0317381
v 0.0230107 0.02063315 -0.0322679
v 0.0229953 0.02068965 -0.0323254
v 0.00821001 0.02196495 -0.0127167
v 0.0155651 0.01768435 -0.0323254
v 0.0121668 0.01217155 -0.014283
v 0.0112856 0.01340375 -0.0141064
v 0.0105803 0.01481625 -0.0137551
v 0.00952324 0.01798835 -0.0148127
v 0.0253827 0.01798835 -0.0127167
v 0.0253912 0.01904845 -0.0137551
v 0.0240678 0.02169045 -0.0290932
v 0.0243325 0.01904845 -0.024333
v 0.0240678 0.01851845 -0.0248609
v 0.0240678 0.01640365 -0.02169
v 0.0230107 0.01640365 -0.0259184
v 0.0226128 0.01798835 -0.0296229
v 0.0229663 0.02057665 -0.0323254
v 0.00952324 0.01798835 -0.0127167
v 0.0169552 0.01696065 -0.0323254
v 0.0167502 0.01675615 -0.0319147
v 0.0164002 0.01640365 -0.0312084
v 0.0174555 0.01005415 -0.02169
v 0.0123444 0.01128905 -0.0130488
v 0.0122778 0.01122175 -0.0127167
v 0.011219 0.01333925 -0.0127167
v 0.0105803 0.01481625 -0.0127167
v 0.0253793 0.01796955 -0.0127167
v 0.0243325 0.01693105 -0.0211602
v 0.0240678 0.01428625 -0.0164001
v 0.0230107 0.01217155 -0.0174577
v 0.0219519 0.01111145 -0.0206305
v 0.0219519 0.01217155 -0.0227457
v 0.0219519 0.01851845 -0.0322679
v 0.0219383 0.01857495 -0.0323254
v 0.0173975 0.01681265 -0.0323254
v 0.0176314 0.01657855 -0.0320913
v 0.0186902 0.01023165 -0.0225691
v 0.0186902 0.00917433 -0.0204558
v 0.019042 0.00846673 -0.019045
v 0.017809 0.00934921 -0.0202792
v 0.0164002 0.00793939 -0.014283
v 0.0155173 0.00811427 -0.0130488
v 0.0133348 0.01016445 -0.0127167
v 0.0243222 0.01373745 -0.0127167
v 0.0243325 0.01481625 -0.0158703
v 0.0240678 0.01322885 -0.0132254
v 0.0230107 0.01111145 -0.014283
v 0.0219519 0.00899675 -0.0132254
v 0.0215113 0.01023165 -0.0201026
v 0.0215113 0.01128905 -0.0222178
v 0.0214225 0.01217155 -0.0238033
v 0.0215113 0.01763595 -0.0317381
v 0.0218665 0.01846195 -0.0323254
v 0.0177493 0.01669695 -0.0323254
v 0.0188063 0.01669695 -0.0323254
v 0.0193955 0.00987923 -0.0218666
v 0.0193955 0.00881918 -0.0197495
v 0.0199744 0.00715646 -0.0127167
v 0.0191752 0.00767303 -0.0158703
v 0.019042 0.00740936 -0.0148127
v 0.0177305 0.00715646 -0.0127167
v 0.017809 0.00829184 -0.0171045
v 0.0154507 0.0080497 -0.0127167
v 0.0169313 0.00741474 -0.0127167
v 0.0239841 0.01305935 -0.0127167
v 0.0222064 0.00950526 -0.0127167
v 0.0218665 0.00882725 -0.0127167
v 0.0215045 0.00812234 -0.0127167
v 0.0203655 0.01005415 -0.02169
v 0.0208948 0.00899675 -0.0174577
v 0.0204526 0.00917433 -0.019045
v 0.0208948 0.01111145 -0.0227457
v 0.0208214 0.01743145 -0.0323254
v 0.0213149 0.01783235 -0.0323254
v 0.0194553 0.01681265 -0.0323254
v 0.0201144 0.01696065 -0.0323254
v 0.0199676 0.00926042 -0.0201026
v 0.0198361 0.00899675 -0.0195729
v 0.0202323 0.00873309 -0.0179855
v 0.0214857 0.00810889 -0.0127167
v 0.0190215 0.0068901 -0.0127167
v 0.0201012 0.02856745 -0.0323254
v 0.0190428 0.02962585 -0.03703
v 0.0169281 0.02856745 -0.0323254
v 0.0212735 0.02798135 -0.0323254
v 0.0216877 0.02803725 -0.033327
v 0.0211585 0.02856745 -0.034913
v 0.0190428 0.02962585 -0.0380873
v 0.0158697 0.02856745 -0.0359715
v 0.0158314 0.02801865 -0.0323254
v 0.0215117 0.02786115 -0.0323254
v 0.0216577 0.02773275 -0.0323254
v 0.0226167 0.02685045 -0.0323254
v 0.022569 0.02786115 -0.0356183
v 0.0211585 0.02856745 -0.0402019
v 0.0158697 0.02856745 -0.0380873
v 0.0163989 0.02830235 -0.0407317
v 0.0169281 0.02856745 -0.0402019
v 0.0144592 0.02786115 -0.0359715
v 0.0155176 0.02786115 -0.0323254
v 0.0229791 0.02632645 -0.0323254
v 0.022569 0.02786115 -0.0387914
v 0.0232753 0.02645075 -0.0359715
v 0.0229222 0.02715695 -0.0363247
v 0.0218638 0.02821335 -0.0405551
v 0.0216877 0.02803725 -0.0409961
v 0.0211585 0.02786115 -0.0416124
v 0.0153416 0.02830235 -0.0386148
v 0.0144592 0.02786115 -0.0380873
v 0.0169281 0.02786115 -0.0416124
v 0.0158697 0.02750905 -0.0412604
v 0.0155176 0.02786115 -0.0402019
v 0.0140181 0.02698095 -0.0343843
v 0.0144592 0.02680285 -0.0323254
v 0.0231396 0.02593295 -0.0323254
v 0.0229222 0.02715695 -0.0394966
v 0.0232753 0.02539235 -0.0323254
v 0.0232753 0.02645075 -0.0391446
v 0.0227461 0.02698095 -0.0404662
v 0.0219528 0.02750905 -0.041392
v 0.0216877 0.02698095 -0.0420534
v 0.0211585 0.02715695 -0.0419656
v 0.0142832 0.02671585 -0.0396732
v 0.0140181 0.02658325 -0.0391446
v 0.013754 0.02645075 -0.0380873
v 0.0126956 0.02433605 -0.03703
v 0.0169281 0.02715695 -0.0419656
v 0.0163989 0.02724395 -0.041789
v 0.0142832 0.02565745 -0.0407317
v 0.0162229 0.02680285 -0.0419656
v 0.0142832 0.02459905 -0.041789
v 0.013754 0.02539235 -0.0323254
v 0.0142635 0.02641345 -0.0323254
v 0.0126956 0.02433605 -0.0359715
v 0.0129607 0.02486415 -0.0354428
v 0.0230102 0.02645075 -0.0403346
v 0.0232753 0.02221925 -0.0323254
v 0.0232753 0.02433605 -0.0412604
v 0.0227461 0.02592255 -0.0415247
v 0.0211585 0.02645075 -0.0423177
v 0.0227461 0.02486415 -0.0420534
v 0.0216877 0.02169105 -0.0431119
v 0.0130488 0.02362975 -0.0398499
v 0.0126956 0.02327765 -0.0391446
v 0.0169281 0.02645075 -0.0423177
v 0.0151645 0.02151295 -0.043023
v 0.0148124 0.02446655 -0.0420534
v 0.0148124 0.01587315 -0.0444347
v 0.0141071 0.02362975 -0.0419656
v 0.0132248 0.02142595 -0.041789
v 0.0143805 0.01577575 -0.0442829
v 0.0132248 0.01507985 -0.0439048
v 0.0126956 0.02327765 -0.034913
v 0.013754 0.02116085 -0.0323254
v 0.0230102 0.02539235 -0.041392
v 0.0229957 0.02068865 -0.0323254
v 0.0232753 0.01481475 -0.0423177
v 0.0229222 0.02433605 -0.0419656
v 0.0232753 0.01587315 -0.0423177
v 0.0211585 0.02116085 -0.0433762
v 0.0201012 0.02221925 -0.0433762
v 0.022569 0.01375635 -0.0437282
v 0.0216877 0.01428655 -0.0441692
v 0.0211585 0.01375635 -0.0444347
v 0.0129607 0.02129345 -0.0412604
v 0.0126956 0.02010245 -0.0412604
v 0.0179855 0.02221925 -0.0433762
v 0.0157941 0.01685485 -0.0444347
v 0.013754 0.01375635 -0.0444347
v 0.0130488 0.02045665 -0.0419656
v 0.0130488 0.01411055 -0.0440814
v 0.0126956 0.01375635 -0.0402019
v 0.0145763 0.01951635 -0.0323254
v 0.0129607 0.01270005 -0.0400703
v 0.0130488 0.00987905 -0.0419656
v 0.0132248 0.01005515 -0.0415247
v 0.0229677 0.02057475 -0.0323254
v 0.0230102 0.01322815 -0.0428475
v 0.0229222 0.01587315 -0.043023
v 0.0226136 0.01270005 -0.0433762
v 0.0219528 0.01111145 -0.0439048
v 0.0218638 0.01164165 -0.0440814
v 0.0211585 0.01164165 -0.0444347
v 0.0126956 0.01693145 -0.0423177
v 0.013754 0.01270005 -0.0444347
v 0.0130488 0.01305215 -0.0440814
v 0.0126956 0.01375635 -0.0433762
v 0.0126956 0.01058325 -0.0423177
v 0.0152836 0.01810375 -0.0323254
v 0.0132248 0.01005515 -0.0428475
v 0.013754 0.00952488 -0.0423177
v 0.0151645 0.00882067 -0.0419656
v 0.0153416 0.00899672 -0.0415247
v 0.0169571 0.01696045 -0.0323254
v 0.0155642 0.01768335 -0.0323254
v 0.0219383 0.01857605 -0.0323254
v 0.0216877 0.01137655 -0.0407317
v 0.0219528 0.01150905 -0.0412604
v 0.0222169 0.01164165 -0.0423177
v 0.0215117 0.01023115 -0.0423177
v 0.021027 0.01031815 -0.0433762
v 0.0215117 0.01093535 -0.0440814
v 0.0169281 0.00952488 -0.0433762
v 0.0148124 0.01164165 -0.0444347
v 0.0139301 0.01181765 -0.0442581
v 0.0132248 0.01111145 -0.0439048
v 0.0126956 0.01270005 -0.0433762
v 0.0135779 0.01040725 -0.0435528
v 0.0144592 0.00917278 -0.0426709
v 0.0158697 0.0084665 -0.0423177
v 0.0158697 0.00882067 -0.0416124
v 0.0177504 0.01669535 -0.0323254
v 0.0173993 0.01681135 -0.0323254
v 0.0218659 0.01846005 -0.0323254
v 0.0206293 0.00978999 -0.041789
v 0.0213159 0.01783245 -0.0323254
v 0.020823 0.01743065 -0.0323254
v 0.0201012 0.00952488 -0.0423177
v 0.0208945 0.01005515 -0.0428475
v 0.0204533 0.00987905 -0.043023
v 0.0172802 0.00882067 -0.043023
v 0.0158697 0.00952488 -0.0433762
v 0.0144592 0.01023115 -0.0437282
v 0.0153416 0.00899672 -0.0428475
v 0.0169281 0.0084665 -0.0423177
v 0.0174573 0.00873161 -0.041789
v 0.0162229 0.00882067 -0.043023
v 0.0169281 0.00882067 -0.0416124
v 0.0188067 0.01669535 -0.0323254
v 0.0201012 0.01023115 -0.0409072
v 0.0201157 0.01696045 -0.0323254
v 0.019456 0.01681345 -0.0323254
v -0.0116387 0.03437615 -0.0127167
v -0.0148125 0.03437615 -0.0127167
v -0.0113542 0.03430355 -0.0127167
v -0.0170203 0.02847325 -0.0323254
v -0.0179846 0.02856735 -0.0323254
v -0.0158066 0.03424975 -0.0127167
v -0.020101 0.02856735 -0.0323254
v -0.0106446 0.03387845 -0.0127167
v -0.0155414 0.02783825 -0.0323254
v -0.0180056 0.03384615 -0.0127167
v -0.0215114 0.02786245 -0.0323254
v -0.021687 0.02830105 -0.0301508
v -0.0185132 0.03359325 -0.0132254
v -0.0105375 0.03381385 -0.0127167
v -0.010051 0.03332685 -0.0129605
v -0.0144595 0.02680245 -0.0323254
v -0.0186836 0.03350715 -0.0127167
v -0.0222157 0.02790555 -0.0306805
v -0.0227268 0.02672445 -0.0323254
v -0.0227461 0.02724365 -0.0312084
v -0.0193879 0.03314395 -0.0127167
v -0.00948013 0.03275645 -0.0127167
v -0.00899361 0.03226955 -0.0129605
v -0.0143401 0.02656565 -0.0323254
v -0.0225687 0.02786245 -0.0296229
v -0.0229604 0.02631275 -0.0323254
v -0.0230096 0.02658185 -0.0317381
v -0.0229218 0.02715485 -0.0306805
v -0.0215114 0.03103455 -0.0137551
v -0.020447 0.03209465 -0.0127167
v -0.00899361 0.03226955 -0.0127167
v -0.00870381 0.03183905 -0.0127167
v -0.0086476 0.03173945 -0.0127167
v -0.0137552 0.02539265 -0.0323254
v -0.0141065 0.02609755 -0.0323254
v -0.0225687 0.02997725 -0.0137551
v -0.0231571 0.02592265 -0.0323254
v -0.0232748 0.02644995 -0.0306805
v -0.0236278 0.02786245 -0.0148127
v -0.0215114 0.03103455 -0.0127167
v -0.00801706 0.02990995 -0.0127167
v -0.0079468 0.02962475 -0.0127167
v -0.00744799 0.02539265 -0.0127167
v -0.0137552 0.02116045 -0.0323254
v -0.0225758 0.02996375 -0.0127167
v -0.0225687 0.02997725 -0.0127167
v -0.0232748 0.02539265 -0.0323254
v -0.0243321 0.02433525 -0.0285634
v -0.0243321 0.02644995 -0.0148127
v -0.0236278 0.02786245 -0.0127167
v -0.0229288 0.02925885 -0.0127167
v -0.00744799 0.02532805 -0.0127167
v -0.00766227 0.02384555 -0.0127167
v -0.0079468 0.02221785 -0.0127167
v -0.00952228 0.01904845 -0.0158703
v -0.0097875 0.01851845 -0.0164001
v -0.0101844 0.01798835 -0.0169279
v -0.0108448 0.01534365 -0.0153406
v -0.0139501 0.02077035 -0.0323254
v -0.0232748 0.02221785 -0.0323254
v -0.0243321 0.02221785 -0.0285634
v -0.0253912 0.02116045 -0.0169279
v -0.0253912 0.02221785 -0.0158703
v -0.0253912 0.02325635 -0.0127167
v -0.025126 0.02444555 -0.0127167
v -0.0251155 0.02447245 -0.0127167
v -0.0243321 0.02644995 -0.0127167
v -0.0105919 0.01479475 -0.0127167
v -0.0108448 0.01428625 -0.0132254
v -0.0150777 0.01851845 -0.0322679
v -0.0144595 0.01975335 -0.0323254
v -0.0119022 0.01217155 -0.0132254
v -0.0231571 0.02127885 -0.0323254
v -0.0232748 0.02116045 -0.0317381
v -0.0227461 0.01957575 -0.0322679
v -0.0232748 0.02010575 -0.0306805
v -0.0243321 0.01904845 -0.024333
v -0.0253912 0.01904845 -0.0169279
v -0.0253912 0.01798835 -0.0127167
v -0.0109291 0.01411675 -0.0127167
v -0.0157135 0.01783235 -0.0323254
v -0.0151638 0.01846195 -0.0323254
v -0.0150918 0.01857495 -0.0323254
v -0.0155186 0.01763595 -0.0317381
v -0.0116493 0.01267735 -0.0127167
v -0.0119883 0.01200205 -0.0127167
v -0.0123501 0.01129715 -0.0127167
v -0.01349 0.01005415 -0.0132254
v -0.0227163 0.01960535 -0.0323254
v -0.0213937 0.01775435 -0.0323254
v -0.0215114 0.01763595 -0.0320913
v -0.021687 0.01217155 -0.0238033
v -0.0227461 0.01746105 -0.0290932
v -0.0232748 0.01798835 -0.0275058
v -0.0243321 0.01693105 -0.0211602
v -0.0253912 0.01798835 -0.0148127
v -0.025386 0.01693635 -0.0127167
v -0.0162071 0.01743145 -0.0323254
v -0.0176315 0.01023165 -0.0211602
v -0.0177193 0.01217155 -0.0248609
v -0.0136164 0.00980121 -0.0127167
v -0.0155186 0.00917433 -0.0148127
v -0.0165742 0.00917433 -0.0169279
v -0.0200711 0.01696065 -0.0323254
v -0.0206297 0.01640365 -0.0312084
v -0.0206297 0.01005415 -0.02169
v -0.0215114 0.01128905 -0.0225691
v -0.021687 0.01111145 -0.02169
v -0.0238035 0.01640365 -0.0227457
v -0.0238035 0.01534365 -0.0206305
v -0.0243321 0.01587365 -0.019045
v -0.0243321 0.01375895 -0.0137551
v -0.0240581 0.01267735 -0.0127167
v -0.0169114 0.01696065 -0.0323254
v -0.0177193 0.00899675 -0.0185153
v -0.0182498 0.01005415 -0.02169
v -0.0186906 0.00987923 -0.0218666
v -0.0167885 0.00768379 -0.0127167
v -0.0165742 0.00811427 -0.0137551
v -0.0178528 0.00873309 -0.0179855
v -0.0196285 0.01681265 -0.0323254
v -0.0193949 0.01234645 -0.0257438
v -0.0202766 0.01040655 -0.0223944
v -0.0193949 0.01023165 -0.0225691
v -0.0206297 0.00899675 -0.0195729
v -0.0215114 0.01023165 -0.0204558
v -0.0193949 0.01657855 -0.0320913
v -0.0227461 0.01111145 -0.0164001
v -0.0238035 0.01217155 -0.0132254
v -0.023482 0.01143435 -0.0127167
v -0.0175718 0.01681265 -0.0323254
v -0.0189102 0.00873309 -0.019045
v -0.0190419 0.00952678 -0.0211602
v -0.0182199 0.01669695 -0.0323254
v -0.0168043 0.00767572 -0.0127167
v -0.0178528 0.00767303 -0.0148127
v -0.019279 0.01669695 -0.0323254
v -0.0199236 0.0086443 -0.0188684
v -0.0203539 0.00715646 -0.0127167
v -0.0206297 0.00793939 -0.0153406
v -0.0215114 0.00811427 -0.0141064
v -0.0225687 0.01023165 -0.0151659
v -0.0227461 0.01005415 -0.0132254
v -0.0224247 0.00931961 -0.0127167
v -0.0189102 0.00767303 -0.0158703
v -0.0179846 0.00740936 -0.0137551
v -0.0181145 0.00715108 -0.0127167
v -0.019063 0.0068901 -0.0127167
v -0.0190419 0.00740936 -0.0148127
v -0.0215781 0.0080497 -0.0127167
v -0.0179855 0.02856745 -0.0323254
v -0.0190428 0.02962585 -0.03703
v -0.0201012 0.02856745 -0.0323254
v -0.0170224 0.02847225 -0.0323254
v -0.0169281 0.02856745 -0.0327972
v -0.0158697 0.02856745 -0.0359715
v -0.0190428 0.02962585 -0.0380873
v -0.0211585 0.02856745 -0.034913
v -0.0212911 0.02830235 -0.0338557
v -0.0215117 0.02786115 -0.0323254
v -0.0155414 0.02783845 -0.0323254
v -0.0155176 0.02786115 -0.0324452
v -0.0144592 0.02786115 -0.0356183
v -0.0158697 0.02856745 -0.0380873
v -0.0169281 0.02856745 -0.0402019
v -0.0216877 0.02830235 -0.0407317
v -0.0211585 0.02856745 -0.0402019
v -0.022569 0.02786115 -0.034913
v -0.0227264 0.02672415 -0.0323254
v -0.0144592 0.02680285 -0.0323254
v -0.0143402 0.02656665 -0.0323254
v -0.0134019 0.02574655 -0.0356183
v -0.0126956 0.02433605 -0.0359715
v -0.0144592 0.02786115 -0.0377352
v -0.0151645 0.02821335 -0.0384393
v -0.0162229 0.02821335 -0.0405551
v -0.0163989 0.02803725 -0.0409961
v -0.0169281 0.02821335 -0.0409072
v -0.0179855 0.02786115 -0.0416124
v -0.0211585 0.02786115 -0.0416124
v -0.0222169 0.02750905 -0.0412604
v -0.022569 0.02786115 -0.0402019
v -0.0229222 0.02715695 -0.034913
v -0.0230102 0.02698095 -0.0343843
v -0.0229615 0.02631405 -0.0323254
v -0.013754 0.02539235 -0.0323254
v -0.0126956 0.02327765 -0.0359715
v -0.0126956 0.02433605 -0.03703
v -0.0153416 0.02803725 -0.0394089
v -0.0141071 0.02715695 -0.0384393
v -0.0142832 0.02698095 -0.0394089
v -0.0151645 0.02715695 -0.0405551
v -0.0153416 0.02698095 -0.0409961
v -0.0169281 0.02750905 -0.0416575
v -0.0174573 0.02698095 -0.0420534
v -0.0179855 0.02715695 -0.0419656
v -0.0211585 0.02715695 -0.0419656
v -0.0216877 0.02724395 -0.041789
v -0.0218638 0.02680285 -0.0419656
v -0.0227461 0.02565745 -0.041789
v -0.0229222 0.02680285 -0.0409072
v -0.0227461 0.02724395 -0.0407317
v -0.0229222 0.02715695 -0.0402019
v -0.0232753 0.02645075 -0.034913
v -0.0231572 0.02592255 -0.0323254
v -0.013754 0.02116085 -0.0323254
v -0.0126956 0.01375635 -0.0402019
v -0.0126956 0.02010245 -0.0412604
v -0.0129607 0.02433605 -0.03822
v -0.0140181 0.02645075 -0.0392762
v -0.0140181 0.02433605 -0.041392
v -0.0142832 0.02486415 -0.0415247
v -0.0158697 0.02645075 -0.0416575
v -0.0163989 0.02592255 -0.0420534
v -0.0153416 0.02169105 -0.0431119
v -0.0179855 0.02645075 -0.0423177
v -0.0211585 0.02645075 -0.0423177
v -0.0229222 0.02468815 -0.0419656
v -0.0232753 0.02645075 -0.0402019
v -0.0232753 0.02539235 -0.0323254
v -0.0144592 0.01975035 -0.0323254
v -0.0130488 0.01023115 -0.0416124
v -0.0129607 0.01256745 -0.0402019
v -0.0126956 0.01058325 -0.0423177
v -0.0130488 0.02010245 -0.0419656
v -0.0132248 0.02063275 -0.0420534
v -0.0130488 0.02080875 -0.0416124
v -0.0129607 0.02327765 -0.0392762
v -0.0126956 0.01693145 -0.0423177
v -0.0142832 0.02380575 -0.0420534
v -0.0158697 0.02116085 -0.0433762
v -0.0132248 0.01428655 -0.0441692
v -0.0148124 0.01587315 -0.0444347
v -0.0156719 0.01673265 -0.0444347
v -0.0179855 0.02221925 -0.0433762
v -0.0201012 0.02221925 -0.0433762
v -0.0222169 0.01388885 -0.0441692
v -0.0222169 0.02433605 -0.0423177
v -0.0232753 0.02433605 -0.0412604
v -0.0227461 0.01402145 -0.0439048
v -0.0230102 0.01388885 -0.0433762
v -0.0232753 0.02221925 -0.0323254
v -0.015091 0.01857605 -0.0323254
v -0.0132248 0.00978999 -0.041789
v -0.0151624 0.01846005 -0.0323254
v -0.0130488 0.00987905 -0.0423177
v -0.0129607 0.01005515 -0.0428475
v -0.0126956 0.01270005 -0.0433762
v -0.0130488 0.01693145 -0.043023
v -0.0132248 0.01745965 -0.0431119
v -0.0126956 0.01375635 -0.0433762
v -0.0130488 0.01375635 -0.0440814
v -0.013754 0.01375635 -0.0444347
v -0.0211585 0.01375635 -0.0444347
v -0.0220409 0.01287605 -0.0442581
v -0.0232753 0.01587315 -0.0423177
v -0.0227461 0.01216975 -0.0439048
v -0.0230982 0.01287605 -0.0431996
v -0.0231572 0.02127895 -0.0323254
v -0.0232753 0.01375635 -0.0423177
v -0.0153416 0.00873161 -0.041789
v -0.0158697 0.0084665 -0.0423177
v -0.013754 0.00952488 -0.0423177
v -0.0157134 0.01783245 -0.0323254
v -0.0162063 0.01743065 -0.0323254
v -0.0169136 0.01696045 -0.0323254
v -0.0150765 0.00899672 -0.0428475
v -0.0134019 0.00987905 -0.043023
v -0.0134899 0.01111145 -0.0439048
v -0.0129607 0.01216975 -0.0439048
v -0.0130488 0.01270005 -0.0440814
v -0.013754 0.01270005 -0.0444347
v -0.0211585 0.01164165 -0.0444347
v -0.0216877 0.01111145 -0.0439048
v -0.0213356 0.01040725 -0.0435528
v -0.022393 0.01146555 -0.0435528
v -0.0227461 0.01216975 -0.0420534
v -0.0230102 0.01270005 -0.0421861
v -0.0227171 0.01960335 -0.0323254
v -0.0158697 0.00882067 -0.0416124
v -0.0169281 0.00882067 -0.0416124
v -0.0169281 0.0084665 -0.0423177
v -0.0175733 0.01681345 -0.0323254
v -0.0182205 0.01669535 -0.0323254
v -0.0155176 0.00882067 -0.043023
v -0.0144592 0.01093535 -0.0440814
v -0.0136214 0.01164165 -0.0441692
v -0.0148124 0.01164165 -0.0444347
v -0.0208064 0.01093535 -0.0440814
v -0.0169281 0.00952488 -0.0433762
v -0.0204533 0.01023115 -0.0437282
v -0.0201012 0.00952488 -0.0423177
v -0.0215117 0.01023115 -0.0426709
v -0.022481 0.01164165 -0.0424504
v -0.0218638 0.01093535 -0.0419656
v -0.0216877 0.01111145 -0.0409961
v -0.0213947 0.01775375 -0.0323254
v -0.0174573 0.00899672 -0.0415247
v -0.0192789 0.01669535 -0.0323254
v -0.016575 0.00882067 -0.043023
v -0.0176334 0.00882067 -0.0419656
v -0.0158697 0.00952488 -0.0433762
v -0.0208064 0.00987905 -0.0419656
v -0.0206293 0.01005515 -0.0415247
v -0.0200722 0.01696045 -0.0323254
v -0.0201012 0.01023115 -0.0409072
v -0.019629 0.01681135 -0.0323254
v 0.01587 -0.02538845 -0.0127167
v 0.01587 -0.02538845 -0.0137545
v 0.014812 -0.02538845 -0.0127167
v 0.0159133 -0.02540995 -0.0127167
v 0.0179841 -0.02644845 -0.0158714
v 0.0169281 -0.02644845 -0.0179862
v 0.015341 -0.02565525 -0.0153421
v 0.014812 -0.02538845 -0.0137545
v 0.0200786 -0.02749405 -0.0127167
v 0.0186902 -0.02680095 -0.0162228
v 0.0112859 -0.02715345 -0.0127167
v 0.014812 -0.02644845 -0.0179862
v 0.0176321 -0.02680095 -0.0183397
v 0.0179841 -0.03302715 -0.0338358
v 0.0169477 -0.03279615 -0.0338358
v 0.014283 -0.02671285 -0.0185154
v 0.014283 -0.02565525 -0.0142837
v 0.0121669 -0.02671285 -0.0153421
v 0.0112859 -0.02715345 -0.0148129
v 0.0208062 -0.02785845 -0.0127167
v 0.0208062 -0.02785845 -0.0130496
v 0.0185132 -0.02697725 -0.0171923
v 0.0193942 -0.02715345 -0.0155179
v 0.0197482 -0.02785845 -0.0172812
v 0.0102279 -0.02821105 -0.0127167
v 0.0169281 -0.03279615 -0.0338358
v 0.0185132 -0.02803475 -0.0203676
v 0.018112 -0.03307485 -0.0338358
v 0.013754 -0.02710825 -0.0190446
v 0.0116379 -0.02710825 -0.0158714
v 0.0102279 -0.02821105 -0.0158714
v 0.0211366 -0.02802525 -0.0127167
v 0.0195712 -0.02803475 -0.0182508
v 0.0214178 -0.02830395 -0.0127167
v 0.0216971 -0.02858495 -0.0127167
v 0.0238033 -0.03120745 -0.0129607
v 0.0197482 -0.03420625 -0.0338358
v 0.00952184 -0.02962105 -0.0127167
v 0.0148317 -0.03344165 -0.0338358
v 0.0192074 -0.03373225 -0.0338358
v 0.0190422 -0.03361315 -0.0338358
v 0.0188908 -0.03351305 -0.0338358
v 0.0121669 -0.02777035 -0.0185154
v 0.0112859 -0.02821105 -0.0179862
v 0.00978734 -0.02949005 -0.0169277
v 0.00952184 -0.02962105 -0.0158714
v 0.0102279 -0.03032615 -0.020103
v 0.00978734 -0.03054765 -0.0190446
v 0.0238033 -0.03120745 -0.0127167
v 0.0257562 -0.03405855 -0.0127167
v 0.0259194 -0.03438245 -0.0129607
v 0.0218643 -0.03526375 -0.0289158
v 0.0216873 -0.03544005 -0.0298874
v 0.0208318 -0.03621885 -0.0338358
v 0.00880993 -0.03104545 -0.0127167
v 0.0148061 -0.03345825 -0.0338358
v 0.0121669 -0.02829915 -0.0195738
v 0.0087293 -0.03160515 -0.0169277
v 0.00846381 -0.03173855 -0.0158714
v 0.0100509 -0.03147185 -0.0216886
v 0.00978734 -0.03160515 -0.0211594
v 0.0141139 -0.03419425 -0.0338358
v 0.0087293 -0.03266275 -0.0190446
v 0.0261711 -0.03481835 -0.0127167
v 0.0269774 -0.03649755 -0.0129607
v 0.0219528 -0.03596875 -0.0297551
v 0.0211524 -0.03700495 -0.0338358
v 0.00846381 -0.03173855 -0.0127167
v 0.00846381 -0.03279615 -0.0179862
v 0.00740578 -0.03491125 -0.0158714
v 0.0123439 -0.03561625 -0.032796
v 0.0119132 -0.03687155 -0.0338358
v 0.0118975 -0.03689775 -0.0338358
v 0.0108454 -0.03689535 -0.0306791
v 0.0108454 -0.03795055 -0.0317376
v 0.0087293 -0.03372025 -0.020103
v 0.00767127 -0.03478025 -0.0169277
v 0.0272292 -0.03693345 -0.0127167
v 0.027241 -0.03702635 -0.0128284
v 0.0260964 -0.03737885 -0.0172812
v 0.0264484 -0.03808395 -0.0169277
v 0.0211583 -0.03702635 -0.0338358
v 0.00740578 -0.03491125 -0.0127167
v 0.00740578 -0.03596875 -0.0169277
v 0.011101 -0.04017995 -0.0338358
v 0.0109339 -0.03984645 -0.0335009
v 0.0111089 -0.03887705 -0.0333252
v 0.0108454 -0.03900805 -0.032796
v 0.0087293 -0.03583775 -0.0222178
v 0.0272665 -0.03702635 -0.0127167
v 0.0274632 -0.03791475 -0.0127167
v 0.0274966 -0.03808395 -0.0127167
v 0.0264484 -0.03914145 -0.0169277
v 0.0222163 -0.03808395 -0.0306791
v 0.0211583 -0.04125655 -0.0338358
v 0.00740578 -0.04019905 -0.0127167
v 0.0105799 -0.04019905 -0.032796
v 0.00740578 -0.03808395 -0.0169277
v 0.011101 -0.04123755 -0.0338358
v 0.0274966 -0.04022045 -0.0127167
v 0.0222163 -0.04019905 -0.0306791
v 0.027241 -0.04072775 -0.0132253
v 0.0268398 -0.04229265 -0.0127167
v 0.0268299 -0.04231415 -0.0127167
v 0.0208062 -0.04196155 -0.0338358
v 0.00740578 -0.04019905 -0.0148129
v 0.00741168 -0.04125175 -0.0127167
v 0.0105799 -0.04125655 -0.032796
v 0.00740578 -0.03914145 -0.0158714
v 0.0118778 -0.04443165 -0.0338358
v 0.0268181 -0.04233555 -0.0127167
v 0.0204601 -0.04265475 -0.0338358
v 0.00846381 -0.04125655 -0.020103
v 0.00846381 -0.04337165 -0.0158714
v 0.00846971 -0.04442685 -0.0127167
v 0.0119152 -0.04452685 -0.0338358
v 0.0204522 -0.04266665 -0.0338358
v 0.0257365 -0.04371945 -0.0127167
v 0.00916982 -0.04478415 -0.0162228
v 0.00916982 -0.04584165 -0.0130496
v 0.00900463 -0.04551055 -0.0127167
v 0.0121669 -0.04496035 -0.0338358
v 0.0204522 -0.04372655 -0.0306791
v 0.0193942 -0.04372655 -0.0338358
v 0.0225624 -0.04689205 -0.0127167
v 0.00916982 -0.04584165 -0.0127167
v 0.0102279 -0.04689925 -0.0151644
v 0.0100509 -0.04707545 -0.0132253
v 0.0140234 -0.04627755 -0.0338358
v 0.0111089 -0.04813305 -0.0132253
v 0.017288 -0.04582975 -0.0338358
v 0.0183362 -0.04478415 -0.0338358
v 0.0225447 -0.04690635 -0.0127167
v 0.0172742 -0.04584165 -0.0338358
v 0.0100509 -0.04707545 -0.0127167
v 0.014812 -0.04654195 -0.0338358
v 0.0137343 -0.04944545 -0.0127167
v 0.013225 -0.04919065 -0.0132253
v 0.0124895 -0.04886905 -0.0127167
v 0.0111089 -0.04813305 -0.0127167
v 0.0193863 -0.04901435 -0.0127167
v 0.0181159 -0.04945495 -0.0137545
v 0.0165702 -0.04619655 -0.0338358
v 0.01587 -0.04653955 -0.0338358
v 0.0169281 -0.04972175 -0.0137545
v 0.01587 -0.04972175 -0.0137545
v 0.0148159 -0.04971695 -0.0127167
v 0.0186784 -0.04936925 -0.0127167
v 0.0179881 -0.04971465 -0.0127167
v 0.0158897 -0.04653715 -0.0338358
v 0.0179625 -0.04972175 -0.0127167
v 0.01587 -0.04972175 -0.0127167
v 0.00952171 -0.04654615 -0.0402018
v 0.0105805 -0.05183535 -0.0433764
v 0.0105805 -0.05289555 -0.0423182
v 0.0105805 -0.05289555 -0.04126
v 0.00952171 -0.04548835 -0.0391446
v 0.00952171 -0.04337505 -0.0402018
v 0.0109334 -0.05148435 -0.0440819
v 0.0111087 -0.05342325 -0.0439056
v 0.00987465 -0.04302165 -0.0409073
v 0.0112851 -0.05430445 -0.042671
v 0.0109334 -0.05359995 -0.0409073
v 0.00978641 -0.04654615 -0.0390128
v 0.0111 -0.04124045 -0.0338358
v 0.00952171 -0.04443285 -0.0391446
v 0.0105805 -0.04020145 -0.035971
v 0.0105805 -0.04020145 -0.0402018
v 0.0109334 -0.04513495 -0.0430237
v 0.011991 -0.04090595 -0.0430237
v 0.0130486 -0.04407945 -0.0440819
v 0.0116381 -0.05183535 -0.0444336
v 0.0128721 -0.05377665 -0.0442583
v 0.0121675 -0.05448115 -0.0439056
v 0.0118145 -0.05271885 -0.0442583
v 0.0109334 -0.03984805 -0.0409073
v 0.0111087 -0.04099545 -0.0417891
v 0.0112851 -0.04267055 -0.042671
v 0.0142826 -0.05686305 -0.0417891
v 0.0111087 -0.05342325 -0.0404663
v 0.0118779 -0.04443285 -0.0338358
v 0.0111 -0.04018265 -0.0338358
v 0.0118978 -0.03689835 -0.0338358
v 0.0111087 -0.03940755 -0.0407309
v 0.011904 -0.03688425 -0.0338358
v 0.0112851 -0.03879025 -0.0402018
v 0.0121675 -0.03993765 -0.0428473
v 0.0141073 -0.04090595 -0.0440819
v 0.014812 -0.04125935 -0.0444336
v 0.0137544 -0.04443285 -0.0444336
v 0.0126956 -0.05289555 -0.0444336
v 0.0137544 -0.05395335 -0.0444336
v 0.0141073 -0.05465785 -0.0440819
v 0.014459 -0.05536225 -0.0437292
v 0.0155178 -0.05536225 -0.0437292
v 0.01728 -0.05571565 -0.0430237
v 0.0169271 -0.05606905 -0.0423182
v 0.0181176 -0.05580285 -0.0423182
v 0.018514 -0.05580285 -0.0417891
v 0.014812 -0.05646485 -0.04126
v 0.0142826 -0.05553895 -0.0404663
v 0.0140191 -0.05606905 -0.0411282
v 0.0140241 -0.04627755 -0.0338358
v 0.0121675 -0.04496055 -0.0338358
v 0.0119152 -0.04452945 -0.0338358
v 0.0121675 -0.03887975 -0.0417891
v 0.0119127 -0.03687015 -0.0338358
v 0.011991 -0.03737905 -0.0380874
v 0.0121675 -0.03729185 -0.0386165
v 0.0123439 -0.03773245 -0.0402018
v 0.013225 -0.03782195 -0.0417891
v 0.013225 -0.03887975 -0.0428473
v 0.0137544 -0.03901175 -0.0431119
v 0.014812 -0.03984805 -0.0437292
v 0.0163977 -0.04072925 -0.0441701
v 0.0158695 -0.04125935 -0.0444336
v 0.0158695 -0.05395335 -0.0444336
v 0.0162212 -0.05465785 -0.0440819
v 0.0171918 -0.05448115 -0.0439056
v 0.0182493 -0.05553895 -0.0428473
v 0.0169271 -0.05536225 -0.0409073
v 0.0153414 -0.05580285 -0.0407309
v 0.0208938 -0.05342325 -0.0428473
v 0.0208056 -0.05359995 -0.0423182
v 0.0187787 -0.05553895 -0.0417891
v 0.0208938 -0.05302745 -0.04126
v 0.0211585 -0.05196965 -0.0404663
v 0.0172726 -0.04584175 -0.0338358
v 0.0165679 -0.04619745 -0.0338358
v 0.0158882 -0.04653675 -0.0338358
v 0.014812 -0.05571565 -0.0405545
v 0.014812 -0.04654145 -0.0338358
v 0.0123439 -0.03667455 -0.0370292
v 0.0141136 -0.03419375 -0.0338358
v 0.0134015 -0.03561675 -0.0370292
v 0.0126956 -0.03662985 -0.0380874
v 0.0137544 -0.03662985 -0.0402018
v 0.013225 -0.03729185 -0.0407309
v 0.014812 -0.03662985 -0.04126
v 0.0142826 -0.03729185 -0.0417891
v 0.014812 -0.03773245 -0.042671
v 0.014812 -0.03843685 -0.0430237
v 0.0169271 -0.03843685 -0.0430237
v 0.0174552 -0.03861355 -0.0431119
v 0.018514 -0.03967135 -0.0431119
v 0.0195716 -0.04072925 -0.0431119
v 0.018514 -0.04496055 -0.0441701
v 0.0179846 -0.04548835 -0.0444336
v 0.0179846 -0.05289555 -0.0444336
v 0.0204539 -0.05254215 -0.0440819
v 0.0193069 -0.05342325 -0.0439056
v 0.0204539 -0.05359995 -0.0430237
v 0.0211585 -0.05289555 -0.0423182
v 0.0208938 -0.05236545 -0.0439056
v 0.021555 -0.05183535 -0.0433764
v 0.0219526 -0.05130765 -0.0428473
v 0.0206291 -0.05368715 -0.0417891
v 0.0215115 -0.05218875 -0.04126
v 0.0216879 -0.05157145 -0.0407309
v 0.0218644 -0.05113095 -0.0405545
v 0.0204539 -0.04267055 -0.0338358
v 0.0183376 -0.04478625 -0.0338358
v 0.0158695 -0.04653915 -0.0338358
v 0.0148058 -0.03345625 -0.0338358
v 0.014812 -0.03345625 -0.0338555
v 0.014812 -0.03451415 -0.0370292
v 0.0158695 -0.03667455 -0.0416127
v 0.0158695 -0.03451415 -0.0380874
v 0.0169271 -0.03773245 -0.042671
v 0.018514 -0.03861355 -0.0425828
v 0.0190422 -0.03914365 -0.0427145
v 0.0195716 -0.03861355 -0.0420537
v 0.0198363 -0.03808585 -0.0413928
v 0.0216879 -0.04707625 -0.0431119
v 0.0195716 -0.04707625 -0.0441701
v 0.0190422 -0.04760405 -0.0444336
v 0.020101 -0.05183535 -0.0444336
v 0.0208056 -0.05183535 -0.0440819
v 0.0218644 -0.05148435 -0.0423182
v 0.0218644 -0.05148435 -0.04126
v 0.0215115 -0.05077755 -0.0437292
v 0.0222173 -0.05077755 -0.0423182
v 0.0222173 -0.05077755 -0.04126
v 0.0211585 -0.04125935 -0.0338358
v 0.0208131 -0.04195195 -0.0338358
v 0.0148319 -0.03344215 -0.0338358
v 0.0153414 -0.03411835 -0.0365001
v 0.0163977 -0.03411835 -0.0375583
v 0.0169271 -0.03455895 -0.0384401
v 0.0179846 -0.03455895 -0.0384401
v 0.0190422 -0.03773245 -0.0416127
v 0.0190422 -0.03561675 -0.0394973
v 0.0198363 -0.03597015 -0.0392763
v 0.0208056 -0.03843685 -0.0394973
v 0.0218644 -0.04689955 -0.042671
v 0.0218644 -0.04760405 -0.0430237
v 0.0206291 -0.05024975 -0.0441701
v 0.020101 -0.05077755 -0.0444336
v 0.0222173 -0.04760405 -0.0423182
v 0.0222173 -0.04760405 -0.04126
v 0.0211585 -0.03702795 -0.0338358
v 0.0169271 -0.03279665 -0.0338358
v 0.0169271 -0.03279665 -0.0338555
v 0.0163977 -0.03306045 -0.0343847
v 0.0169271 -0.03385445 -0.0370292
v 0.0169271 -0.03420555 -0.0377347
v 0.0179846 -0.03420555 -0.0377347
v 0.0190422 -0.03411835 -0.037162
v 0.0195716 -0.03438225 -0.0372937
v 0.0195716 -0.03544005 -0.0388811
v 0.0197481 -0.03526335 -0.0384401
v 0.0208056 -0.03737905 -0.0373819
v 0.0211585 -0.03914365 -0.0391446
v 0.0211585 -0.03808585 -0.0370292
v 0.0211585 -0.03702795 -0.0338555
v 0.0211536 -0.03700445 -0.0338358
v 0.0169457 -0.03279665 -0.0338358
v 0.0179846 -0.03302515 -0.0338358
v 0.0179846 -0.03306045 -0.0339873
v 0.0179846 -0.03385445 -0.0370292
v 0.0190422 -0.03385445 -0.035971
v 0.0197481 -0.03420555 -0.0363237
v 0.020101 -0.03491225 -0.035971
v 0.0208317 -0.03621985 -0.0338358
v 0.0181126 -0.03307695 -0.0338358
v 0.0197481 -0.03420555 -0.0338358
v 0.018514 -0.03332435 -0.0341201
v 0.0188918 -0.03351285 -0.0338358
v 0.0190422 -0.03361415 -0.0338358
v 0.0192075 -0.03373195 -0.0338358
v -0.014812 -0.02538845 -0.0127167
v -0.014812 -0.02538845 -0.0137543
v -0.01587 -0.02539805 -0.0127167
v -0.0116595 -0.02696525 -0.0127167
v -0.0126959 -0.02671285 -0.0160035
v -0.014812 -0.02565525 -0.0149439
v -0.015341 -0.02565525 -0.0153417
v -0.0158917 -0.02540035 -0.0127167
v -0.0112859 -0.02715345 -0.0144601
v -0.0119919 -0.02680095 -0.0151658
v -0.0112859 -0.02715345 -0.0127167
v -0.014812 -0.02644845 -0.0179868
v -0.0121669 -0.02697725 -0.0161355
v -0.014108 -0.02680095 -0.0183386
v -0.0169281 -0.02644845 -0.0179868
v -0.0165682 -0.02573865 -0.0127167
v -0.0179841 -0.02644845 -0.0158696
v -0.0185132 -0.02671285 -0.0163994
v -0.0186902 -0.02680095 -0.0158696
v -0.0102279 -0.02821105 -0.0155177
v -0.0109339 -0.02785845 -0.0162234
v -0.0102279 -0.02821105 -0.0127167
v -0.01587 -0.03287235 -0.0331411
v -0.0162142 -0.03279615 -0.0331411
v -0.0111089 -0.02803475 -0.0171931
v -0.0121669 -0.02803475 -0.0193083
v -0.013225 -0.02803475 -0.0203679
v -0.013754 -0.02777035 -0.0202339
v -0.0174551 -0.02671285 -0.0185146
v -0.0169281 -0.03279615 -0.0331411
v -0.0208062 -0.02785845 -0.0137543
v -0.0208062 -0.02785845 -0.0127167
v -0.0190422 -0.02710825 -0.0169292
v -0.0193942 -0.02715345 -0.0158696
v -0.0206292 -0.02777035 -0.0142841
v -0.00987583 -0.02891605 -0.0162234
v -0.0100509 -0.02909235 -0.0171931
v -0.00952184 -0.02962105 -0.0158696
v -0.00952184 -0.02962105 -0.0127167
v -0.0151817 -0.03313915 -0.0331411
v -0.0121669 -0.02909235 -0.0214255
v -0.0151562 -0.03315345 -0.0331411
v -0.0179841 -0.02710825 -0.0190444
v -0.0179841 -0.03292475 -0.0331411
v -0.0183283 -0.03296765 -0.0331411
v -0.0215083 -0.02822055 -0.0127167
v -0.0195712 -0.02777035 -0.017457
v -0.0192801 -0.03348685 -0.0331411
v -0.0195102 -0.03372985 -0.0331411
v -0.0088178 -0.03103115 -0.0162234
v -0.00987583 -0.03103115 -0.0204558
v -0.0100509 -0.03120745 -0.0214255
v -0.00846381 -0.03173855 -0.0158696
v -0.00846381 -0.03173855 -0.0127167
v -0.013402 -0.03455875 -0.0331411
v -0.0146527 -0.03354885 -0.0331411
v -0.0185741 -0.03309145 -0.0331411
v -0.024057 -0.03160045 -0.0127167
v -0.0204522 -0.03350115 -0.0296224
v -0.0204522 -0.03455875 -0.0317376
v -0.0202792 -0.03500175 -0.0331411
v -0.0208947 -0.03583775 -0.0327952
v -0.00846381 -0.03279615 -0.0179868
v -0.0088178 -0.03209105 -0.0183386
v -0.00899283 -0.03226735 -0.0193083
v -0.0087293 -0.03279615 -0.0191763
v -0.00978734 -0.03173855 -0.0212935
v -0.0088178 -0.03420625 -0.0215134
v -0.0111089 -0.03649755 -0.0309439
v -0.0119821 -0.03633795 -0.0331411
v -0.0119958 -0.03631415 -0.0331411
v -0.0123911 -0.03580925 -0.0331411
v -0.00740578 -0.03491125 -0.0169292
v -0.00740578 -0.03491125 -0.0127167
v -0.0246922 -0.03246745 -0.0127167
v -0.0208947 -0.03478025 -0.03068
v -0.0261731 -0.03477305 -0.0127167
v -0.0208652 -0.03599495 -0.0331411
v -0.0209793 -0.03622365 -0.0331411
v -0.0251249 -0.03689535 -0.020102
v -0.00767127 -0.03491125 -0.0181187
v -0.00846381 -0.03491125 -0.0211596
v -0.0108454 -0.03702635 -0.030812
v -0.0117146 -0.03702635 -0.0331411
v -0.00740578 -0.03596875 -0.0179868
v -0.00740578 -0.04019905 -0.0127167
v -0.0272311 -0.03689055 -0.0127167
v -0.0211583 -0.03702635 -0.0331411
v -0.0219528 -0.03689535 -0.03068
v -0.0264484 -0.03808395 -0.0169292
v -0.0105799 -0.04054195 -0.0331411
v -0.0108454 -0.03935345 -0.0331411
v -0.0108454 -0.03914145 -0.0329292
v -0.00740578 -0.03702635 -0.0179868
v -0.00741561 -0.04125655 -0.0127167
v -0.00740578 -0.04019905 -0.0137543
v -0.0274966 -0.03807195 -0.0127167
v -0.0211583 -0.04125655 -0.0331411
v -0.0222163 -0.03808395 -0.03068
v -0.0232743 -0.03914145 -0.0275052
v -0.0264484 -0.03914145 -0.0169292
v -0.0105799 -0.04125655 -0.0331411
v -0.00740578 -0.03808395 -0.0169292
v -0.00741758 -0.04127795 -0.0127167
v -0.00740578 -0.03914145 -0.0158696
v -0.0274966 -0.04018945 -0.0127167
v -0.0209872 -0.04160195 -0.0331411
v -0.0269774 -0.04178535 -0.0132265
v -0.0222163 -0.04019905 -0.03068
v -0.00846381 -0.04125655 -0.020102
v -0.00846381 -0.04231415 -0.0179868
v -0.00846381 -0.04337165 -0.0158696
v -0.0087293 -0.04390285 -0.0163994
v -0.0117244 -0.04375995 -0.0331411
v -0.00847561 -0.04445065 -0.0127167
v -0.0272311 -0.04127795 -0.0127167
v -0.0204542 -0.04266905 -0.0331411
v -0.0206292 -0.04284285 -0.0322674
v -0.0204522 -0.04372655 -0.0310319
v -0.0266549 -0.04252135 -0.0127167
v -0.0087293 -0.04496035 -0.0132265
v -0.0122299 -0.04472695 -0.0331411
v -0.0119624 -0.04423625 -0.0331411
v -0.00881387 -0.04512945 -0.0127167
v -0.0193962 -0.04372655 -0.0331411
v -0.0258093 -0.04379085 -0.0127167
v -0.0183421 -0.04477455 -0.0331411
v -0.0183283 -0.04478655 -0.0331411
v -0.0178249 -0.04518425 -0.0331411
v -0.0215103 -0.04795675 -0.0130486
v -0.0226352 -0.04696595 -0.0127167
v -0.0247512 -0.04485085 -0.0127167
v -0.00916982 -0.04583455 -0.0127167
v -0.00912656 -0.04548915 -0.0137543
v -0.0136399 -0.04587025 -0.0331411
v -0.0102279 -0.04689925 -0.0148119
v -0.0115002 -0.04838795 -0.0127167
v -0.0167983 -0.04591555 -0.0331411
v -0.0162712 -0.04623235 -0.0331411
v -0.0194611 -0.04908105 -0.0127167
v -0.0215103 -0.04795675 -0.0127167
v -0.01057 -0.04758285 -0.0127167
v -0.0140981 -0.04614415 -0.0331411
v -0.011516 -0.04839745 -0.0127167
v -0.0105956 -0.04761145 -0.0127167
v -0.0106113 -0.04762575 -0.0127167
v -0.01587 -0.04638715 -0.0331411
v -0.0179802 -0.04971695 -0.0127167
v -0.0185132 -0.04919065 -0.0142841
v -0.0136163 -0.04944545 -0.0127167
v -0.0136438 -0.04945495 -0.0127167
v -0.0144679 -0.04623705 -0.0331411
v -0.014812 -0.04627995 -0.0331411
v -0.01587 -0.04972175 -0.0137543
v -0.0169281 -0.04972175 -0.0137543
v -0.0169281 -0.04972175 -0.0127167
v -0.0148336 -0.04972175 -0.0127167
v -0.0222173 -0.05077755 -0.0423177
v -0.0215115 -0.05113095 -0.0437283
v -0.021335 -0.05201205 -0.0435525
v -0.0215115 -0.05218875 -0.0426703
v -0.0218644 -0.05148435 -0.041965
v -0.0222173 -0.05077755 -0.0412597
v -0.0222173 -0.04760405 -0.0423177
v -0.0208056 -0.05042645 -0.0440809
v -0.020101 -0.05077755 -0.0444347
v -0.020101 -0.05183535 -0.0444347
v -0.0218644 -0.04725295 -0.043023
v -0.0206291 -0.05236545 -0.0439051
v -0.0202774 -0.05306985 -0.0435525
v -0.018514 -0.05553895 -0.0428472
v -0.0215115 -0.05218875 -0.0416124
v -0.0186905 -0.05571565 -0.041965
v -0.0218644 -0.05148435 -0.0409071
v -0.0222173 -0.04654615 -0.0412597
v -0.0211585 -0.04125935 -0.0331411
v -0.0211585 -0.03808585 -0.038087
v -0.0211585 -0.04020145 -0.0402018
v -0.0219526 -0.04641425 -0.0423177
v -0.0197481 -0.04725295 -0.0440809
v -0.0190422 -0.04760405 -0.0444347
v -0.0169271 -0.05395335 -0.0444347
v -0.018514 -0.05448115 -0.0439051
v -0.0216879 -0.04628225 -0.0428472
v -0.0197481 -0.04090595 -0.043023
v -0.0181611 -0.05518555 -0.0435525
v -0.01728 -0.05536225 -0.0437283
v -0.0179846 -0.05606905 -0.0423177
v -0.0142826 -0.05686305 -0.0417893
v -0.018514 -0.05553895 -0.0415251
v -0.0216879 -0.05130765 -0.0404671
v -0.0211585 -0.03702795 -0.0331411
v -0.0211585 -0.03702795 -0.0338553
v -0.0204552 -0.04267055 -0.0331411
v -0.0209808 -0.03622455 -0.0331411
v -0.020101 -0.03491225 -0.0359711
v -0.0198363 -0.03477805 -0.0370291
v -0.0208938 -0.03795385 -0.0391439
v -0.0208938 -0.03901175 -0.0402018
v -0.0179846 -0.04548835 -0.0444347
v -0.0190422 -0.04125935 -0.0433756
v -0.0137544 -0.05395335 -0.0444347
v -0.0206291 -0.03887975 -0.0407313
v -0.0195716 -0.03993765 -0.0428472
v -0.0190422 -0.04006955 -0.0431114
v -0.0141073 -0.05536225 -0.0437283
v -0.0142826 -0.05659685 -0.0428472
v -0.0141073 -0.05677355 -0.0423177
v -0.0134015 -0.05642015 -0.0423177
v -0.0126956 -0.05540705 -0.0412597
v -0.0121675 -0.05474505 -0.0407313
v -0.0137544 -0.05606905 -0.0412597
v -0.0142826 -0.05580285 -0.0407313
v -0.014812 -0.05571565 -0.0405544
v -0.0153414 -0.05553895 -0.0404671
v -0.0162697 -0.04623285 -0.0331411
v -0.0167966 -0.04591715 -0.0331411
v -0.0178243 -0.04518445 -0.0331411
v -0.0183289 -0.04479095 -0.0331411
v -0.0206291 -0.05236545 -0.0404671
v -0.0193976 -0.04372845 -0.0331411
v -0.0208653 -0.03599365 -0.0331411
v -0.0197481 -0.03420555 -0.0359711
v -0.0195716 -0.03411835 -0.0365007
v -0.0195716 -0.03464605 -0.0375586
v -0.0195716 -0.03517615 -0.0386165
v -0.0198363 -0.03583825 -0.0391439
v -0.0206291 -0.03782195 -0.0396734
v -0.0158695 -0.04125935 -0.0444347
v -0.0126956 -0.05289555 -0.0444347
v -0.0125639 -0.05395335 -0.0441694
v -0.0134015 -0.05465785 -0.0440809
v -0.0198363 -0.03795385 -0.0412597
v -0.0197481 -0.03879025 -0.041965
v -0.0195716 -0.03834965 -0.0417893
v -0.018514 -0.03887975 -0.0428472
v -0.0179846 -0.03901175 -0.0431114
v -0.0140191 -0.05659685 -0.0428472
v -0.0136214 -0.05606905 -0.0431114
v -0.0124322 -0.05448115 -0.0439051
v -0.0113734 -0.05342325 -0.0439051
v -0.0112851 -0.05430445 -0.0423177
v -0.0112851 -0.05430445 -0.0412597
v -0.013225 -0.05527515 -0.0407313
v -0.0116381 -0.05408535 -0.0404671
v -0.0136401 -0.04586995 -0.0331411
v -0.0140987 -0.04614325 -0.0331411
v -0.0144677 -0.04623515 -0.0331411
v -0.014812 -0.04627995 -0.0331411
v -0.0158695 -0.04638835 -0.0331411
v -0.0207223 -0.03575105 -0.0331411
v -0.0195107 -0.03372955 -0.0331411
v -0.0192808 -0.03348695 -0.0331411
v -0.0202787 -0.03499945 -0.0331411
v -0.018514 -0.03411835 -0.0375586
v -0.0190422 -0.03451415 -0.038087
v -0.018514 -0.03306045 -0.0333268
v -0.0190422 -0.03561675 -0.0394965
v -0.0169271 -0.03914365 -0.0433756
v -0.0169271 -0.03843685 -0.043023
v -0.0142826 -0.03861355 -0.0431114
v -0.014812 -0.04125935 -0.0444347
v -0.0115063 -0.05289555 -0.0441694
v -0.0116381 -0.05183535 -0.0444347
v -0.0190422 -0.03773245 -0.0416124
v -0.0169271 -0.03773245 -0.0426703
v -0.0108452 -0.05342325 -0.0428472
v -0.0108452 -0.05236545 -0.0439051
v -0.0105805 -0.05289555 -0.0423177
v -0.0105805 -0.05289555 -0.0412597
v -0.0111087 -0.05368715 -0.0407313
v -0.0109334 -0.05324655 -0.0405544
v -0.0122284 -0.04472735 -0.0331411
v -0.0185749 -0.03309115 -0.0331411
v -0.0179846 -0.03385445 -0.0370291
v -0.0179846 -0.03420555 -0.0377344
v -0.0179846 -0.03455895 -0.0384397
v -0.0174552 -0.03306045 -0.0343848
v -0.0169271 -0.03279665 -0.0338553
v -0.0183289 -0.03296865 -0.0331411
v -0.014812 -0.03843685 -0.043023
v -0.014812 -0.03773245 -0.0426703
v -0.013225 -0.03861355 -0.042583
v -0.0137544 -0.04020145 -0.0437725
v -0.0142826 -0.04072925 -0.0441694
v -0.0137544 -0.04443285 -0.0444347
v -0.0109334 -0.05183535 -0.0440809
v -0.0111087 -0.05130765 -0.0441694
v -0.0158695 -0.03667455 -0.0416124
v -0.00978641 -0.04919195 -0.0417893
v -0.0105805 -0.05183535 -0.0433756
v -0.00978641 -0.04707625 -0.0396734
v -0.0105805 -0.04125935 -0.0331411
v -0.0117238 -0.04376135 -0.0331411
v -0.0119624 -0.04423725 -0.0331411
v -0.0169271 -0.03385445 -0.0370291
v -0.0169271 -0.03420555 -0.0377344
v -0.0169271 -0.03455895 -0.0384397
v -0.0179846 -0.03292385 -0.0331411
v -0.0169271 -0.03279665 -0.0331411
v -0.0162125 -0.03279665 -0.0331411
v -0.0158695 -0.03287205 -0.0331411
v -0.0158695 -0.03306045 -0.0339879
v -0.013225 -0.03755575 -0.0415251
v -0.0121675 -0.03861355 -0.0415251
v -0.0112851 -0.04020145 -0.0416124
v -0.0123439 -0.04020145 -0.0426703
v -0.013225 -0.03967135 -0.0431114
v -0.0112851 -0.04231715 -0.0426703
v -0.0121675 -0.04178705 -0.0431114
v -0.0126956 -0.04337505 -0.0437725
v -0.013225 -0.04390515 -0.0441694
v -0.0109334 -0.04548835 -0.043023
v -0.0102276 -0.04337505 -0.0416124
v -0.0111087 -0.04496055 -0.0431114
v -0.0142826 -0.03649785 -0.0404671
v -0.014812 -0.03623405 -0.0403345
v -0.00952171 -0.04548835 -0.0402018
v -0.00952171 -0.04443285 -0.0391439
v -0.00952171 -0.04337505 -0.0402018
v -0.0105805 -0.04054545 -0.0331411
v -0.0158695 -0.03411835 -0.0371617
v -0.0151823 -0.03314055 -0.0331411
v -0.0151649 -0.03314765 -0.03315
v -0.0153414 -0.03332435 -0.0341206
v -0.0121675 -0.03755575 -0.0394092
v -0.0142826 -0.03544005 -0.0383523
v -0.0109334 -0.03949705 -0.0405544
v -0.0111087 -0.03967135 -0.0409955
v -0.0100511 -0.04284725 -0.0409955
v -0.00987465 -0.04267055 -0.0405544
v -0.0153414 -0.03438225 -0.0372944
v -0.00952171 -0.04337505 -0.0391439
v -0.0105805 -0.04020145 -0.0402018
v -0.0108452 -0.03935565 -0.0331411
v -0.0106563 -0.04020145 -0.0331411
v -0.0151562 -0.03315235 -0.0331411
v -0.0134015 -0.03455895 -0.0335026
v -0.0141073 -0.03420555 -0.0342079
v -0.0142826 -0.03438225 -0.0351785
v -0.011991 -0.03737905 -0.0384397
v -0.0112851 -0.03879025 -0.0398492
v -0.011991 -0.03632115 -0.03315
v -0.0119823 -0.03634005 -0.0331411
v -0.0117151 -0.03702795 -0.0331411
v -0.0146517 -0.03354815 -0.0331411
v -0.0134015 -0.03455895 -0.0331411
v -0.0123912 -0.03580995 -0.0331411
v -0.0119947 -0.03631415 -0.0331411
f 1 2 5
f 1 5 12
f 1 12 24
f 1 24 37
f 1 37 43
f 1 43 61
f 1 61 60
f 1 60 59
f 1 59 58
f 1 58 57
f 1 57 75
f 1 75 68
f 1 68 48
f 1 48 33
f 1 33 30
f 1 30 18
f 1 18 8
f 1 8 3
f 1 3 4
f 1 4 6
f 1 6 2
f 2 6 7
f 2 7 5
f 3 8 9
f 3 9 4
f 4 9 10
f 4 10 11
f 4 11 13
f 4 13 6
f 5 7 12
f 6 13 14
f 6 14 7
f 7 14 15
f 7 15 16
f 7 16 17
f 7 17 12
f 8 18 19
f 8 19 9
f 9 19 20
f 9 20 10
f 10 20 21
f 10 21 36
f 10 36 22
f 10 22 13
f 10 13 11
f 12 23 24
f 12 17 25
f 12 25 26
f 12 26 23
f 13 22 27
f 13 27 15
f 13 15 14
f 15 27 16
f 16 27 28
f 16 28 29
f 16 29 25
f 16 25 17
f 18 30 31
f 18 31 19
f 19 32 20
f 19 31 30
f 19 30 33
f 19 33 48
f 19 48 67
f 19 67 47
f 19 47 32
f 20 32 34
f 20 34 35
f 20 35 21
f 21 35 50
f 21 50 71
f 21 71 51
f 21 51 36
f 22 36 27
f 23 26 24
f 24 26 37
f 25 29 38
f 25 38 39
f 25 39 26
f 26 39 40
f 26 40 41
f 26 41 42
f 26 42 43
f 26 43 37
f 27 36 28
f 28 44 38
f 28 38 29
f 28 36 51
f 28 51 44
f 32 45 46
f 32 46 34
f 32 47 45
f 34 46 49
f 34 49 35
f 35 49 50
f 38 44 52
f 38 52 39
f 39 52 40
f 40 52 53
f 40 53 54
f 40 54 55
f 40 55 56
f 40 56 42
f 40 42 41
f 42 56 57
f 42 57 58
f 42 58 59
f 42 59 60
f 42 60 61
f 42 61 43
f 44 51 62
f 44 62 52
f 45 63 49
f 45 49 46
f 45 47 64
f 45 64 65
f 45 65 63
f 47 66 64
f 47 67 69
f 47 69 66
f 48 68 69
f 48 69 67
f 49 63 70
f 49 70 50
f 50 70 73
f 50 73 72
f 50 72 71
f 51 71 72
f 51 72 62
f 52 62 53
f 53 62 72
f 53 72 54
f 54 72 73
f 54 73 74
f 54 74 55
f 55 74 76
f 55 76 77
f 55 77 79
f 55 79 75
f 55 75 57
f 55 57 56
f 63 65 76
f 63 76 70
f 64 77 65
f 64 66 69
f 64 69 78
f 64 78 79
f 64 79 77
f 65 77 76
f 68 75 79
f 68 79 78
f 68 78 69
f 70 76 74
f 70 74 73
f 80 81 84
f 80 84 95
f 80 95 103
f 80 103 117
f 80 117 131
f 80 131 111
f 80 111 99
f 80 99 86
f 80 86 82
f 80 82 83
f 80 83 81
f 81 83 85
f 81 85 84
f 82 86 100
f 82 100 114
f 82 114 136
f 82 136 135
f 82 135 162
f 82 162 192
f 82 192 231
f 82 231 274
f 82 274 273
f 82 273 328
f 82 328 327
f 82 327 326
f 82 326 376
f 82 376 423
f 82 423 475
f 82 475 540
f 82 540 597
f 82 597 648
f 82 648 601
f 82 601 544
f 82 544 484
f 82 484 434
f 82 434 433
f 82 433 432
f 82 432 431
f 82 431 377
f 82 377 329
f 82 329 275
f 82 275 232
f 82 232 193
f 82 193 164
f 82 164 138
f 82 138 115
f 82 115 101
f 82 101 87
f 82 87 88
f 82 88 89
f 82 89 90
f 82 90 91
f 82 91 92
f 82 92 93
f 82 93 83
f 83 93 94
f 83 94 85
f 84 85 95
f 85 94 96
f 85 96 97
f 85 97 110
f 85 110 98
f 85 98 103
f 85 103 95
f 86 99 100
f 87 101 88
f 88 101 115
f 88 115 137
f 88 137 163
f 88 163 168
f 88 168 167
f 88 167 166
f 88 166 197
f 88 197 196
f 88 196 235
f 88 235 283
f 88 283 282
f 88 282 281
f 88 281 280
f 88 280 336
f 88 336 385
f 88 385 448
f 88 448 447
f 88 447 499
f 88 499 556
f 88 556 612
f 88 612 657
f 88 657 626
f 88 626 568
f 88 568 511
f 88 511 510
f 88 510 507
f 88 507 454
f 88 454 453
f 88 453 388
f 88 388 338
f 88 338 286
f 88 286 285
f 88 285 236
f 88 236 199
f 88 199 198
f 88 198 171
f 88 171 141
f 88 141 121
f 88 121 120
f 88 120 119
f 88 119 118
f 88 118 104
f 88 104 102
f 88 102 94
f 88 94 93
f 88 93 92
f 88 92 91
f 88 91 90
f 88 90 89
f 94 102 96
f 96 102 104
f 96 104 105
f 96 105 106
f 96 106 97
f 97 106 107
f 97 107 108
f 97 108 109
f 97 109 127
f 97 127 110
f 98 110 103
f 99 111 112
f 99 112 113
f 99 113 100
f 100 113 114
f 103 116 117
f 103 110 116
f 104 118 105
f 105 118 119
f 105 119 120
f 105 120 106
f 106 120 121
f 106 121 122
f 106 122 123
f 106 123 107
f 107 123 108
f 108 124 146
f 108 146 125
f 108 125 126
f 108 126 109
f 108 123 124
f 109 126 148
f 109 148 149
f 109 149 127
f 110 127 128
f 110 128 129
f 110 129 130
f 110 130 116
f 111 131 158
f 111 158 132
f 111 132 133
f 111 133 134
f 111 134 112
f 112 134 113
f 113 134 135
f 113 135 136
f 113 136 114
f 115 138 137
f 116 130 139
f 116 139 117
f 117 139 140
f 117 140 131
f 121 141 142
f 121 142 122
f 122 143 123
f 122 142 174
f 122 174 143
f 123 144 145
f 123 145 124
f 123 143 144
f 124 145 146
f 125 146 126
f 126 146 147
f 126 147 148
f 127 149 150
f 127 150 128
f 128 150 130
f 128 130 129
f 130 151 152
f 130 152 153
f 130 153 154
f 130 154 139
f 130 150 147
f 130 147 151
f 131 155 156
f 131 156 157
f 131 157 158
f 131 140 155
f 132 158 159
f 132 159 133
f 133 159 189
f 133 189 160
f 133 160 161
f 133 161 134
f 134 161 135
f 135 161 162
f 137 138 163
f 138 164 165
f 138 165 166
f 138 166 167
f 138 167 168
f 138 168 163
f 139 154 140
f 140 154 169
f 140 169 170
f 140 170 157
f 140 157 156
f 140 156 155
f 141 171 172
f 141 172 173
f 141 173 174
f 141 174 142
f 143 174 175
f 143 175 144
f 144 175 145
f 145 176 146
f 145 175 176
f 146 177 147
f 146 176 206
f 146 206 177
f 147 150 149
f 147 149 148
f 147 177 178
f 147 178 179
f 147 179 180
f 147 180 181
f 147 181 151
f 151 181 152
f 152 181 182
f 152 182 154
f 152 154 153
f 154 182 183
f 154 183 184
f 154 184 185
f 154 185 186
f 154 186 187
f 154 187 188
f 154 188 170
f 154 170 169
f 157 170 159
f 157 159 158
f 159 170 188
f 159 188 189
f 160 189 190
f 160 190 191
f 160 191 161
f 161 191 162
f 162 191 192
f 164 193 165
f 165 193 232
f 165 232 276
f 165 276 331
f 165 331 380
f 165 380 386
f 165 386 337
f 165 337 284
f 165 284 277
f 165 277 233
f 165 233 194
f 165 194 195
f 165 195 196
f 165 196 197
f 165 197 166
f 171 198 172
f 172 198 199
f 172 199 200
f 172 200 201
f 172 201 173
f 173 201 202
f 173 202 203
f 173 203 204
f 173 204 174
f 174 204 175
f 175 204 176
f 176 205 247
f 176 247 206
f 176 204 205
f 177 206 207
f 177 207 208
f 177 208 209
f 177 209 179
f 177 179 178
f 179 209 210
f 179 210 180
f 180 208 211
f 180 211 181
f 180 210 209
f 180 209 208
f 181 211 212
f 181 212 213
f 181 213 215
f 181 215 214
f 181 214 182
f 182 214 215
f 182 215 183
f 183 215 217
f 183 217 184
f 184 216 185
f 184 217 218
f 184 218 219
f 184 219 256
f 184 256 216
f 185 220 221
f 185 221 222
f 185 222 223
f 185 223 186
f 185 216 224
f 185 224 220
f 186 223 222
f 186 222 187
f 187 222 188
f 188 222 189
f 189 222 225
f 189 225 226
f 189 226 227
f 189 227 190
f 190 227 228
f 190 228 229
f 190 229 230
f 190 230 191
f 191 230 231
f 191 231 192
f 194 233 234
f 194 234 195
f 195 234 235
f 195 235 196
f 199 236 200
f 200 236 237
f 200 237 239
f 200 239 238
f 200 238 201
f 201 238 202
f 202 238 239
f 202 239 240
f 202 240 241
f 202 241 242
f 202 242 203
f 203 242 243
f 203 243 205
f 203 205 244
f 203 244 204
f 204 244 205
f 205 243 245
f 205 245 246
f 205 246 247
f 206 247 248
f 206 248 207
f 207 249 250
f 207 250 251
f 207 251 208
f 207 248 247
f 207 247 249
f 208 251 211
f 211 252 253
f 211 253 213
f 211 213 212
f 211 251 252
f 213 253 254
f 213 254 255
f 213 255 215
f 215 255 254
f 215 254 217
f 216 256 257
f 216 257 224
f 217 254 218
f 218 254 258
f 218 258 219
f 219 258 259
f 219 259 260
f 219 260 261
f 219 261 256
f 220 262 263
f 220 263 221
f 220 224 264
f 220 264 262
f 221 263 265
f 221 265 222
f 222 265 225
f 224 257 266
f 224 266 264
f 225 265 267
f 225 267 268
f 225 268 226
f 226 268 227
f 227 268 322
f 227 322 269
f 227 269 270
f 227 270 228
f 228 270 271
f 228 271 229
f 229 271 272
f 229 272 230
f 230 272 273
f 230 273 274
f 230 274 231
f 232 275 276
f 233 277 234
f 234 278 279
f 234 279 280
f 234 280 281
f 234 281 282
f 234 282 283
f 234 283 235
f 234 277 284
f 234 284 278
f 236 285 237
f 237 285 286
f 237 286 287
f 237 287 289
f 237 289 288
f 237 288 240
f 237 240 239
f 240 288 289
f 240 289 290
f 240 290 241
f 241 290 291
f 241 291 292
f 241 292 293
f 241 293 243
f 241 243 242
f 243 293 245
f 245 294 295
f 245 295 246
f 245 293 294
f 246 295 296
f 246 296 297
f 246 297 247
f 247 297 298
f 247 298 249
f 249 299 300
f 249 300 301
f 249 301 302
f 249 302 250
f 249 298 299
f 250 302 303
f 250 303 304
f 250 304 251
f 251 304 253
f 251 253 252
f 253 304 305
f 253 305 254
f 254 305 258
f 256 261 306
f 256 306 257
f 257 306 266
f 258 305 307
f 258 307 259
f 259 307 308
f 259 308 260
f 260 308 309
f 260 309 261
f 261 310 311
f 261 311 306
f 261 309 312
f 261 312 310
f 262 264 313
f 262 313 314
f 262 314 315
f 262 315 263
f 263 315 316
f 263 316 265
f 264 266 313
f 265 316 317
f 265 317 267
f 266 306 311
f 266 311 318
f 266 318 319
f 266 319 320
f 266 320 321
f 266 321 314
f 266 314 313
f 267 317 268
f 268 317 322
f 269 322 323
f 269 323 270
f 270 323 370
f 270 370 324
f 270 324 325
f 270 325 271
f 271 325 272
f 272 325 326
f 272 326 327
f 272 327 328
f 272 328 273
f 275 329 276
f 276 329 330
f 276 330 331
f 278 332 381
f 278 381 333
f 278 333 279
f 278 284 337
f 278 337 332
f 279 334 280
f 279 333 335
f 279 335 334
f 280 334 336
f 286 338 289
f 286 289 287
f 289 338 339
f 289 339 340
f 289 340 290
f 290 340 393
f 290 393 341
f 290 341 342
f 290 342 291
f 291 342 292
f 292 342 343
f 292 343 294
f 292 294 293
f 294 343 295
f 295 343 344
f 295 344 345
f 295 345 296
f 296 345 346
f 296 346 298
f 296 298 297
f 298 346 348
f 298 348 347
f 298 347 299
f 299 347 300
f 300 347 348
f 300 348 349
f 300 349 301
f 301 303 302
f 301 349 350
f 301 350 351
f 301 351 352
f 301 352 355
f 301 355 353
f 301 353 303
f 303 353 304
f 304 353 355
f 304 355 354
f 304 354 305
f 305 354 307
f 307 354 355
f 307 355 308
f 308 356 357
f 308 357 358
f 308 358 309
f 308 355 356
f 309 358 359
f 309 359 312
f 310 360 318
f 310 318 311
f 310 312 361
f 310 361 360
f 312 359 415
f 312 415 361
f 314 362 363
f 314 363 364
f 314 364 365
f 314 365 315
f 314 321 320
f 314 320 362
f 315 365 316
f 316 365 364
f 316 364 317
f 317 364 366
f 317 366 367
f 317 367 370
f 317 370 368
f 317 368 322
f 318 360 369
f 318 369 319
f 319 369 363
f 319 363 320
f 320 363 362
f 322 368 370
f 322 370 323
f 324 370 326
f 324 326 325
f 326 370 421
f 326 421 371
f 326 371 372
f 326 372 373
f 326 373 374
f 326 374 375
f 326 375 422
f 326 422 376
f 329 377 378
f 329 378 330
f 330 378 437
f 330 437 379
f 330 379 331
f 331 379 438
f 331 438 380
f 332 337 381
f 333 381 441
f 333 441 382
f 333 382 383
f 333 383 335
f 334 335 384
f 334 384 385
f 334 385 336
f 335 383 384
f 337 386 387
f 337 387 381
f 338 388 389
f 338 389 390
f 338 390 339
f 339 390 391
f 339 391 457
f 339 457 392
f 339 392 393
f 339 393 340
f 341 393 394
f 341 394 395
f 341 395 342
f 342 395 396
f 342 396 397
f 342 397 344
f 342 344 343
f 344 397 398
f 344 398 399
f 344 399 345
f 345 399 400
f 345 400 401
f 345 401 346
f 346 401 348
f 348 401 349
f 349 401 350
f 350 401 351
f 351 401 402
f 351 402 403
f 351 403 404
f 351 404 405
f 351 405 406
f 351 406 407
f 351 407 352
f 352 407 408
f 352 408 355
f 355 408 409
f 355 409 410
f 355 410 356
f 356 411 357
f 356 410 411
f 357 412 413
f 357 413 359
f 357 359 358
f 357 411 412
f 359 413 414
f 359 414 415
f 360 416 417
f 360 417 363
f 360 363 369
f 360 361 416
f 361 415 414
f 361 414 469
f 361 469 418
f 361 418 470
f 361 470 416
f 363 419 473
f 363 473 480
f 363 480 479
f 363 479 478
f 363 478 429
f 363 429 428
f 363 428 427
f 363 427 426
f 363 426 425
f 363 425 424
f 363 424 422
f 363 422 375
f 363 375 374
f 363 374 373
f 363 373 372
f 363 372 371
f 363 371 421
f 363 421 420
f 363 420 366
f 363 366 364
f 363 417 419
f 366 420 370
f 366 370 367
f 370 420 421
f 376 422 424
f 376 424 425
f 376 425 426
f 376 426 427
f 376 427 428
f 376 428 429
f 376 429 478
f 376 478 430
f 376 430 423
f 377 431 378
f 378 431 432
f 378 432 433
f 378 433 434
f 378 434 484
f 378 484 435
f 378 435 485
f 378 485 436
f 378 436 437
f 379 437 486
f 379 486 487
f 379 487 438
f 380 439 440
f 380 440 387
f 380 387 386
f 380 438 439
f 381 387 442
f 381 442 441
f 382 441 490
f 382 490 492
f 382 492 443
f 382 443 494
f 382 494 444
f 382 444 383
f 383 444 445
f 383 445 384
f 384 445 446
f 384 446 447
f 384 447 448
f 384 448 385
f 387 440 449
f 387 449 450
f 387 450 451
f 387 451 452
f 387 452 442
f 388 453 389
f 389 453 454
f 389 454 455
f 389 455 456
f 389 456 457
f 389 457 390
f 390 457 391
f 392 457 459
f 392 459 458
f 392 458 393
f 393 458 394
f 394 458 459
f 394 459 460
f 394 460 396
f 394 396 395
f 396 460 461
f 396 461 398
f 396 398 397
f 398 461 460
f 398 460 514
f 398 514 462
f 398 462 403
f 398 403 399
f 399 403 400
f 400 403 401
f 401 403 402
f 403 462 520
f 403 520 463
f 403 463 405
f 403 405 404
f 405 464 406
f 405 463 520
f 405 520 465
f 405 465 525
f 405 525 466
f 405 466 468
f 405 468 464
f 406 464 467
f 406 467 407
f 407 467 409
f 407 409 408
f 409 467 464
f 409 464 410
f 410 464 468
f 410 468 412
f 410 412 411
f 412 468 414
f 412 414 413
f 414 468 466
f 414 466 525
f 414 525 469
f 416 470 417
f 417 470 419
f 418 469 471
f 418 471 472
f 418 472 470
f 419 470 474
f 419 474 473
f 423 430 476
f 423 476 477
f 423 477 541
f 423 541 475
f 430 478 479
f 430 479 480
f 430 480 481
f 430 481 537
f 430 537 482
f 430 482 483
f 430 483 477
f 430 477 476
f 435 484 485
f 436 485 486
f 436 486 437
f 438 487 488
f 438 488 439
f 439 488 489
f 439 489 440
f 440 489 449
f 441 442 490
f 442 452 451
f 442 451 491
f 442 491 505
f 442 505 490
f 443 492 549
f 443 549 493
f 443 493 494
f 444 494 495
f 444 495 445
f 445 495 446
f 446 495 496
f 446 496 497
f 446 497 498
f 446 498 447
f 447 498 499
f 449 489 547
f 449 547 500
f 449 500 501
f 449 501 450
f 450 501 506
f 450 506 451
f 451 502 503
f 451 503 504
f 451 504 505
f 451 505 491
f 451 506 502
f 454 507 508
f 454 508 455
f 455 508 456
f 456 459 457
f 456 508 507
f 456 507 509
f 456 509 510
f 456 510 511
f 456 511 512
f 456 512 513
f 456 513 514
f 456 514 460
f 456 460 459
f 462 514 573
f 462 573 515
f 462 515 516
f 462 516 517
f 462 517 518
f 462 518 519
f 462 519 465
f 462 465 520
f 465 519 521
f 465 521 522
f 465 522 523
f 465 523 524
f 465 524 469
f 465 469 525
f 469 526 471
f 469 524 580
f 469 580 527
f 469 527 528
f 469 528 530
f 469 530 526
f 470 472 474
f 471 529 472
f 471 526 530
f 471 530 531
f 471 531 582
f 471 582 529
f 472 532 533
f 472 533 474
f 472 529 532
f 473 534 535
f 473 535 536
f 473 536 537
f 473 537 481
f 473 481 480
f 473 474 533
f 473 533 538
f 473 538 539
f 473 539 534
f 475 541 540
f 477 483 542
f 477 542 598
f 477 598 541
f 482 537 596
f 482 596 543
f 482 543 483
f 483 543 542
f 484 544 545
f 484 545 485
f 485 545 486
f 486 545 546
f 486 546 487
f 487 489 488
f 487 546 547
f 487 547 489
f 490 548 492
f 490 505 548
f 492 548 549
f 493 549 605
f 493 605 550
f 493 550 551
f 493 551 495
f 493 495 494
f 495 551 552
f 495 552 496
f 496 552 497
f 497 499 498
f 497 552 499
f 499 553 554
f 499 554 555
f 499 555 556
f 499 552 557
f 499 557 553
f 500 547 559
f 500 559 501
f 501 558 565
f 501 565 506
f 501 559 560
f 501 560 558
f 502 561 562
f 502 562 503
f 502 506 561
f 503 562 563
f 503 563 549
f 503 549 564
f 503 564 505
f 503 505 504
f 505 564 549
f 505 549 548
f 506 565 566
f 506 566 561
f 507 510 567
f 507 567 509
f 509 567 510
f 511 568 512
f 512 568 513
f 513 568 569
f 513 569 570
f 513 570 571
f 513 571 514
f 514 572 573
f 514 571 572
f 515 574 575
f 515 575 516
f 515 573 636
f 515 636 574
f 516 575 576
f 516 576 517
f 517 576 521
f 517 521 518
f 518 521 519
f 521 576 641
f 521 641 577
f 521 577 578
f 521 578 522
f 522 578 579
f 522 579 580
f 522 580 524
f 522 524 523
f 527 581 528
f 527 580 579
f 527 579 581
f 528 581 530
f 529 582 583
f 529 583 584
f 529 584 585
f 529 585 589
f 529 589 532
f 530 581 586
f 530 586 587
f 530 587 622
f 530 622 588
f 530 588 582
f 530 582 531
f 532 589 533
f 533 589 590
f 533 590 591
f 533 591 538
f 534 539 592
f 534 592 535
f 535 592 591
f 535 591 593
f 535 593 594
f 535 594 536
f 536 594 595
f 536 595 596
f 536 596 537
f 538 591 592
f 538 592 539
f 540 541 597
f 541 598 597
f 542 543 598
f 543 596 599
f 543 599 600
f 543 600 598
f 544 601 545
f 545 601 602
f 545 602 598
f 545 598 546
f 546 603 604
f 546 604 547
f 546 598 603
f 547 604 559
f 549 563 625
f 549 625 606
f 549 606 605
f 550 605 649
f 550 649 607
f 550 607 608
f 550 608 609
f 550 609 557
f 550 557 610
f 550 610 551
f 551 610 552
f 552 610 557
f 553 611 554
f 553 557 611
f 554 611 555
f 555 611 556
f 556 611 613
f 556 613 614
f 556 614 612
f 557 609 615
f 557 615 611
f 558 616 565
f 558 560 616
f 559 604 560
f 560 604 617
f 560 617 618
f 560 618 619
f 560 619 616
f 561 566 620
f 561 620 621
f 561 621 622
f 561 622 623
f 561 623 624
f 561 624 562
f 562 624 563
f 563 624 625
f 565 616 566
f 566 616 620
f 568 626 614
f 568 614 627
f 568 627 628
f 568 628 629
f 568 629 630
f 568 630 569
f 569 630 571
f 569 571 570
f 571 630 659
f 571 659 631
f 571 631 632
f 571 632 633
f 571 633 572
f 572 634 635
f 572 635 636
f 572 636 573
f 572 633 632
f 572 632 634
f 574 636 635
f 574 635 637
f 574 637 668
f 574 668 638
f 574 638 639
f 574 639 575
f 575 639 640
f 575 640 641
f 575 641 642
f 575 642 576
f 576 642 641
f 577 641 671
f 577 671 643
f 577 643 578
f 578 643 586
f 578 586 579
f 579 586 581
f 582 588 583
f 583 588 622
f 583 622 616
f 583 616 590
f 583 590 589
f 583 589 585
f 583 585 584
f 586 643 587
f 587 643 672
f 587 672 644
f 587 644 622
f 590 616 619
f 590 619 618
f 590 618 645
f 590 645 593
f 590 593 591
f 593 645 594
f 594 645 646
f 594 646 647
f 594 647 595
f 595 647 599
f 595 599 596
f 597 602 648
f 597 598 602
f 598 600 599
f 598 599 647
f 598 647 603
f 601 648 602
f 603 647 604
f 604 647 617
f 605 606 625
f 605 625 650
f 605 650 649
f 607 651 652
f 607 652 653
f 607 653 608
f 607 649 668
f 607 668 667
f 607 667 651
f 608 653 609
f 609 654 655
f 609 655 611
f 609 611 615
f 609 653 654
f 611 656 614
f 611 614 613
f 611 655 656
f 612 614 657
f 614 626 657
f 614 656 658
f 614 658 655
f 614 655 659
f 614 659 628
f 614 628 627
f 616 622 621
f 616 621 620
f 617 647 646
f 617 646 618
f 618 646 645
f 622 644 660
f 622 660 623
f 623 660 662
f 623 662 661
f 623 661 624
f 624 661 662
f 624 662 625
f 625 662 663
f 625 663 650
f 628 659 629
f 629 659 630
f 631 659 632
f 632 654 653
f 632 653 664
f 632 664 665
f 632 665 634
f 632 659 655
f 632 655 654
f 634 665 666
f 634 666 635
f 635 667 668
f 635 668 637
f 635 666 652
f 635 652 667
f 638 668 649
f 638 649 673
f 638 673 669
f 638 669 640
f 638 640 639
f 640 669 641
f 641 669 673
f 641 673 670
f 641 670 663
f 641 663 671
f 643 671 663
f 643 663 672
f 644 672 663
f 644 663 660
f 649 650 663
f 649 663 673
f 651 667 652
f 652 666 664
f 652 664 653
f 655 658 656
f 660 663 662
f 663 670 673
f 664 666 665
f 674 675 679
f 674 679 676
f 674 676 681
f 674 681 692
f 674 692 711
f 674 711 694
f 674 694 683
f 674 683 677
f 674 677 684
f 674 684 699
f 674 699 720
f 674 720 745
f 674 745 764
f 674 764 780
f 674 780 792
f 674 792 809
f 674 809 808
f 674 808 807
f 674 807 818
f 674 818 817
f 674 817 825
f 674 825 833
f 674 833 845
f 674 845 856
f 674 856 857
f 674 857 846
f 674 846 834
f 674 834 829
f 674 829 822
f 674 822 812
f 674 812 800
f 674 800 799
f 674 799 798
f 674 798 794
f 674 794 793
f 674 793 782
f 674 782 781
f 674 781 765
f 674 765 746
f 674 746 722
f 674 722 721
f 674 721 700
f 674 700 685
f 674 685 678
f 674 678 675
f 675 678 679
f 676 680 681
f 676 679 687
f 676 687 682
f 676 682 680
f 677 683 684
f 678 685 686
f 678 686 679
f 679 686 687
f 680 688 681
f 680 682 689
f 680 689 690
f 680 690 691
f 680 691 688
f 681 688 692
f 682 687 693
f 682 693 690
f 682 690 689
f 683 694 712
f 683 712 695
f 683 695 697
f 683 697 696
f 683 696 684
f 684 696 697
f 684 697 698
f 684 698 699
f 685 700 686
f 686 700 701
f 686 701 702
f 686 702 703
f 686 703 687
f 687 703 693
f 688 691 704
f 688 704 705
f 688 705 706
f 688 706 692
f 690 693 703
f 690 703 707
f 690 707 708
f 690 708 691
f 691 708 709
f 691 709 704
f 692 706 710
f 692 710 733
f 692 733 711
f 694 711 712
f 695 712 713
f 695 713 697
f 697 714 715
f 697 715 716
f 697 716 698
f 697 713 714
f 698 716 699
f 699 716 717
f 699 717 718
f 699 718 719
f 699 719 720
f 700 721 701
f 701 721 722
f 701 722 746
f 701 746 723
f 701 723 724
f 701 724 725
f 701 725 702
f 702 725 726
f 702 726 708
f 702 708 703
f 703 708 707
f 704 709 705
f 705 727 728
f 705 728 706
f 705 709 729
f 705 729 727
f 706 728 710
f 708 726 730
f 708 730 731
f 708 731 709
f 709 731 755
f 709 755 772
f 709 772 771
f 709 771 768
f 709 768 749
f 709 749 770
f 709 770 785
f 709 785 797
f 709 797 811
f 709 811 821
f 709 821 828
f 709 828 838
f 709 838 850
f 709 850 859
f 709 859 861
f 709 861 865
f 709 865 877
f 709 877 878
f 709 878 887
f 709 887 880
f 709 880 875
f 709 875 862
f 709 862 852
f 709 852 840
f 709 840 839
f 709 839 830
f 709 830 823
f 709 823 813
f 709 813 802
f 709 802 789
f 709 789 777
f 709 777 762
f 709 762 761
f 709 761 760
f 709 760 776
f 709 776 758
f 709 758 775
f 709 775 773
f 709 773 754
f 709 754 729
f 710 728 732
f 710 732 734
f 710 734 733
f 711 733 712
f 712 733 734
f 712 734 735
f 712 735 736
f 712 736 713
f 713 736 737
f 713 737 738
f 713 738 739
f 713 739 714
f 714 739 715
f 715 739 716
f 716 739 717
f 717 739 740
f 717 740 741
f 717 741 718
f 718 742 743
f 718 743 719
f 718 741 744
f 718 744 763
f 718 763 742
f 719 743 742
f 719 742 745
f 719 745 720
f 723 746 765
f 723 765 747
f 723 747 724
f 724 747 748
f 724 748 749
f 724 749 750
f 724 750 751
f 724 751 725
f 725 751 730
f 725 730 726
f 727 729 754
f 727 754 752
f 727 752 753
f 727 753 728
f 728 753 734
f 728 734 732
f 730 751 731
f 731 751 755
f 734 753 756
f 734 756 735
f 735 756 757
f 735 757 737
f 735 737 736
f 737 757 758
f 737 758 738
f 738 758 759
f 738 759 739
f 739 759 740
f 740 759 760
f 740 760 761
f 740 761 741
f 741 761 762
f 741 762 744
f 742 763 764
f 742 764 745
f 744 762 763
f 747 765 781
f 747 781 766
f 747 766 748
f 748 766 767
f 748 767 749
f 749 768 751
f 749 751 750
f 749 767 769
f 749 769 770
f 751 771 772
f 751 772 755
f 751 768 771
f 752 754 756
f 752 756 753
f 754 773 756
f 756 773 774
f 756 774 757
f 757 774 758
f 758 774 775
f 758 776 759
f 759 776 760
f 762 777 778
f 762 778 763
f 763 778 779
f 763 779 780
f 763 780 764
f 766 781 782
f 766 782 783
f 766 783 784
f 766 784 767
f 767 784 769
f 769 785 770
f 769 784 786
f 769 786 787
f 769 787 788
f 769 788 785
f 773 775 774
f 777 789 790
f 777 790 778
f 778 790 791
f 778 791 779
f 779 792 780
f 779 791 792
f 782 793 783
f 783 793 794
f 783 794 787
f 783 787 786
f 783 786 784
f 785 788 795
f 785 795 796
f 785 796 797
f 787 794 798
f 787 798 799
f 787 799 800
f 787 800 801
f 787 801 795
f 787 795 788
f 789 802 803
f 789 803 804
f 789 804 805
f 789 805 790
f 790 805 806
f 790 806 791
f 791 806 807
f 791 807 808
f 791 808 809
f 791 809 792
f 795 801 810
f 795 810 796
f 796 810 811
f 796 811 797
f 800 812 801
f 801 812 822
f 801 822 826
f 801 826 819
f 801 819 810
f 802 813 814
f 802 814 804
f 802 804 803
f 804 814 815
f 804 815 805
f 805 815 816
f 805 816 817
f 805 817 806
f 806 817 818
f 806 818 807
f 810 819 820
f 810 820 821
f 810 821 811
f 813 823 814
f 814 823 824
f 814 824 815
f 815 824 832
f 815 832 844
f 815 844 843
f 815 843 833
f 815 833 825
f 815 825 816
f 816 825 817
f 819 826 827
f 819 827 820
f 820 827 828
f 820 828 821
f 822 829 826
f 823 830 824
f 824 830 831
f 824 831 832
f 826 829 834
f 826 834 835
f 826 835 827
f 827 835 836
f 827 836 828
f 828 836 837
f 828 837 838
f 830 839 831
f 831 839 840
f 831 840 841
f 831 841 842
f 831 842 843
f 831 843 844
f 831 844 832
f 833 843 855
f 833 855 845
f 834 846 847
f 834 847 835
f 835 847 848
f 835 848 849
f 835 849 836
f 836 849 837
f 837 849 838
f 838 849 851
f 838 851 850
f 840 852 853
f 840 853 841
f 841 854 855
f 841 855 842
f 841 853 854
f 842 855 843
f 845 855 853
f 845 853 856
f 846 857 851
f 846 851 847
f 847 858 849
f 847 849 848
f 847 851 858
f 849 858 851
f 850 851 859
f 851 857 856
f 851 856 853
f 851 853 863
f 851 863 874
f 851 874 873
f 851 873 876
f 851 876 886
f 851 886 885
f 851 885 884
f 851 884 883
f 851 883 882
f 851 882 881
f 851 881 879
f 851 879 872
f 851 872 871
f 851 871 870
f 851 870 869
f 851 869 868
f 851 868 867
f 851 867 866
f 851 866 864
f 851 864 860
f 851 860 861
f 851 861 859
f 852 862 853
f 853 855 854
f 853 862 863
f 860 864 861
f 861 864 866
f 861 866 867
f 861 867 868
f 861 868 869
f 861 869 870
f 861 870 871
f 861 871 872
f 861 872 865
f 862 873 874
f 862 874 863
f 862 875 876
f 862 876 873
f 865 872 877
f 872 878 877
f 872 879 887
f 872 887 878
f 875 880 879
f 875 879 881
f 875 881 882
f 875 882 883
f 875 883 884
f 875 884 885
f 875 885 886
f 875 886 876
f 879 880 887
f 888 889 890
f 888 890 896
f 888 896 906
f 888 906 913
f 888 913 912
f 888 912 911
f 888 911 928
f 888 928 927
f 888 927 944
f 888 944 943
f 888 943 942
f 888 942 966
f 888 966 985
f 888 985 988
f 888 988 987
f 888 987 986
f 888 986 968
f 888 968 946
f 888 946 933
f 888 933 932
f 888 932 929
f 888 929 914
f 888 914 902
f 888 902 891
f 888 891 903
f 888 903 921
f 888 921 936
f 888 936 951
f 888 951 972
f 888 972 993
f 888 993 1006
f 888 1006 1018
f 888 1018 1033
f 888 1033 1048
f 888 1048 1040
f 888 1040 1025
f 888 1025 1012
f 888 1012 1001
f 888 1001 980
f 888 980 958
f 888 958 938
f 888 938 922
f 888 922 904
f 888 904 892
f 888 892 889
f 889 892 893
f 889 893 894
f 889 894 895
f 889 895 890
f 890 895 894
f 890 894 897
f 890 897 898
f 890 898 899
f 890 899 900
f 890 900 901
f 890 901 896
f 891 902 920
f 891 920 903
f 892 904 893
f 893 904 922
f 893 922 937
f 893 937 953
f 893 953 939
f 893 939 923
f 893 923 905
f 893 905 894
f 894 905 897
f 896 901 906
f 897 905 907
f 897 907 908
f 897 908 898
f 898 908 899
f 899 908 909
f 899 909 900
f 900 909 925
f 900 925 940
f 900 940 960
f 900 960 979
f 900 979 999
f 900 999 1000
f 900 1000 1011
f 900 1011 1024
f 900 1024 1037
f 900 1037 1036
f 900 1036 1038
f 900 1038 1027
f 900 1027 1026
f 900 1026 1039
f 900 1039 1050
f 900 1050 1054
f 900 1054 1053
f 900 1053 1049
f 900 1049 1041
f 900 1041 1029
f 900 1029 1013
f 900 1013 1003
f 900 1003 990
f 900 990 989
f 900 989 969
f 900 969 947
f 900 947 931
f 900 931 915
f 900 915 930
f 900 930 945
f 900 945 967
f 900 967 984
f 900 984 983
f 900 983 982
f 900 982 981
f 900 981 965
f 900 965 964
f 900 964 963
f 900 963 962
f 900 962 961
f 900 961 941
f 900 941 926
f 900 926 910
f 900 910 901
f 901 910 911
f 901 911 912
f 901 912 913
f 901 913 906
f 902 914 915
f 902 915 916
f 902 916 917
f 902 917 918
f 902 918 919
f 902 919 920
f 903 920 921
f 905 923 924
f 905 924 907
f 907 924 925
f 907 925 909
f 907 909 908
f 910 926 927
f 910 927 928
f 910 928 911
f 914 929 915
f 915 931 934
f 915 934 916
f 915 929 932
f 915 932 933
f 915 933 930
f 916 934 917
f 917 934 918
f 918 935 919
f 918 934 935
f 919 935 920
f 920 935 921
f 921 935 936
f 922 938 954
f 922 954 937
f 923 939 924
f 924 939 940
f 924 940 925
f 926 941 942
f 926 942 943
f 926 943 944
f 926 944 927
f 930 933 946
f 930 946 945
f 931 947 934
f 934 947 948
f 934 948 949
f 934 949 935
f 935 949 950
f 935 950 971
f 935 971 973
f 935 973 951
f 935 951 936
f 937 952 953
f 937 954 955
f 937 955 956
f 937 956 957
f 937 957 952
f 938 958 955
f 938 955 954
f 939 953 974
f 939 974 959
f 939 959 940
f 940 959 960
f 941 961 942
f 942 961 962
f 942 962 963
f 942 963 964
f 942 964 965
f 942 965 981
f 942 981 966
f 945 946 967
f 946 968 967
f 947 969 970
f 947 970 948
f 948 970 971
f 948 971 950
f 948 950 949
f 951 973 994
f 951 994 972
f 952 974 953
f 952 957 974
f 955 975 956
f 955 958 976
f 955 976 975
f 956 975 977
f 956 977 978
f 956 978 957
f 957 978 979
f 957 979 974
f 958 980 997
f 958 997 976
f 959 974 979
f 959 979 960
f 966 981 982
f 966 982 983
f 966 983 984
f 966 984 967
f 966 967 985
f 967 968 986
f 967 986 987
f 967 987 988
f 967 988 985
f 969 989 970
f 970 989 990
f 970 990 991
f 970 991 992
f 970 992 971
f 971 992 973
f 972 994 993
f 973 992 995
f 973 995 994
f 975 976 996
f 975 996 977
f 976 997 996
f 977 996 1008
f 977 1008 998
f 977 998 978
f 978 999 979
f 978 998 1000
f 978 1000 999
f 980 1001 997
f 990 1002 992
f 990 992 991
f 990 1003 1002
f 992 1002 995
f 993 1004 1005
f 993 1005 1006
f 993 994 1004
f 994 995 1004
f 995 1002 1007
f 995 1007 1004
f 996 997 1009
f 996 1009 1008
f 997 1001 1010
f 997 1010 1009
f 998 1008 1011
f 998 1011 1000
f 1001 1012 1010
f 1002 1003 1013
f 1002 1013 1014
f 1002 1014 1015
f 1002 1015 1007
f 1004 1007 1016
f 1004 1016 1017
f 1004 1017 1018
f 1004 1018 1005
f 1005 1018 1006
f 1007 1015 1019
f 1007 1019 1016
f 1008 1020 1011
f 1008 1009 1021
f 1008 1021 1022
f 1008 1022 1023
f 1008 1023 1020
f 1009 1010 1021
f 1010 1012 1021
f 1011 1020 1023
f 1011 1023 1024
f 1012 1025 1026
f 1012 1026 1027
f 1012 1027 1028
f 1012 1028 1021
f 1013 1029 1019
f 1013 1019 1014
f 1014 1019 1015
f 1016 1019 1030
f 1016 1030 1017
f 1017 1030 1031
f 1017 1031 1032
f 1017 1032 1033
f 1017 1033 1018
f 1019 1029 1034
f 1019 1034 1030
f 1021 1028 1035
f 1021 1035 1022
f 1022 1036 1037
f 1022 1037 1023
f 1022 1035 1028
f 1022 1028 1038
f 1022 1038 1036
f 1023 1037 1024
f 1025 1039 1026
f 1025 1040 1050
f 1025 1050 1039
f 1027 1038 1028
f 1029 1041 1034
f 1030 1034 1031
f 1031 1034 1042
f 1031 1042 1043
f 1031 1043 1044
f 1031 1044 1032
f 1032 1044 1045
f 1032 1045 1046
f 1032 1046 1047
f 1032 1047 1048
f 1032 1048 1033
f 1034 1041 1049
f 1034 1049 1042
f 1040 1048 1047
f 1040 1047 1045
f 1040 1045 1043
f 1040 1043 1051
f 1040 1051 1052
f 1040 1052 1053
f 1040 1053 1054
f 1040 1054 1050
f 1042 1049 1043
f 1043 1049 1051
f 1043 1045 1044
f 1045 1047 1046
f 1049 1053 1052
f 1049 1052 1051
f 1055 1056 1059
f 1055 1059 1065
f 1055 1065 1077
f 1055 1077 1071
f 1055 1071 1062
f 1055 1062 1057
f 1055 1057 1063
f 1055 1063 1075
f 1055 1075 1094
f 1055 1094 1093
f 1055 1093 1118
f 1055 1118 1122
f 1055 1122 1121
f 1055 1121 1149
f 1055 1149 1148
f 1055 1148 1146
f 1055 1146 1173
f 1055 1173 1188
f 1055 1188 1209
f 1055 1209 1208
f 1055 1208 1207
f 1055 1207 1206
f 1055 1206 1205
f 1055 1205 1223
f 1055 1223 1239
f 1055 1239 1256
f 1055 1256 1273
f 1055 1273 1294
f 1055 1294 1295
f 1055 1295 1275
f 1055 1275 1274
f 1055 1274 1257
f 1055 1257 1240
f 1055 1240 1224
f 1055 1224 1210
f 1055 1210 1189
f 1055 1189 1174
f 1055 1174 1150
f 1055 1150 1123
f 1055 1123 1096
f 1055 1096 1076
f 1055 1076 1064
f 1055 1064 1058
f 1055 1058 1060
f 1055 1060 1056
f 1056 1060 1061
f 1056 1061 1059
f 1057 1062 1063
f 1058 1064 1060
f 1059 1061 1066
f 1059 1066 1067
f 1059 1067 1065
f 1060 1064 1068
f 1060 1068 1086
f 1060 1086 1069
f 1060 1069 1061
f 1061 1069 1070
f 1061 1070 1066
f 1062 1071 1072
f 1062 1072 1073
f 1062 1073 1074
f 1062 1074 1063
f 1063 1074 1075
f 1064 1076 1068
f 1065 1067 1078
f 1065 1078 1079
f 1065 1079 1080
f 1065 1080 1077
f 1066 1070 1081
f 1066 1081 1067
f 1067 1081 1082
f 1067 1082 1078
f 1068 1076 1083
f 1068 1083 1084
f 1068 1084 1085
f 1068 1085 1087
f 1068 1087 1086
f 1069 1086 1087
f 1069 1087 1070
f 1070 1087 1081
f 1071 1077 1080
f 1071 1080 1072
f 1072 1088 1089
f 1072 1089 1090
f 1072 1090 1091
f 1072 1091 1073
f 1072 1080 1088
f 1073 1091 1092
f 1073 1092 1074
f 1074 1093 1094
f 1074 1094 1075
f 1074 1092 1095
f 1074 1095 1093
f 1076 1096 1083
f 1078 1082 1097
f 1078 1097 1098
f 1078 1098 1079
f 1079 1098 1099
f 1079 1099 1100
f 1079 1100 1101
f 1079 1101 1080
f 1080 1101 1089
f 1080 1089 1088
f 1081 1102 1082
f 1081 1087 1103
f 1081 1103 1102
f 1082 1102 1104
f 1082 1104 1105
f 1082 1105 1097
f 1083 1106 1107
f 1083 1107 1084
f 1083 1096 1124
f 1083 1124 1108
f 1083 1108 1106
f 1084 1107 1085
f 1085 1107 1087
f 1087 1109 1103
f 1087 1107 1110
f 1087 1110 1111
f 1087 1111 1109
f 1089 1101 1112
f 1089 1112 1113
f 1089 1113 1139
f 1089 1139 1164
f 1089 1164 1163
f 1089 1163 1162
f 1089 1162 1177
f 1089 1177 1194
f 1089 1194 1211
f 1089 1211 1226
f 1089 1226 1232
f 1089 1232 1251
f 1089 1251 1269
f 1089 1269 1282
f 1089 1282 1299
f 1089 1299 1325
f 1089 1325 1332
f 1089 1332 1331
f 1089 1331 1360
f 1089 1360 1363
f 1089 1363 1362
f 1089 1362 1361
f 1089 1361 1330
f 1089 1330 1367
f 1089 1367 1395
f 1089 1395 1417
f 1089 1417 1421
f 1089 1421 1430
f 1089 1430 1407
f 1089 1407 1378
f 1089 1378 1375
f 1089 1375 1374
f 1089 1374 1373
f 1089 1373 1372
f 1089 1372 1345
f 1089 1345 1311
f 1089 1311 1338
f 1089 1338 1307
f 1089 1307 1289
f 1089 1289 1270
f 1089 1270 1252
f 1089 1252 1234
f 1089 1234 1219
f 1089 1219 1218
f 1089 1218 1217
f 1089 1217 1216
f 1089 1216 1202
f 1089 1202 1184
f 1089 1184 1173
f 1089 1173 1146
f 1089 1146 1144
f 1089 1144 1143
f 1089 1143 1142
f 1089 1142 1141
f 1089 1141 1140
f 1089 1140 1114
f 1089 1114 1115
f 1089 1115 1090
f 1090 1115 1091
f 1091 1115 1092
f 1092 1115 1116
f 1092 1116 1117
f 1092 1117 1095
f 1093 1095 1118
f 1095 1117 1119
f 1095 1119 1120
f 1095 1120 1121
f 1095 1121 1122
f 1095 1122 1118
f 1096 1123 1124
f 1097 1105 1132
f 1097 1132 1125
f 1097 1125 1126
f 1097 1126 1127
f 1097 1127 1099
f 1097 1099 1098
f 1099 1127 1158
f 1099 1158 1128
f 1099 1128 1159
f 1099 1159 1129
f 1099 1129 1130
f 1099 1130 1113
f 1099 1113 1101
f 1099 1101 1100
f 1101 1113 1112
f 1102 1103 1131
f 1102 1131 1132
f 1102 1132 1104
f 1103 1109 1133
f 1103 1133 1131
f 1104 1132 1105
f 1106 1108 1134
f 1106 1134 1107
f 1107 1134 1110
f 1108 1124 1155
f 1108 1155 1154
f 1108 1154 1153
f 1108 1153 1152
f 1108 1152 1151
f 1108 1151 1175
f 1108 1175 1192
f 1108 1192 1191
f 1108 1191 1190
f 1108 1190 1189
f 1108 1189 1210
f 1108 1210 1225
f 1108 1225 1244
f 1108 1244 1243
f 1108 1243 1242
f 1108 1242 1241
f 1108 1241 1259
f 1108 1259 1280
f 1108 1280 1279
f 1108 1279 1278
f 1108 1278 1277
f 1108 1277 1276
f 1108 1276 1297
f 1108 1297 1323
f 1108 1323 1357
f 1108 1357 1392
f 1108 1392 1391
f 1108 1391 1415
f 1108 1415 1414
f 1108 1414 1413
f 1108 1413 1431
f 1108 1431 1432
f 1108 1432 1426
f 1108 1426 1425
f 1108 1425 1423
f 1108 1423 1400
f 1108 1400 1396
f 1108 1396 1368
f 1108 1368 1333
f 1108 1333 1303
f 1108 1303 1284
f 1108 1284 1262
f 1108 1262 1246
f 1108 1246 1233
f 1108 1233 1215
f 1108 1215 1200
f 1108 1200 1199
f 1108 1199 1182
f 1108 1182 1171
f 1108 1171 1170
f 1108 1170 1169
f 1108 1169 1168
f 1108 1168 1137
f 1108 1137 1136
f 1108 1136 1111
f 1108 1111 1110
f 1108 1110 1134
f 1109 1135 1133
f 1109 1111 1136
f 1109 1136 1137
f 1109 1137 1138
f 1109 1138 1135
f 1113 1130 1139
f 1114 1116 1115
f 1114 1140 1116
f 1116 1140 1141
f 1116 1141 1117
f 1117 1141 1142
f 1117 1142 1143
f 1117 1143 1144
f 1117 1144 1145
f 1117 1145 1146
f 1117 1146 1147
f 1117 1147 1119
f 1119 1147 1148
f 1119 1148 1120
f 1120 1148 1149
f 1120 1149 1121
f 1123 1150 1151
f 1123 1151 1152
f 1123 1152 1153
f 1123 1153 1154
f 1123 1154 1155
f 1123 1155 1124
f 1125 1132 1156
f 1125 1156 1126
f 1126 1156 1157
f 1126 1157 1127
f 1127 1157 1158
f 1128 1158 1176
f 1128 1176 1159
f 1129 1160 1161
f 1129 1161 1130
f 1129 1159 1160
f 1130 1161 1162
f 1130 1162 1163
f 1130 1163 1164
f 1130 1164 1139
f 1131 1133 1135
f 1131 1135 1165
f 1131 1165 1166
f 1131 1166 1167
f 1131 1167 1132
f 1132 1167 1156
f 1135 1138 1137
f 1135 1137 1168
f 1135 1168 1169
f 1135 1169 1170
f 1135 1170 1171
f 1135 1171 1172
f 1135 1172 1165
f 1144 1146 1145
f 1146 1148 1147
f 1150 1174 1175
f 1150 1175 1151
f 1156 1167 1157
f 1157 1167 1176
f 1157 1176 1158
f 1159 1162 1160
f 1159 1176 1193
f 1159 1193 1177
f 1159 1177 1162
f 1160 1162 1161
f 1165 1172 1178
f 1165 1178 1166
f 1166 1179 1180
f 1166 1180 1176
f 1166 1176 1167
f 1166 1178 1181
f 1166 1181 1179
f 1171 1182 1172
f 1172 1182 1183
f 1172 1183 1195
f 1172 1195 1178
f 1173 1184 1185
f 1173 1185 1186
f 1173 1186 1187
f 1173 1187 1188
f 1174 1189 1190
f 1174 1190 1191
f 1174 1191 1192
f 1174 1192 1175
f 1176 1180 1193
f 1177 1193 1194
f 1178 1195 1198
f 1178 1198 1196
f 1178 1196 1197
f 1178 1197 1181
f 1179 1181 1197
f 1179 1197 1180
f 1180 1197 1196
f 1180 1196 1198
f 1180 1198 1193
f 1182 1199 1183
f 1183 1199 1200
f 1183 1200 1201
f 1183 1201 1195
f 1184 1202 1185
f 1185 1203 1204
f 1185 1204 1186
f 1185 1202 1203
f 1186 1204 1205
f 1186 1205 1206
f 1186 1206 1207
f 1186 1207 1208
f 1186 1208 1209
f 1186 1209 1187
f 1187 1209 1188
f 1193 1198 1211
f 1193 1211 1194
f 1195 1201 1212
f 1195 1212 1213
f 1195 1213 1214
f 1195 1214 1198
f 1198 1214 1211
f 1200 1212 1201
f 1200 1215 1212
f 1202 1216 1203
f 1203 1216 1217
f 1203 1217 1218
f 1203 1218 1219
f 1203 1219 1220
f 1203 1220 1221
f 1203 1221 1222
f 1203 1222 1204
f 1204 1222 1205
f 1205 1222 1223
f 1210 1224 1225
f 1211 1214 1226
f 1212 1215 1227
f 1212 1227 1228
f 1212 1228 1229
f 1212 1229 1230
f 1212 1230 1213
f 1213 1230 1229
f 1213 1229 1231
f 1213 1231 1214
f 1214 1231 1232
f 1214 1232 1226
f 1215 1233 1227
f 1219 1234 1220
f 1220 1235 1236
f 1220 1236 1221
f 1220 1234 1252
f 1220 1252 1235
f 1221 1236 1254
f 1221 1254 1237
f 1221 1237 1222
f 1222 1237 1238
f 1222 1238 1223
f 1223 1238 1239
f 1224 1240 1241
f 1224 1241 1242
f 1224 1242 1243
f 1224 1243 1244
f 1224 1244 1225
f 1227 1233 1228
f 1228 1245 1229
f 1228 1233 1246
f 1228 1246 1247
f 1228 1247 1248
f 1228 1248 1249
f 1228 1249 1245
f 1229 1245 1261
f 1229 1261 1250
f 1229 1250 1231
f 1231 1251 1232
f 1231 1250 1251
f 1235 1252 1253
f 1235 1253 1236
f 1236 1253 1254
f 1237 1254 1255
f 1237 1255 1238
f 1238 1255 1272
f 1238 1272 1292
f 1238 1292 1316
f 1238 1316 1293
f 1238 1293 1273
f 1238 1273 1256
f 1238 1256 1239
f 1240 1257 1258
f 1240 1258 1241
f 1241 1258 1259
f 1245 1249 1268
f 1245 1268 1260
f 1245 1260 1261
f 1246 1262 1263
f 1246 1263 1247
f 1247 1263 1264
f 1247 1264 1248
f 1248 1264 1265
f 1248 1265 1266
f 1248 1266 1249
f 1249 1266 1267
f 1249 1267 1268
f 1250 1261 1269
f 1250 1269 1251
f 1252 1270 1253
f 1253 1270 1254
f 1254 1271 1255
f 1254 1270 1271
f 1255 1271 1272
f 1257 1274 1258
f 1258 1274 1275
f 1258 1275 1276
f 1258 1276 1277
f 1258 1277 1278
f 1258 1278 1279
f 1258 1279 1280
f 1258 1280 1259
f 1260 1281 1282
f 1260 1282 1261
f 1260 1268 1283
f 1260 1283 1281
f 1261 1282 1269
f 1262 1284 1285
f 1262 1285 1264
f 1262 1264 1263
f 1264 1285 1286
f 1264 1286 1287
f 1264 1287 1265
f 1265 1287 1306
f 1265 1306 1288
f 1265 1288 1266
f 1266 1288 1267
f 1267 1288 1283
f 1267 1283 1268
f 1270 1289 1290
f 1270 1290 1271
f 1271 1291 1292
f 1271 1292 1272
f 1271 1290 1291
f 1273 1293 1317
f 1273 1317 1294
f 1275 1295 1320
f 1275 1320 1296
f 1275 1296 1297
f 1275 1297 1276
f 1281 1298 1282
f 1281 1283 1302
f 1281 1302 1298
f 1282 1298 1299
f 1283 1288 1300
f 1283 1300 1326
f 1283 1326 1301
f 1283 1301 1327
f 1283 1327 1302
f 1284 1303 1304
f 1284 1304 1285
f 1285 1304 1305
f 1285 1305 1286
f 1286 1305 1336
f 1286 1336 1337
f 1286 1337 1306
f 1286 1306 1287
f 1288 1306 1337
f 1288 1337 1326
f 1288 1326 1300
f 1289 1307 1308
f 1289 1308 1290
f 1290 1309 1310
f 1290 1310 1291
f 1290 1308 1311
f 1290 1311 1309
f 1291 1312 1292
f 1291 1310 1313
f 1291 1313 1312
f 1292 1314 1315
f 1292 1315 1316
f 1292 1312 1314
f 1293 1316 1318
f 1293 1318 1319
f 1293 1319 1317
f 1294 1317 1320
f 1294 1320 1295
f 1296 1320 1321
f 1296 1321 1322
f 1296 1322 1297
f 1297 1322 1324
f 1297 1324 1323
f 1298 1302 1299
f 1299 1302 1325
f 1301 1326 1328
f 1301 1328 1329
f 1301 1329 1330
f 1301 1330 1327
f 1302 1327 1360
f 1302 1360 1331
f 1302 1331 1332
f 1302 1332 1325
f 1303 1333 1334
f 1303 1334 1304
f 1304 1334 1335
f 1304 1335 1305
f 1305 1335 1364
f 1305 1364 1336
f 1307 1338 1308
f 1308 1338 1311
f 1309 1339 1340
f 1309 1340 1341
f 1309 1341 1342
f 1309 1342 1379
f 1309 1379 1343
f 1309 1343 1346
f 1309 1346 1344
f 1309 1344 1313
f 1309 1313 1310
f 1309 1311 1339
f 1311 1345 1339
f 1312 1313 1344
f 1312 1344 1346
f 1312 1346 1314
f 1314 1346 1347
f 1314 1347 1315
f 1315 1348 1349
f 1315 1349 1316
f 1315 1347 1350
f 1315 1350 1351
f 1315 1351 1352
f 1315 1352 1348
f 1316 1349 1318
f 1317 1319 1353
f 1317 1353 1321
f 1317 1321 1320
f 1318 1353 1319
f 1318 1349 1348
f 1318 1348 1354
f 1318 1354 1390
f 1318 1390 1355
f 1318 1355 1353
f 1321 1356 1322
f 1321 1353 1355
f 1321 1355 1356
f 1322 1356 1324
f 1323 1324 1356
f 1323 1356 1357
f 1326 1337 1336
f 1326 1336 1358
f 1326 1358 1364
f 1326 1364 1359
f 1326 1359 1328
f 1327 1330 1361
f 1327 1361 1362
f 1327 1362 1363
f 1327 1363 1360
f 1328 1359 1364
f 1328 1364 1365
f 1328 1365 1366
f 1328 1366 1329
f 1329 1366 1367
f 1329 1367 1330
f 1333 1368 1369
f 1333 1369 1370
f 1333 1370 1371
f 1333 1371 1335
f 1333 1335 1334
f 1335 1371 1364
f 1336 1364 1358
f 1339 1345 1372
f 1339 1372 1373
f 1339 1373 1374
f 1339 1374 1375
f 1339 1375 1376
f 1339 1376 1340
f 1340 1376 1341
f 1341 1377 1379
f 1341 1379 1342
f 1341 1376 1375
f 1341 1375 1378
f 1341 1378 1402
f 1341 1402 1377
f 1343 1379 1380
f 1343 1380 1408
f 1343 1408 1381
f 1343 1381 1346
f 1346 1381 1347
f 1347 1382 1350
f 1347 1381 1382
f 1348 1352 1383
f 1348 1383 1354
f 1350 1384 1352
f 1350 1352 1351
f 1350 1382 1385
f 1350 1385 1386
f 1350 1386 1387
f 1350 1387 1384
f 1352 1384 1387
f 1352 1387 1409
f 1352 1409 1388
f 1352 1388 1389
f 1352 1389 1383
f 1354 1383 1389
f 1354 1389 1390
f 1355 1390 1356
f 1356 1390 1391
f 1356 1391 1392
f 1356 1392 1357
f 1364 1371 1365
f 1365 1393 1394
f 1365 1394 1366
f 1365 1371 1370
f 1365 1370 1369
f 1365 1369 1393
f 1366 1394 1367
f 1367 1394 1395
f 1368 1396 1369
f 1369 1397 1418
f 1369 1418 1398
f 1369 1398 1399
f 1369 1399 1394
f 1369 1394 1393
f 1369 1396 1400
f 1369 1400 1401
f 1369 1401 1397
f 1377 1402 1403
f 1377 1403 1404
f 1377 1404 1405
f 1377 1405 1406
f 1377 1406 1379
f 1378 1407 1402
f 1379 1406 1385
f 1379 1385 1408
f 1379 1408 1380
f 1381 1408 1382
f 1382 1408 1385
f 1385 1406 1386
f 1386 1406 1409
f 1386 1409 1387
f 1388 1409 1389
f 1389 1410 1390
f 1389 1409 1411
f 1389 1411 1412
f 1389 1412 1413
f 1389 1413 1414
f 1389 1414 1415
f 1389 1415 1391
f 1389 1391 1410
f 1390 1410 1416
f 1390 1416 1391
f 1391 1416 1410
f 1394 1399 1417
f 1394 1417 1395
f 1397 1401 1424
f 1397 1424 1419
f 1397 1419 1420
f 1397 1420 1418
f 1398 1418 1421
f 1398 1421 1422
f 1398 1422 1417
f 1398 1417 1399
f 1400 1423 1401
f 1401 1423 1425
f 1401 1425 1426
f 1401 1426 1424
f 1402 1407 1418
f 1402 1418 1420
f 1402 1420 1403
f 1403 1420 1404
f 1404 1420 1405
f 1405 1420 1406
f 1406 1427 1409
f 1406 1420 1428
f 1406 1428 1429
f 1406 1429 1427
f 1407 1430 1418
f 1409 1427 1411
f 1411 1427 1424
f 1411 1424 1431
f 1411 1431 1413
f 1411 1413 1412
f 1417 1422 1421
f 1418 1430 1421
f 1419 1424 1429
f 1419 1429 1420
f 1420 1429 1428
f 1424 1426 1432
f 1424 1432 1431
f 1424 1427 1429
f 1433 1434 1437
f 1433 1437 1451
f 1433 1451 1449
f 1433 1449 1473
f 1433 1473 1503
f 1433 1503 1502
f 1433 1502 1470
f 1433 1470 1469
f 1433 1469 1468
f 1433 1468 1500
f 1433 1500 1537
f 1433 1537 1536
f 1433 1536 1535
f 1433 1535 1534
f 1433 1534 1533
f 1433 1533 1558
f 1433 1558 1577
f 1433 1577 1602
f 1433 1602 1633
f 1433 1633 1661
f 1433 1661 1687
f 1433 1687 1710
f 1433 1710 1713
f 1433 1713 1712
f 1433 1712 1720
f 1433 1720 1719
f 1433 1719 1718
f 1433 1718 1708
f 1433 1708 1716
f 1433 1716 1715
f 1433 1715 1714
f 1433 1714 1692
f 1433 1692 1691
f 1433 1691 1689
f 1433 1689 1662
f 1433 1662 1635
f 1433 1635 1604
f 1433 1604 1579
f 1433 1579 1560
f 1433 1560 1542
f 1433 1542 1512
f 1433 1512 1511
f 1433 1511 1510
f 1433 1510 1509
f 1433 1509 1481
f 1433 1481 1480
f 1433 1480 1479
f 1433 1479 1488
f 1433 1488 1461
f 1433 1461 1460
f 1433 1460 1459
f 1433 1459 1452
f 1433 1452 1438
f 1433 1438 1435
f 1433 1435 1439
f 1433 1439 1436
f 1433 1436 1434
f 1434 1436 1437
f 1435 1438 1439
f 1436 1439 1440
f 1436 1440 1441
f 1436 1441 1442
f 1436 1442 1443
f 1436 1443 1444
f 1436 1444 1445
f 1436 1445 1446
f 1436 1446 1447
f 1436 1447 1448
f 1436 1448 1449
f 1436 1449 1450
f 1436 1450 1437
f 1437 1450 1451
f 1438 1452 1439
f 1439 1453 1454
f 1439 1454 1455
f 1439 1455 1456
f 1439 1456 1457
f 1439 1457 1458
f 1439 1458 1441
f 1439 1441 1440
f 1439 1452 1459
f 1439 1459 1460
f 1439 1460 1461
f 1439 1461 1453
f 1441 1458 1442
f 1442 1458 1487
f 1442 1487 1462
f 1442 1462 1443
f 1443 1445 1444
f 1443 1462 1445
f 1445 1462 1446
f 1446 1462 1463
f 1446 1463 1464
f 1446 1464 1447
f 1447 1465 1466
f 1447 1466 1448
f 1447 1464 1465
f 1448 1466 1467
f 1448 1467 1468
f 1448 1468 1469
f 1448 1469 1470
f 1448 1470 1502
f 1448 1502 1471
f 1448 1471 1472
f 1448 1472 1473
f 1448 1473 1449
f 1449 1451 1450
f 1453 1474 1475
f 1453 1475 1476
f 1453 1476 1477
f 1453 1477 1454
f 1453 1461 1478
f 1453 1478 1488
f 1453 1488 1479
f 1453 1479 1480
f 1453 1480 1481
f 1453 1481 1482
f 1453 1482 1474
f 1454 1477 1483
f 1454 1483 1455
f 1455 1483 1484
f 1455 1484 1485
f 1455 1485 1456
f 1456 1485 1486
f 1456 1486 1487
f 1456 1487 1457
f 1457 1487 1458
f 1461 1488 1478
f 1462 1487 1489
f 1462 1489 1490
f 1462 1490 1491
f 1462 1491 1463
f 1463 1491 1490
f 1463 1490 1492
f 1463 1492 1493
f 1463 1493 1464
f 1464 1493 1494
f 1464 1494 1465
f 1465 1494 1495
f 1465 1495 1466
f 1466 1496 1467
f 1466 1495 1497
f 1466 1497 1498
f 1466 1498 1496
f 1467 1499 1500
f 1467 1500 1501
f 1467 1501 1468
f 1467 1496 1499
f 1468 1501 1500
f 1471 1502 1503
f 1471 1503 1472
f 1472 1503 1473
f 1474 1504 1475
f 1474 1482 1504
f 1475 1504 1505
f 1475 1505 1506
f 1475 1506 1507
f 1475 1507 1508
f 1475 1508 1483
f 1475 1483 1476
f 1476 1483 1477
f 1481 1509 1482
f 1482 1509 1510
f 1482 1510 1511
f 1482 1511 1512
f 1482 1512 1513
f 1482 1513 1514
f 1482 1514 1505
f 1482 1505 1504
f 1483 1515 1484
f 1483 1508 1516
f 1483 1516 1515
f 1484 1517 1518
f 1484 1518 1519
f 1484 1519 1489
f 1484 1489 1485
f 1484 1515 1517
f 1485 1489 1487
f 1485 1487 1486
f 1489 1519 1520
f 1489 1520 1521
f 1489 1521 1522
f 1489 1522 1490
f 1490 1522 1492
f 1492 1522 1523
f 1492 1523 1524
f 1492 1524 1525
f 1492 1525 1526
f 1492 1526 1527
f 1492 1527 1528
f 1492 1528 1493
f 1493 1528 1529
f 1493 1529 1498
f 1493 1498 1495
f 1493 1495 1494
f 1495 1498 1497
f 1496 1498 1530
f 1496 1530 1531
f 1496 1531 1499
f 1498 1529 1530
f 1499 1532 1533
f 1499 1533 1534
f 1499 1534 1535
f 1499 1535 1536
f 1499 1536 1537
f 1499 1537 1500
f 1499 1531 1532
f 1505 1538 1539
f 1505 1539 1540
f 1505 1540 1506
f 1505 1514 1538
f 1506 1540 1507
f 1507 1540 1539
f 1507 1539 1541
f 1507 1541 1516
f 1507 1516 1508
f 1512 1542 1513
f 1513 1542 1560
f 1513 1560 1543
f 1513 1543 1559
f 1513 1559 1538
f 1513 1538 1514
f 1515 1516 1517
f 1516 1541 1539
f 1516 1539 1544
f 1516 1544 1517
f 1517 1545 1550
f 1517 1550 1546
f 1517 1546 1523
f 1517 1523 1518
f 1517 1544 1563
f 1517 1563 1545
f 1518 1523 1521
f 1518 1521 1520
f 1518 1520 1519
f 1521 1523 1522
f 1523 1547 1548
f 1523 1548 1549
f 1523 1549 1524
f 1523 1546 1550
f 1523 1550 1551
f 1523 1551 1552
f 1523 1552 1547
f 1524 1549 1525
f 1525 1549 1553
f 1525 1553 1527
f 1525 1527 1526
f 1527 1554 1555
f 1527 1555 1529
f 1527 1529 1528
f 1527 1553 1554
f 1529 1555 1556
f 1529 1556 1530
f 1530 1556 1531
f 1531 1556 1532
f 1532 1557 1577
f 1532 1577 1558
f 1532 1558 1533
f 1532 1556 1575
f 1532 1575 1557
f 1538 1559 1563
f 1538 1563 1544
f 1538 1544 1539
f 1543 1560 1561
f 1543 1561 1562
f 1543 1562 1559
f 1545 1564 1551
f 1545 1551 1550
f 1545 1563 1564
f 1547 1565 1548
f 1547 1552 1566
f 1547 1566 1565
f 1548 1565 1567
f 1548 1567 1549
f 1549 1567 1568
f 1549 1568 1553
f 1551 1564 1569
f 1551 1569 1552
f 1552 1569 1566
f 1553 1568 1570
f 1553 1570 1571
f 1553 1571 1572
f 1553 1572 1573
f 1553 1573 1574
f 1553 1574 1554
f 1554 1574 1555
f 1555 1574 1575
f 1555 1575 1556
f 1557 1576 1577
f 1557 1575 1600
f 1557 1600 1576
f 1559 1578 1563
f 1559 1562 1578
f 1560 1579 1580
f 1560 1580 1561
f 1561 1580 1562
f 1562 1581 1582
f 1562 1582 1583
f 1562 1583 1584
f 1562 1584 1585
f 1562 1585 1578
f 1562 1580 1586
f 1562 1586 1581
f 1563 1578 1587
f 1563 1587 1564
f 1564 1587 1569
f 1565 1566 1588
f 1565 1588 1570
f 1565 1570 1567
f 1566 1569 1589
f 1566 1589 1588
f 1567 1570 1568
f 1569 1590 1591
f 1569 1591 1592
f 1569 1592 1593
f 1569 1593 1589
f 1569 1587 1583
f 1569 1583 1590
f 1570 1572 1571
f 1570 1588 1615
f 1570 1615 1594
f 1570 1594 1595
f 1570 1595 1596
f 1570 1596 1597
f 1570 1597 1572
f 1572 1597 1598
f 1572 1598 1573
f 1573 1598 1599
f 1573 1599 1574
f 1574 1599 1575
f 1575 1599 1629
f 1575 1629 1600
f 1576 1601 1602
f 1576 1602 1577
f 1576 1600 1603
f 1576 1603 1601
f 1578 1585 1587
f 1579 1604 1605
f 1579 1605 1580
f 1580 1605 1636
f 1580 1636 1606
f 1580 1606 1607
f 1580 1607 1586
f 1581 1608 1609
f 1581 1609 1583
f 1581 1583 1582
f 1581 1586 1608
f 1583 1609 1610
f 1583 1610 1611
f 1583 1611 1612
f 1583 1612 1590
f 1583 1587 1584
f 1584 1587 1585
f 1586 1607 1638
f 1586 1638 1613
f 1586 1613 1608
f 1588 1614 1615
f 1588 1589 1616
f 1588 1616 1614
f 1589 1593 1616
f 1590 1612 1617
f 1590 1617 1591
f 1591 1617 1592
f 1592 1616 1618
f 1592 1618 1593
f 1592 1617 1619
f 1592 1619 1616
f 1593 1618 1616
f 1594 1615 1620
f 1594 1620 1621
f 1594 1621 1595
f 1595 1621 1622
f 1595 1622 1596
f 1596 1622 1623
f 1596 1623 1624
f 1596 1624 1597
f 1597 1624 1625
f 1597 1625 1626
f 1597 1626 1627
f 1597 1627 1628
f 1597 1628 1598
f 1598 1628 1629
f 1598 1629 1599
f 1600 1629 1603
f 1601 1630 1631
f 1601 1631 1660
f 1601 1660 1632
f 1601 1632 1602
f 1601 1603 1630
f 1602 1632 1633
f 1603 1629 1634
f 1603 1634 1630
f 1604 1635 1605
f 1605 1635 1636
f 1606 1636 1637
f 1606 1637 1607
f 1607 1637 1664
f 1607 1664 1638
f 1608 1613 1639
f 1608 1639 1640
f 1608 1640 1610
f 1608 1610 1609
f 1610 1641 1642
f 1610 1642 1611
f 1610 1640 1667
f 1610 1667 1641
f 1611 1642 1612
f 1612 1642 1643
f 1612 1643 1617
f 1613 1638 1639
f 1614 1644 1650
f 1614 1650 1620
f 1614 1620 1615
f 1614 1616 1645
f 1614 1645 1644
f 1616 1619 1645
f 1617 1646 1619
f 1617 1643 1642
f 1617 1642 1647
f 1617 1647 1648
f 1617 1648 1646
f 1619 1646 1649
f 1619 1649 1645
f 1620 1650 1621
f 1621 1650 1622
f 1622 1650 1651
f 1622 1651 1623
f 1623 1651 1652
f 1623 1652 1624
f 1624 1652 1653
f 1624 1653 1626
f 1624 1626 1625
f 1626 1654 1627
f 1626 1653 1655
f 1626 1655 1652
f 1626 1652 1656
f 1626 1656 1657
f 1626 1657 1654
f 1627 1654 1634
f 1627 1634 1629
f 1627 1629 1628
f 1630 1658 1659
f 1630 1659 1631
f 1630 1634 1654
f 1630 1654 1658
f 1631 1659 1686
f 1631 1686 1660
f 1632 1660 1661
f 1632 1661 1633
f 1635 1662 1663
f 1635 1663 1636
f 1636 1663 1664
f 1636 1664 1637
f 1638 1664 1690
f 1638 1690 1665
f 1638 1665 1666
f 1638 1666 1640
f 1638 1640 1639
f 1640 1666 1665
f 1640 1665 1642
f 1640 1642 1667
f 1641 1667 1642
f 1642 1665 1647
f 1644 1668 1669
f 1644 1669 1670
f 1644 1670 1650
f 1644 1645 1673
f 1644 1673 1668
f 1645 1649 1671
f 1645 1671 1672
f 1645 1672 1673
f 1646 1648 1649
f 1647 1665 1674
f 1647 1674 1648
f 1648 1674 1675
f 1648 1675 1649
f 1649 1675 1676
f 1649 1676 1677
f 1649 1677 1671
f 1650 1670 1678
f 1650 1678 1679
f 1650 1679 1680
f 1650 1680 1651
f 1651 1680 1652
f 1652 1655 1653
f 1652 1680 1707
f 1652 1707 1681
f 1652 1681 1682
f 1652 1682 1656
f 1654 1657 1683
f 1654 1683 1684
f 1654 1684 1658
f 1656 1682 1683
f 1656 1683 1657
f 1658 1685 1659
f 1658 1684 1685
f 1659 1685 1688
f 1659 1688 1686
f 1660 1686 1661
f 1661 1686 1688
f 1661 1688 1687
f 1662 1689 1663
f 1663 1689 1664
f 1664 1689 1691
f 1664 1691 1692
f 1664 1692 1690
f 1665 1690 1714
f 1665 1714 1693
f 1665 1693 1694
f 1665 1694 1675
f 1665 1675 1674
f 1668 1673 1701
f 1668 1701 1695
f 1668 1695 1696
f 1668 1696 1669
f 1669 1696 1697
f 1669 1697 1698
f 1669 1698 1670
f 1670 1698 1699
f 1670 1699 1678
f 1671 1677 1703
f 1671 1703 1700
f 1671 1700 1672
f 1672 1700 1701
f 1672 1701 1673
f 1675 1694 1677
f 1675 1677 1676
f 1677 1694 1702
f 1677 1702 1703
f 1678 1704 1679
f 1678 1699 1705
f 1678 1705 1704
f 1679 1704 1680
f 1680 1704 1706
f 1680 1706 1707
f 1681 1707 1705
f 1681 1705 1708
f 1681 1708 1709
f 1681 1709 1688
f 1681 1688 1685
f 1681 1685 1682
f 1682 1685 1684
f 1682 1684 1683
f 1687 1688 1710
f 1688 1709 1711
f 1688 1711 1712
f 1688 1712 1713
f 1688 1713 1710
f 1690 1692 1714
f 1693 1714 1715
f 1693 1715 1694
f 1694 1715 1716
f 1694 1716 1708
f 1694 1708 1717
f 1694 1717 1697
f 1694 1697 1696
f 1694 1696 1695
f 1694 1695 1701
f 1694 1701 1700
f 1694 1700 1703
f 1694 1703 1702
f 1697 1717 1698
f 1698 1717 1708
f 1698 1708 1705
f 1698 1705 1699
f 1704 1705 1706
f 1705 1707 1706
f 1708 1718 1709
f 1709 1718 1719
f 1709 1719 1711
f 1711 1719 1720
f 1711 1720 1712
f 1721 1722 1725
f 1721 1725 1731
f 1721 1731 1739
f 1721 1739 1753
f 1721 1753 1754
f 1721 1754 1765
f 1721 1765 1769
f 1721 1769 1768
f 1721 1768 1774
f 1721 1774 1787
f 1721 1787 1802
f 1721 1802 1810
f 1721 1810 1809
f 1721 1809 1808
f 1721 1808 1827
f 1721 1827 1847
f 1721 1847 1848
f 1721 1848 1845
f 1721 1845 1865
f 1721 1865 1842
f 1721 1842 1864
f 1721 1864 1852
f 1721 1852 1851
f 1721 1851 1850
f 1721 1850 1849
f 1721 1849 1828
f 1721 1828 1811
f 1721 1811 1793
f 1721 1793 1781
f 1721 1781 1770
f 1721 1770 1762
f 1721 1762 1761
f 1721 1761 1760
f 1721 1760 1759
f 1721 1759 1758
f 1721 1758 1743
f 1721 1743 1742
f 1721 1742 1733
f 1721 1733 1727
f 1721 1727 1723
f 1721 1723 1724
f 1721 1724 1726
f 1721 1726 1722
f 1722 1726 1725
f 1723 1727 1728
f 1723 1728 1729
f 1723 1729 1724
f 1724 1729 1730
f 1724 1730 1737
f 1724 1737 1752
f 1724 1752 1750
f 1724 1750 1749
f 1724 1749 1764
f 1724 1764 1773
f 1724 1773 1786
f 1724 1786 1801
f 1724 1801 1818
f 1724 1818 1837
f 1724 1837 1858
f 1724 1858 1857
f 1724 1857 1860
f 1724 1860 1859
f 1724 1859 1839
f 1724 1839 1838
f 1724 1838 1819
f 1724 1819 1803
f 1724 1803 1788
f 1724 1788 1776
f 1724 1776 1766
f 1724 1766 1757
f 1724 1757 1756
f 1724 1756 1755
f 1724 1755 1741
f 1724 1741 1732
f 1724 1732 1726
f 1725 1726 1732
f 1725 1732 1731
f 1727 1733 1734
f 1727 1734 1729
f 1727 1729 1728
f 1729 1734 1735
f 1729 1735 1730
f 1730 1735 1736
f 1730 1736 1737
f 1731 1738 1739
f 1731 1732 1738
f 1732 1740 1738
f 1732 1741 1740
f 1733 1742 1734
f 1734 1742 1743
f 1734 1743 1744
f 1734 1744 1745
f 1734 1745 1735
f 1735 1746 1747
f 1735 1747 1748
f 1735 1748 1749
f 1735 1749 1750
f 1735 1750 1736
f 1735 1745 1751
f 1735 1751 1746
f 1736 1752 1737
f 1736 1750 1752
f 1738 1740 1739
f 1739 1740 1753
f 1740 1754 1753
f 1740 1741 1755
f 1740 1755 1756
f 1740 1756 1757
f 1740 1757 1754
f 1743 1758 1744
f 1744 1758 1759
f 1744 1759 1745
f 1745 1759 1760
f 1745 1760 1751
f 1746 1760 1747
f 1746 1751 1760
f 1747 1760 1761
f 1747 1761 1762
f 1747 1762 1763
f 1747 1763 1748
f 1748 1763 1749
f 1749 1763 1764
f 1754 1757 1765
f 1757 1766 1775
f 1757 1775 1767
f 1757 1767 1768
f 1757 1768 1769
f 1757 1769 1765
f 1762 1770 1763
f 1763 1770 1771
f 1763 1771 1772
f 1763 1772 1764
f 1764 1772 1783
f 1764 1783 1773
f 1766 1774 1775
f 1766 1776 1777
f 1766 1777 1778
f 1766 1778 1779
f 1766 1779 1780
f 1766 1780 1774
f 1767 1775 1774
f 1767 1774 1768
f 1770 1781 1794
f 1770 1794 1782
f 1770 1782 1771
f 1771 1782 1783
f 1771 1783 1772
f 1773 1783 1784
f 1773 1784 1785
f 1773 1785 1786
f 1774 1780 1787
f 1776 1788 1777
f 1777 1788 1789
f 1777 1789 1790
f 1777 1790 1791
f 1777 1791 1778
f 1778 1791 1792
f 1778 1792 1779
f 1779 1792 1780
f 1780 1792 1787
f 1781 1793 1794
f 1782 1794 1783
f 1783 1795 1785
f 1783 1785 1784
f 1783 1794 1793
f 1783 1793 1796
f 1783 1796 1797
f 1783 1797 1795
f 1785 1797 1798
f 1785 1798 1799
f 1785 1799 1800
f 1785 1800 1801
f 1785 1801 1786
f 1785 1795 1797
f 1787 1792 1802
f 1788 1803 1804
f 1788 1804 1805
f 1788 1805 1806
f 1788 1806 1807
f 1788 1807 1789
f 1789 1807 1808
f 1789 1808 1790
f 1790 1809 1791
f 1790 1808 1809
f 1791 1809 1810
f 1791 1810 1802
f 1791 1802 1792
f 1793 1811 1812
f 1793 1812 1796
f 1796 1812 1797
f 1797 1812 1798
f 1798 1812 1813
f 1798 1813 1814
f 1798 1814 1815
f 1798 1815 1816
f 1798 1816 1799
f 1799 1816 1800
f 1800 1817 1801
f 1800 1816 1817
f 1801 1817 1818
f 1803 1819 1820
f 1803 1820 1805
f 1803 1805 1804
f 1805 1820 1806
f 1806 1821 1822
f 1806 1822 1823
f 1806 1823 1824
f 1806 1824 1825
f 1806 1825 1826
f 1806 1826 1807
f 1806 1820 1821
f 1807 1826 1808
f 1808 1826 1827
f 1811 1828 1829
f 1811 1829 1812
f 1812 1829 1813
f 1813 1829 1828
f 1813 1828 1830
f 1813 1830 1831
f 1813 1831 1814
f 1814 1831 1815
f 1815 1831 1832
f 1815 1832 1833
f 1815 1833 1834
f 1815 1834 1816
f 1816 1834 1835
f 1816 1835 1817
f 1817 1836 1837
f 1817 1837 1818
f 1817 1835 1836
f 1819 1838 1820
f 1820 1838 1821
f 1821 1839 1840
f 1821 1840 1823
f 1821 1823 1822
f 1821 1838 1839
f 1823 1841 1842
f 1823 1842 1843
f 1823 1843 1844
f 1823 1844 1845
f 1823 1845 1846
f 1823 1846 1824
f 1823 1840 1841
f 1824 1846 1825
f 1825 1847 1826
f 1825 1846 1845
f 1825 1845 1848
f 1825 1848 1847
f 1826 1847 1827
f 1828 1849 1831
f 1828 1831 1830
f 1831 1850 1832
f 1831 1849 1850
f 1832 1850 1851
f 1832 1851 1852
f 1832 1852 1833
f 1833 1853 1834
f 1833 1852 1854
f 1833 1854 1855
f 1833 1855 1853
f 1834 1853 1856
f 1834 1856 1835
f 1835 1856 1857
f 1835 1857 1858
f 1835 1858 1836
f 1836 1858 1837
f 1839 1859 1840
f 1840 1853 1841
f 1840 1859 1860
f 1840 1860 1853
f 1841 1853 1861
f 1841 1861 1862
f 1841 1862 1863
f 1841 1863 1842
f 1842 1865 1843
f 1842 1863 1854
f 1842 1854 1864
f 1843 1865 1844
f 1844 1865 1845
f 1852 1864 1854
f 1853 1855 1861
f 1853 1860 1857
f 1853 1857 1856
f 1854 1863 1855
f 1855 1863 1862
f 1855 1862 1861
f 1866 1867 1868
f 1866 1868 1874
f 1866 1874 1884
f 1866 1884 1898
f 1866 1898 1917
f 1866 1917 1916
f 1866 1916 1938
f 1866 1938 1957
f 1866 1957 1973
f 1866 1973 1979
f 1866 1979 1978
f 1866 1978 1997
f 1866 1997 1996
f 1866 1996 2013
f 1866 2013 2016
f 1866 2016 2015
f 1866 2015 2001
f 1866 2001 2000
f 1866 2000 1998
f 1866 1998 1980
f 1866 1980 1961
f 1866 1961 1940
f 1866 1940 1921
f 1866 1921 1901
f 1866 1901 1899
f 1866 1899 1885
f 1866 1885 1877
f 1866 1877 1876
f 1866 1876 1875
f 1866 1875 1869
f 1866 1869 1870
f 1866 1870 1871
f 1866 1871 1867
f 1867 1871 1879
f 1867 1879 1872
f 1867 1872 1880
f 1867 1880 1873
f 1867 1873 1868
f 1868 1873 1874
f 1869 1875 1870
f 1870 1875 1876
f 1870 1876 1877
f 1870 1877 1878
f 1870 1878 1871
f 1871 1878 1886
f 1871 1886 1879
f 1872 1879 1881
f 1872 1881 1882
f 1872 1882 1880
f 1873 1880 1893
f 1873 1893 1883
f 1873 1883 1874
f 1874 1883 1884
f 1877 1885 1878
f 1878 1885 1887
f 1878 1887 1888
f 1878 1888 1900
f 1878 1900 1886
f 1879 1886 1889
f 1879 1889 1890
f 1879 1890 1891
f 1879 1891 1881
f 1880 1882 1881
f 1880 1881 1892
f 1880 1892 1893
f 1881 1891 1894
f 1881 1894 1895
f 1881 1895 1896
f 1881 1896 1893
f 1881 1893 1892
f 1883 1893 1897
f 1883 1897 1884
f 1884 1897 1898
f 1885 1899 1887
f 1886 1900 1889
f 1887 1899 1901
f 1887 1901 1921
f 1887 1921 1941
f 1887 1941 1943
f 1887 1943 1922
f 1887 1922 1902
f 1887 1902 1900
f 1887 1900 1888
f 1889 1900 1903
f 1889 1903 1904
f 1889 1904 1890
f 1890 1904 1891
f 1891 1904 1905
f 1891 1905 1906
f 1891 1906 1911
f 1891 1911 1894
f 1893 1896 1907
f 1893 1907 1908
f 1893 1908 1909
f 1893 1909 1910
f 1893 1910 1897
f 1894 1911 1912
f 1894 1912 1895
f 1895 1913 1907
f 1895 1907 1896
f 1895 1912 1914
f 1895 1914 1915
f 1895 1915 1913
f 1897 1916 1917
f 1897 1917 1898
f 1897 1910 1918
f 1897 1918 1919
f 1897 1919 1916
f 1900 1902 1920
f 1900 1920 1903
f 1902 1922 1920
f 1903 1920 1923
f 1903 1923 1904
f 1904 1923 1905
f 1905 1924 1906
f 1905 1923 1925
f 1905 1925 1926
f 1905 1926 1944
f 1905 1944 1924
f 1906 1924 1929
f 1906 1929 1911
f 1907 1913 1927
f 1907 1927 1908
f 1908 1927 1928
f 1908 1928 1910
f 1908 1910 1909
f 1910 1928 1950
f 1910 1950 1968
f 1910 1968 1971
f 1910 1971 1991
f 1910 1991 1972
f 1910 1972 1956
f 1910 1956 1937
f 1910 1937 1918
f 1911 1929 1914
f 1911 1914 1912
f 1913 1915 1927
f 1914 1930 1931
f 1914 1931 1915
f 1914 1929 1932
f 1914 1932 1930
f 1915 1933 1954
f 1915 1954 1934
f 1915 1934 1927
f 1915 1931 1935
f 1915 1935 1936
f 1915 1936 1955
f 1915 1955 1933
f 1916 1919 1918
f 1916 1918 1937
f 1916 1937 1938
f 1920 1922 1939
f 1920 1939 1923
f 1921 1940 1941
f 1922 1942 1939
f 1922 1943 1963
f 1922 1963 1942
f 1923 1939 1925
f 1924 1944 1945
f 1924 1945 1951
f 1924 1951 1929
f 1925 1939 1942
f 1925 1942 1946
f 1925 1946 1947
f 1925 1947 1926
f 1926 1947 1948
f 1926 1948 1944
f 1927 1934 1949
f 1927 1949 1928
f 1928 1949 1950
f 1929 1951 1952
f 1929 1952 1932
f 1930 1932 1935
f 1930 1935 1931
f 1932 1952 1948
f 1932 1948 1967
f 1932 1967 1988
f 1932 1988 1969
f 1932 1969 1953
f 1932 1953 1935
f 1933 1955 1954
f 1934 1954 1949
f 1935 1953 1955
f 1935 1955 1936
f 1937 1956 1938
f 1938 1956 1958
f 1938 1958 1959
f 1938 1959 1960
f 1938 1960 1957
f 1940 1961 1962
f 1940 1962 1941
f 1941 1962 1943
f 1942 1963 1946
f 1943 1962 1963
f 1944 1948 1945
f 1945 1948 1952
f 1945 1952 1951
f 1946 1963 1962
f 1946 1962 1964
f 1946 1964 1965
f 1946 1965 1966
f 1946 1966 1967
f 1946 1967 1948
f 1946 1948 1947
f 1949 1954 1950
f 1950 1954 1968
f 1953 1969 1970
f 1953 1970 1955
f 1954 1955 1968
f 1955 1970 1991
f 1955 1991 1971
f 1955 1971 1968
f 1956 1972 1958
f 1957 1960 1973
f 1958 1972 1959
f 1959 1972 1974
f 1959 1974 1975
f 1959 1975 1994
f 1959 1994 1976
f 1959 1976 1960
f 1960 1976 1977
f 1960 1977 1978
f 1960 1978 1979
f 1960 1979 1973
f 1961 1980 1981
f 1961 1981 1982
f 1961 1982 1962
f 1962 1982 1983
f 1962 1983 1965
f 1962 1965 1964
f 1965 1983 1984
f 1965 1984 1985
f 1965 1985 1986
f 1965 1986 1967
f 1965 1967 1966
f 1967 1986 1987
f 1967 1987 2006
f 1967 2006 1988
f 1969 1988 1989
f 1969 1989 1990
f 1969 1990 1970
f 1970 1990 1991
f 1972 1990 1974
f 1972 1991 1990
f 1974 1990 1992
f 1974 1992 1993
f 1974 1993 1975
f 1975 1993 1994
f 1976 1994 1977
f 1977 1994 1995
f 1977 1995 1996
f 1977 1996 1997
f 1977 1997 1978
f 1980 1998 1981
f 1981 1999 1984
f 1981 1984 1982
f 1981 1998 2000
f 1981 2000 2001
f 1981 2001 1999
f 1982 1984 1983
f 1984 1999 2002
f 1984 2002 2003
f 1984 2003 1985
f 1985 2003 2004
f 1985 2004 1986
f 1986 2004 2005
f 1986 2005 1987
f 1987 2005 2011
f 1987 2011 2006
f 1988 1990 1989
f 1988 2006 2007
f 1988 2007 1990
f 1990 2007 1992
f 1992 2007 2011
f 1992 2011 2008
f 1992 2008 1993
f 1993 2008 1994
f 1994 2009 2010
f 1994 2010 1995
f 1994 2008 2011
f 1994 2011 2005
f 1994 2005 2009
f 1995 2010 2012
f 1995 2012 2013
f 1995 2013 1996
f 1999 2014 2010
f 1999 2010 2002
f 1999 2001 2015
f 1999 2015 2014
f 2002 2010 2009
f 2002 2009 2005
f 2002 2005 2004
f 2002 2004 2003
f 2006 2011 2007
f 2010 2014 2015
f 2010 2015 2016
f 2010 2016 2013
f 2010 2013 2012
f 2017 2018 2022
f 2017 2022 2026
f 2017 2026 2033
f 2017 2033 2037
f 2017 2037 2046
f 2017 2046 2056
f 2017 2056 2062
f 2017 2062 2061
f 2017 2061 2067
f 2017 2067 2066
f 2017 2066 2083
f 2017 2083 2082
f 2017 2082 2081
f 2017 2081 2080
f 2017 2080 2095
f 2017 2095 2113
f 2017 2113 2129
f 2017 2129 2146
f 2017 2146 2160
f 2017 2160 2166
f 2017 2166 2155
f 2017 2155 2164
f 2017 2164 2163
f 2017 2163 2151
f 2017 2151 2134
f 2017 2134 2117
f 2017 2117 2103
f 2017 2103 2102
f 2017 2102 2101
f 2017 2101 2096
f 2017 2096 2084
f 2017 2084 2070
f 2017 2070 2069
f 2017 2069 2068
f 2017 2068 2059
f 2017 2059 2058
f 2017 2058 2057
f 2017 2057 2049
f 2017 2049 2048
f 2017 2048 2047
f 2017 2047 2038
f 2017 2038 2030
f 2017 2030 2024
f 2017 2024 2019
f 2017 2019 2020
f 2017 2020 2021
f 2017 2021 2023
f 2017 2023 2018
f 2018 2023 2022
f 2019 2024 2025
f 2019 2025 2020
f 2020 2025 2032
f 2020 2032 2040
f 2020 2040 2051
f 2020 2051 2050
f 2020 2050 2060
f 2020 2060 2075
f 2020 2075 2087
f 2020 2087 2099
f 2020 2099 2098
f 2020 2098 2097
f 2020 2097 2114
f 2020 2114 2130
f 2020 2130 2147
f 2020 2147 2150
f 2020 2150 2153
f 2020 2153 2137
f 2020 2137 2120
f 2020 2120 2106
f 2020 2106 2105
f 2020 2105 2089
f 2020 2089 2076
f 2020 2076 2063
f 2020 2063 2053
f 2020 2053 2042
f 2020 2042 2035
f 2020 2035 2027
f 2020 2027 2023
f 2020 2023 2021
f 2022 2023 2026
f 2023 2027 2028
f 2023 2028 2029
f 2023 2029 2026
f 2024 2030 2025
f 2025 2030 2031
f 2025 2031 2032
f 2026 2029 2033
f 2027 2034 2028
f 2027 2035 2036
f 2027 2036 2034
f 2028 2034 2029
f 2029 2037 2033
f 2029 2034 2037
f 2030 2038 2039
f 2030 2039 2031
f 2031 2039 2032
f 2032 2039 2040
f 2034 2036 2041
f 2034 2041 2037
f 2035 2042 2043
f 2035 2043 2036
f 2036 2043 2044
f 2036 2044 2041
f 2037 2045 2046
f 2037 2041 2045
f 2038 2047 2039
f 2039 2047 2048
f 2039 2048 2049
f 2039 2049 2050
f 2039 2050 2051
f 2039 2051 2040
f 2041 2052 2045
f 2041 2044 2052
f 2042 2053 2043
f 2043 2053 2054
f 2043 2054 2044
f 2044 2054 2055
f 2044 2055 2052
f 2045 2052 2062
f 2045 2062 2056
f 2045 2056 2046
f 2049 2057 2050
f 2050 2057 2058
f 2050 2058 2059
f 2050 2059 2068
f 2050 2068 2060
f 2052 2061 2062
f 2052 2055 2061
f 2053 2063 2064
f 2053 2064 2054
f 2054 2065 2055
f 2054 2064 2065
f 2055 2066 2067
f 2055 2067 2061
f 2055 2065 2083
f 2055 2083 2066
f 2060 2068 2069
f 2060 2069 2070
f 2060 2070 2071
f 2060 2071 2072
f 2060 2072 2073
f 2060 2073 2074
f 2060 2074 2075
f 2063 2076 2077
f 2063 2077 2064
f 2064 2077 2094
f 2064 2094 2078
f 2064 2078 2079
f 2064 2079 2080
f 2064 2080 2081
f 2064 2081 2065
f 2065 2081 2082
f 2065 2082 2083
f 2070 2084 2085
f 2070 2085 2071
f 2071 2085 2072
f 2072 2085 2074
f 2072 2074 2073
f 2074 2086 2087
f 2074 2087 2075
f 2074 2085 2088
f 2074 2088 2086
f 2076 2089 2077
f 2077 2089 2090
f 2077 2090 2091
f 2077 2091 2092
f 2077 2092 2093
f 2077 2093 2094
f 2078 2094 2112
f 2078 2112 2095
f 2078 2095 2080
f 2078 2080 2079
f 2084 2096 2085
f 2085 2096 2088
f 2086 2097 2098
f 2086 2098 2099
f 2086 2099 2087
f 2086 2088 2100
f 2086 2100 2097
f 2088 2096 2101
f 2088 2101 2102
f 2088 2102 2103
f 2088 2103 2104
f 2088 2104 2100
f 2089 2105 2091
f 2089 2091 2090
f 2091 2105 2106
f 2091 2106 2107
f 2091 2107 2108
f 2091 2108 2109
f 2091 2109 2110
f 2091 2110 2111
f 2091 2111 2093
f 2091 2093 2092
f 2093 2111 2094
f 2094 2111 2112
f 2095 2112 2113
f 2097 2100 2114
f 2100 2104 2115
f 2100 2115 2116
f 2100 2116 2114
f 2103 2117 2104
f 2104 2117 2118
f 2104 2118 2119
f 2104 2119 2115
f 2106 2120 2107
f 2107 2120 2121
f 2107 2121 2108
f 2108 2122 2123
f 2108 2123 2124
f 2108 2124 2125
f 2108 2125 2109
f 2108 2121 2122
f 2109 2125 2111
f 2109 2111 2110
f 2111 2125 2126
f 2111 2126 2127
f 2111 2127 2112
f 2112 2127 2113
f 2113 2127 2128
f 2113 2128 2129
f 2114 2116 2130
f 2115 2119 2131
f 2115 2131 2132
f 2115 2132 2116
f 2116 2132 2133
f 2116 2133 2130
f 2117 2134 2135
f 2117 2135 2118
f 2118 2135 2119
f 2119 2135 2152
f 2119 2152 2136
f 2119 2136 2131
f 2120 2137 2122
f 2120 2122 2121
f 2122 2138 2139
f 2122 2139 2140
f 2122 2140 2141
f 2122 2141 2142
f 2122 2142 2123
f 2122 2137 2143
f 2122 2143 2138
f 2123 2142 2124
f 2124 2142 2144
f 2124 2144 2126
f 2124 2126 2125
f 2126 2144 2127
f 2127 2144 2145
f 2127 2145 2128
f 2128 2145 2129
f 2129 2145 2146
f 2130 2133 2147
f 2131 2136 2133
f 2131 2133 2132
f 2133 2136 2148
f 2133 2148 2149
f 2133 2149 2140
f 2133 2140 2150
f 2133 2150 2147
f 2134 2151 2152
f 2134 2152 2135
f 2136 2152 2148
f 2137 2153 2143
f 2138 2140 2139
f 2138 2143 2153
f 2138 2153 2140
f 2140 2153 2150
f 2140 2149 2141
f 2141 2149 2154
f 2141 2154 2155
f 2141 2155 2156
f 2141 2156 2157
f 2141 2157 2142
f 2142 2158 2144
f 2142 2157 2158
f 2144 2158 2145
f 2145 2158 2159
f 2145 2159 2146
f 2146 2159 2160
f 2148 2152 2161
f 2148 2161 2154
f 2148 2154 2149
f 2151 2162 2152
f 2151 2163 2162
f 2152 2162 2164
f 2152 2164 2161
f 2154 2161 2165
f 2154 2165 2155
f 2155 2165 2164
f 2155 2166 2157
f 2155 2157 2156
f 2157 2166 2160
f 2157 2160 2158
f 2158 2160 2159
f 2161 2164 2165
f 2162 2163 2164
f 2167 2168 2169
f 2167 2169 2176
f 2167 2176 2185
f 2167 2185 2201
f 2167 2201 2221
f 2167 2221 2236
f 2167 2236 2258
f 2167 2258 2275
f 2167 2275 2295
f 2167 2295 2313
f 2167 2313 2321
f 2167 2321 2323
f 2167 2323 2315
f 2167 2315 2300
f 2167 2300 2299
f 2167 2299 2282
f 2167 2282 2281
f 2167 2281 2280
f 2167 2280 2261
f 2167 2261 2259
f 2167 2259 2237
f 2167 2237 2222
f 2167 2222 2202
f 2167 2202 2187
f 2167 2187 2186
f 2167 2186 2177
f 2167 2177 2170
f 2167 2170 2171
f 2167 2171 2168
f 2168 2171 2172
f 2168 2172 2180
f 2168 2180 2173
f 2168 2173 2183
f 2168 2183 2174
f 2168 2174 2169
f 2169 2174 2175
f 2169 2175 2176
f 2170 2177 2171
f 2171 2177 2178
f 2171 2178 2179
f 2171 2179 2172
f 2172 2179 2190
f 2172 2190 2180
f 2173 2180 2181
f 2173 2181 2182
f 2173 2182 2183
f 2174 2183 2198
f 2174 2198 2184
f 2174 2184 2175
f 2175 2184 2176
f 2176 2184 2185
f 2177 2186 2178
f 2178 2186 2179
f 2179 2186 2187
f 2179 2187 2188
f 2179 2188 2189
f 2179 2189 2204
f 2179 2204 2190
f 2180 2190 2191
f 2180 2191 2192
f 2180 2192 2181
f 2181 2192 2193
f 2181 2193 2194
f 2181 2194 2195
f 2181 2195 2182
f 2182 2195 2196
f 2182 2196 2197
f 2182 2197 2198
f 2182 2198 2183
f 2184 2198 2219
f 2184 2219 2199
f 2184 2199 2200
f 2184 2200 2185
f 2185 2200 2201
f 2187 2202 2188
f 2188 2202 2189
f 2189 2203 2223
f 2189 2223 2240
f 2189 2240 2264
f 2189 2264 2267
f 2189 2267 2245
f 2189 2245 2224
f 2189 2224 2204
f 2189 2202 2222
f 2189 2222 2203
f 2190 2205 2191
f 2190 2204 2206
f 2190 2206 2207
f 2190 2207 2205
f 2191 2205 2192
f 2192 2205 2207
f 2192 2207 2208
f 2192 2208 2193
f 2193 2195 2194
f 2193 2208 2209
f 2193 2209 2210
f 2193 2210 2195
f 2195 2210 2211
f 2195 2211 2212
f 2195 2212 2213
f 2195 2213 2196
f 2196 2213 2214
f 2196 2214 2197
f 2197 2214 2215
f 2197 2215 2216
f 2197 2216 2217
f 2197 2217 2218
f 2197 2218 2198
f 2198 2218 2219
f 2199 2219 2235
f 2199 2235 2220
f 2199 2220 2200
f 2200 2220 2221
f 2200 2221 2201
f 2203 2222 2223
f 2204 2224 2225
f 2204 2225 2226
f 2204 2226 2206
f 2206 2226 2207
f 2207 2226 2227
f 2207 2227 2228
f 2207 2228 2208
f 2208 2228 2209
f 2209 2229 2210
f 2209 2228 2229
f 2210 2229 2230
f 2210 2230 2211
f 2211 2230 2231
f 2211 2231 2247
f 2211 2247 2232
f 2211 2232 2212
f 2212 2232 2233
f 2212 2233 2213
f 2213 2233 2215
f 2213 2215 2214
f 2215 2233 2254
f 2215 2254 2234
f 2215 2234 2216
f 2216 2234 2217
f 2217 2235 2218
f 2217 2234 2255
f 2217 2255 2235
f 2218 2235 2219
f 2220 2235 2255
f 2220 2255 2272
f 2220 2272 2276
f 2220 2276 2258
f 2220 2258 2236
f 2220 2236 2221
f 2222 2237 2238
f 2222 2238 2239
f 2222 2239 2223
f 2223 2239 2240
f 2224 2241 2242
f 2224 2242 2243
f 2224 2243 2227
f 2224 2227 2244
f 2224 2244 2225
f 2224 2245 2265
f 2224 2265 2241
f 2225 2244 2227
f 2225 2227 2226
f 2227 2243 2242
f 2227 2242 2246
f 2227 2246 2228
f 2228 2246 2229
f 2229 2246 2230
f 2230 2246 2231
f 2231 2246 2248
f 2231 2248 2249
f 2231 2249 2250
f 2231 2250 2247
f 2232 2247 2251
f 2232 2251 2252
f 2232 2252 2233
f 2233 2252 2253
f 2233 2253 2254
f 2234 2254 2253
f 2234 2253 2256
f 2234 2256 2257
f 2234 2257 2255
f 2237 2259 2238
f 2238 2260 2240
f 2238 2240 2239
f 2238 2259 2261
f 2238 2261 2260
f 2240 2260 2262
f 2240 2262 2263
f 2240 2263 2264
f 2241 2265 2266
f 2241 2266 2242
f 2242 2266 2246
f 2245 2267 2268
f 2245 2268 2265
f 2246 2266 2248
f 2247 2250 2251
f 2248 2266 2268
f 2248 2268 2269
f 2248 2269 2249
f 2249 2269 2288
f 2249 2288 2304
f 2249 2304 2289
f 2249 2289 2270
f 2249 2270 2250
f 2250 2270 2252
f 2250 2252 2251
f 2252 2270 2253
f 2253 2270 2271
f 2253 2271 2256
f 2255 2257 2272
f 2256 2271 2273
f 2256 2273 2257
f 2257 2273 2274
f 2257 2274 2272
f 2258 2276 2275
f 2260 2277 2278
f 2260 2278 2279
f 2260 2279 2262
f 2260 2261 2280
f 2260 2280 2281
f 2260 2281 2282
f 2260 2282 2277
f 2262 2279 2263
f 2263 2279 2278
f 2263 2278 2283
f 2263 2283 2301
f 2263 2301 2284
f 2263 2284 2285
f 2263 2285 2286
f 2263 2286 2264
f 2264 2287 2268
f 2264 2268 2267
f 2264 2286 2287
f 2265 2268 2266
f 2268 2287 2288
f 2268 2288 2269
f 2270 2289 2271
f 2271 2289 2273
f 2272 2274 2276
f 2273 2289 2290
f 2273 2290 2291
f 2273 2291 2292
f 2273 2292 2293
f 2273 2293 2274
f 2274 2293 2294
f 2274 2294 2276
f 2275 2276 2294
f 2275 2294 2295
f 2277 2296 2297
f 2277 2297 2298
f 2277 2298 2278
f 2277 2282 2299
f 2277 2299 2300
f 2277 2300 2296
f 2278 2298 2316
f 2278 2316 2301
f 2278 2301 2283
f 2284 2301 2285
f 2285 2302 2303
f 2285 2303 2286
f 2285 2301 2302
f 2286 2303 2287
f 2287 2303 2288
f 2288 2303 2304
f 2289 2305 2290
f 2289 2304 2318
f 2289 2318 2306
f 2289 2306 2305
f 2290 2305 2291
f 2291 2307 2298
f 2291 2298 2308
f 2291 2308 2309
f 2291 2309 2292
f 2291 2305 2307
f 2292 2310 2293
f 2292 2309 2310
f 2293 2310 2311
f 2293 2311 2312
f 2293 2312 2295
f 2293 2295 2294
f 2295 2312 2313
f 2296 2300 2315
f 2296 2315 2297
f 2297 2314 2298
f 2297 2315 2314
f 2298 2314 2317
f 2298 2317 2319
f 2298 2319 2308
f 2298 2307 2316
f 2301 2316 2306
f 2301 2306 2318
f 2301 2318 2302
f 2302 2304 2303
f 2302 2318 2304
f 2305 2306 2316
f 2305 2316 2307
f 2308 2319 2309
f 2309 2319 2312
f 2309 2312 2311
f 2309 2311 2310
f 2312 2319 2320
f 2312 2320 2313
f 2313 2320 2321
f 2314 2322 2320
f 2314 2320 2319
f 2314 2319 2317
f 2314 2315 2322
f 2315 2323 2322
f 2320 2322 2321
f 2321 2322 2323
f 2324 2325 2331
f 2324 2331 2326
f 2324 2326 2334
f 2324 2334 2348
f 2324 2348 2361
f 2324 2361 2378
f 2324 2378 2391
f 2324 2391 2406
f 2324 2406 2419
f 2324 2419 2430
f 2324 2430 2438
f 2324 2438 2444
f 2324 2444 2449
f 2324 2449 2458
f 2324 2458 2463
f 2324 2463 2462
f 2324 2462 2460
f 2324 2460 2470
f 2324 2470 2475
f 2324 2475 2474
f 2324 2474 2472
f 2324 2472 2471
f 2324 2471 2464
f 2324 2464 2456
f 2324 2456 2448
f 2324 2448 2441
f 2324 2441 2434
f 2324 2434 2427
f 2324 2427 2426
f 2324 2426 2423
f 2324 2423 2415
f 2324 2415 2414
f 2324 2414 2413
f 2324 2413 2401
f 2324 2401 2387
f 2324 2387 2373
f 2324 2373 2372
f 2324 2372 2358
f 2324 2358 2357
f 2324 2357 2355
f 2324 2355 2343
f 2324 2343 2332
f 2324 2332 2327
f 2324 2327 2325
f 2325 2328 2329
f 2325 2329 2330
f 2325 2330 2331
f 2325 2327 2332
f 2325 2332 2333
f 2325 2333 2328
f 2326 2331 2342
f 2326 2342 2334
f 2328 2333 2329
f 2329 2335 2330
f 2329 2333 2336
f 2329 2336 2337
f 2329 2337 2338
f 2329 2338 2349
f 2329 2349 2335
f 2330 2335 2331
f 2331 2335 2339
f 2331 2339 2340
f 2331 2340 2341
f 2331 2341 2342
f 2332 2343 2344
f 2332 2344 2333
f 2333 2345 2336
f 2333 2344 2346
f 2333 2346 2347
f 2333 2347 2356
f 2333 2356 2345
f 2334 2342 2354
f 2334 2354 2348
f 2335 2349 2339
f 2336 2345 2350
f 2336 2350 2351
f 2336 2351 2337
f 2337 2351 2365
f 2337 2365 2364
f 2337 2364 2363
f 2337 2363 2360
f 2337 2360 2377
f 2337 2377 2390
f 2337 2390 2405
f 2337 2405 2418
f 2337 2418 2428
f 2337 2428 2435
f 2337 2435 2440
f 2337 2440 2447
f 2337 2447 2455
f 2337 2455 2454
f 2337 2454 2457
f 2337 2457 2466
f 2337 2466 2473
f 2337 2473 2467
f 2337 2467 2459
f 2337 2459 2452
f 2337 2452 2445
f 2337 2445 2439
f 2337 2439 2433
f 2337 2433 2422
f 2337 2422 2408
f 2337 2408 2396
f 2337 2396 2395
f 2337 2395 2385
f 2337 2385 2379
f 2337 2379 2362
f 2337 2362 2349
f 2337 2349 2338
f 2339 2352 2353
f 2339 2353 2341
f 2339 2341 2340
f 2339 2349 2352
f 2341 2353 2342
f 2342 2353 2354
f 2343 2355 2344
f 2344 2355 2346
f 2345 2356 2350
f 2346 2355 2347
f 2347 2355 2357
f 2347 2357 2358
f 2347 2358 2359
f 2347 2359 2360
f 2347 2360 2356
f 2348 2354 2369
f 2348 2369 2361
f 2349 2362 2352
f 2350 2356 2363
f 2350 2363 2364
f 2350 2364 2365
f 2350 2365 2351
f 2352 2366 2353
f 2352 2362 2366
f 2353 2366 2367
f 2353 2367 2354
f 2354 2368 2369
f 2354 2367 2370
f 2354 2370 2371
f 2354 2371 2368
f 2356 2360 2363
f 2358 2372 2359
f 2359 2372 2373
f 2359 2373 2374
f 2359 2374 2360
f 2360 2374 2375
f 2360 2375 2376
f 2360 2376 2377
f 2361 2369 2378
f 2362 2379 2366
f 2366 2379 2380
f 2366 2380 2367
f 2367 2380 2379
f 2367 2379 2370
f 2368 2371 2386
f 2368 2386 2381
f 2368 2381 2369
f 2369 2381 2382
f 2369 2382 2378
f 2370 2383 2384
f 2370 2384 2371
f 2370 2379 2385
f 2370 2385 2383
f 2371 2384 2386
f 2373 2387 2374
f 2374 2387 2401
f 2374 2401 2388
f 2374 2388 2376
f 2374 2376 2375
f 2376 2388 2389
f 2376 2389 2377
f 2377 2389 2390
f 2378 2382 2391
f 2381 2386 2382
f 2382 2386 2392
f 2382 2392 2393
f 2382 2393 2406
f 2382 2406 2391
f 2383 2385 2394
f 2383 2394 2395
f 2383 2395 2396
f 2383 2396 2384
f 2384 2396 2397
f 2384 2397 2386
f 2385 2395 2394
f 2386 2397 2398
f 2386 2398 2411
f 2386 2411 2399
f 2386 2399 2400
f 2386 2400 2393
f 2386 2393 2392
f 2388 2401 2402
f 2388 2402 2389
f 2389 2402 2403
f 2389 2403 2390
f 2390 2403 2404
f 2390 2404 2405
f 2393 2407 2421
f 2393 2421 2432
f 2393 2432 2429
f 2393 2429 2419
f 2393 2419 2406
f 2393 2400 2407
f 2396 2398 2397
f 2396 2408 2409
f 2396 2409 2410
f 2396 2410 2411
f 2396 2411 2398
f 2399 2412 2400
f 2399 2411 2412
f 2400 2412 2407
f 2401 2413 2402
f 2402 2413 2414
f 2402 2414 2404
f 2402 2404 2403
f 2404 2414 2415
f 2404 2415 2423
f 2404 2423 2416
f 2404 2416 2424
f 2404 2424 2417
f 2404 2417 2405
f 2405 2417 2424
f 2405 2424 2418
f 2407 2412 2420
f 2407 2420 2431
f 2407 2431 2421
f 2408 2422 2431
f 2408 2431 2420
f 2408 2420 2409
f 2409 2420 2411
f 2409 2411 2410
f 2411 2420 2412
f 2416 2423 2418
f 2416 2418 2424
f 2418 2423 2425
f 2418 2425 2426
f 2418 2426 2427
f 2418 2427 2428
f 2419 2429 2430
f 2421 2431 2432
f 2422 2433 2431
f 2423 2426 2425
f 2427 2434 2435
f 2427 2435 2428
f 2429 2436 2437
f 2429 2437 2430
f 2429 2432 2436
f 2430 2437 2438
f 2431 2437 2436
f 2431 2436 2432
f 2431 2433 2437
f 2433 2439 2437
f 2434 2440 2435
f 2434 2441 2440
f 2437 2439 2442
f 2437 2442 2443
f 2437 2443 2438
f 2438 2443 2444
f 2439 2445 2443
f 2439 2443 2442
f 2440 2441 2446
f 2440 2446 2447
f 2441 2448 2446
f 2443 2449 2444
f 2443 2445 2450
f 2443 2450 2451
f 2443 2451 2458
f 2443 2458 2449
f 2445 2452 2453
f 2445 2453 2450
f 2446 2448 2454
f 2446 2454 2455
f 2446 2455 2447
f 2448 2456 2457
f 2448 2457 2454
f 2450 2453 2451
f 2451 2453 2463
f 2451 2463 2458
f 2452 2459 2460
f 2452 2460 2461
f 2452 2461 2453
f 2453 2461 2462
f 2453 2462 2463
f 2456 2464 2457
f 2457 2464 2465
f 2457 2465 2466
f 2459 2467 2468
f 2459 2468 2469
f 2459 2469 2470
f 2459 2470 2460
f 2460 2462 2461
f 2464 2471 2465
f 2465 2471 2472
f 2465 2472 2473
f 2465 2473 2466
f 2467 2473 2468
f 2468 2473 2474
f 2468 2474 2475
f 2468 2475 2469
f 2469 2475 2470
f 2472 2474 2473
f 2476 2477 2478
f 2476 2478 2479
f 2476 2479 2480
f 2476 2480 2489
f 2476 2489 2481
f 2476 2481 2477
f 2477 2482 2483
f 2477 2483 2478
f 2477 2481 2484
f 2477 2484 2482
f 2478 2483 2485
f 2478 2485 2479
f 2479 2485 2486
f 2479 2486 2487
f 2479 2487 2480
f 2480 2487 2488
f 2480 2488 2505
f 2480 2505 2489
f 2481 2489 2490
f 2481 2490 2491
f 2481 2491 2499
f 2481 2499 2484
f 2482 2492 2493
f 2482 2493 2494
f 2482 2494 2495
f 2482 2495 2483
f 2482 2484 2492
f 2483 2496 2497
f 2483 2497 2485
f 2483 2495 2498
f 2483 2498 2496
f 2484 2499 2500
f 2484 2500 2493
f 2484 2493 2501
f 2484 2501 2492
f 2485 2497 2502
f 2485 2502 2486
f 2486 2503 2487
f 2486 2502 2503
f 2487 2503 2504
f 2487 2504 2488
f 2488 2504 2528
f 2488 2528 2527
f 2488 2527 2526
f 2488 2526 2555
f 2488 2555 2586
f 2488 2586 2553
f 2488 2553 2552
f 2488 2552 2551
f 2488 2551 2585
f 2488 2585 2584
f 2488 2584 2608
f 2488 2608 2607
f 2488 2607 2624
f 2488 2624 2639
f 2488 2639 2647
f 2488 2647 2649
f 2488 2649 2653
f 2488 2653 2652
f 2488 2652 2651
f 2488 2651 2648
f 2488 2648 2641
f 2488 2641 2640
f 2488 2640 2625
f 2488 2625 2609
f 2488 2609 2587
f 2488 2587 2557
f 2488 2557 2530
f 2488 2530 2508
f 2488 2508 2506
f 2488 2506 2505
f 2489 2505 2490
f 2490 2505 2506
f 2490 2506 2491
f 2491 2507 2499
f 2491 2506 2508
f 2491 2508 2509
f 2491 2509 2507
f 2492 2501 2493
f 2493 2500 2510
f 2493 2510 2511
f 2493 2511 2494
f 2494 2511 2512
f 2494 2512 2513
f 2494 2513 2495
f 2495 2514 2498
f 2495 2513 2512
f 2495 2512 2539
f 2495 2539 2571
f 2495 2571 2599
f 2495 2599 2621
f 2495 2621 2600
f 2495 2600 2572
f 2495 2572 2540
f 2495 2540 2515
f 2495 2515 2514
f 2496 2498 2514
f 2496 2514 2515
f 2496 2515 2497
f 2497 2516 2517
f 2497 2517 2502
f 2497 2515 2516
f 2499 2507 2510
f 2499 2510 2500
f 2502 2517 2518
f 2502 2518 2519
f 2502 2519 2520
f 2502 2520 2521
f 2502 2521 2522
f 2502 2522 2523
f 2502 2523 2524
f 2502 2524 2525
f 2502 2525 2503
f 2503 2525 2524
f 2503 2524 2526
f 2503 2526 2527
f 2503 2527 2528
f 2503 2528 2504
f 2507 2509 2529
f 2507 2529 2510
f 2508 2530 2509
f 2509 2530 2531
f 2509 2531 2532
f 2509 2532 2533
f 2509 2533 2534
f 2509 2534 2529
f 2510 2529 2534
f 2510 2534 2535
f 2510 2535 2511
f 2511 2535 2536
f 2511 2536 2512
f 2512 2536 2537
f 2512 2537 2538
f 2512 2538 2539
f 2515 2540 2541
f 2515 2541 2516
f 2516 2541 2518
f 2516 2518 2517
f 2518 2541 2519
f 2519 2541 2542
f 2519 2542 2543
f 2519 2543 2521
f 2519 2521 2520
f 2521 2543 2522
f 2522 2544 2545
f 2522 2545 2523
f 2522 2543 2546
f 2522 2546 2547
f 2522 2547 2548
f 2522 2548 2549
f 2522 2549 2550
f 2522 2550 2551
f 2522 2551 2552
f 2522 2552 2553
f 2522 2553 2544
f 2523 2545 2554
f 2523 2554 2524
f 2524 2554 2555
f 2524 2555 2526
f 2530 2556 2531
f 2530 2557 2556
f 2531 2556 2532
f 2532 2556 2558
f 2532 2558 2559
f 2532 2559 2533
f 2533 2559 2558
f 2533 2558 2589
f 2533 2589 2560
f 2533 2560 2561
f 2533 2561 2534
f 2534 2561 2560
f 2534 2560 2562
f 2534 2562 2563
f 2534 2563 2564
f 2534 2564 2535
f 2535 2564 2536
f 2536 2564 2565
f 2536 2565 2537
f 2537 2565 2538
f 2538 2565 2566
f 2538 2566 2567
f 2538 2567 2568
f 2538 2568 2569
f 2538 2569 2570
f 2538 2570 2539
f 2539 2570 2571
f 2540 2572 2573
f 2540 2573 2541
f 2541 2573 2542
f 2542 2574 2543
f 2542 2573 2574
f 2543 2574 2573
f 2543 2573 2575
f 2543 2575 2546
f 2544 2553 2545
f 2545 2553 2554
f 2546 2576 2547
f 2546 2575 2573
f 2546 2573 2577
f 2546 2577 2578
f 2546 2578 2579
f 2546 2579 2576
f 2547 2580 2548
f 2547 2576 2603
f 2547 2603 2581
f 2547 2581 2580
f 2548 2580 2549
f 2549 2580 2581
f 2549 2581 2582
f 2549 2582 2550
f 2550 2582 2583
f 2550 2583 2584
f 2550 2584 2585
f 2550 2585 2551
f 2553 2586 2554
f 2554 2586 2555
f 2556 2557 2587
f 2556 2587 2558
f 2558 2587 2588
f 2558 2588 2589
f 2560 2589 2591
f 2560 2591 2562
f 2562 2590 2564
f 2562 2564 2563
f 2562 2591 2612
f 2562 2612 2590
f 2564 2592 2566
f 2564 2566 2565
f 2564 2590 2592
f 2566 2592 2567
f 2567 2592 2593
f 2567 2593 2594
f 2567 2594 2568
f 2568 2594 2569
f 2569 2594 2595
f 2569 2595 2596
f 2569 2596 2597
f 2569 2597 2598
f 2569 2598 2570
f 2570 2598 2599
f 2570 2599 2571
f 2572 2600 2573
f 2573 2600 2601
f 2573 2601 2577
f 2576 2579 2602
f 2576 2602 2603
f 2577 2601 2604
f 2577 2604 2578
f 2578 2604 2579
f 2579 2604 2619
f 2579 2619 2622
f 2579 2622 2605
f 2579 2605 2606
f 2579 2606 2603
f 2579 2603 2602
f 2581 2603 2583
f 2581 2583 2582
f 2583 2603 2606
f 2583 2606 2607
f 2583 2607 2608
f 2583 2608 2584
f 2587 2609 2588
f 2588 2609 2610
f 2588 2610 2589
f 2589 2610 2611
f 2589 2611 2591
f 2590 2612 2613
f 2590 2613 2592
f 2591 2611 2612
f 2592 2614 2595
f 2592 2595 2593
f 2592 2613 2615
f 2592 2615 2614
f 2593 2595 2594
f 2595 2614 2596
f 2596 2614 2615
f 2596 2615 2616
f 2596 2616 2617
f 2596 2617 2618
f 2596 2618 2597
f 2597 2618 2619
f 2597 2619 2604
f 2597 2604 2620
f 2597 2620 2598
f 2598 2620 2621
f 2598 2621 2599
f 2600 2621 2620
f 2600 2620 2601
f 2601 2620 2604
f 2605 2622 2623
f 2605 2623 2606
f 2606 2623 2624
f 2606 2624 2607
f 2609 2625 2626
f 2609 2626 2627
f 2609 2627 2610
f 2610 2627 2611
f 2611 2628 2629
f 2611 2629 2612
f 2611 2627 2626
f 2611 2626 2628
f 2612 2629 2630
f 2612 2630 2613
f 2613 2630 2631
f 2613 2631 2632
f 2613 2632 2615
f 2615 2632 2633
f 2615 2633 2616
f 2616 2633 2634
f 2616 2634 2617
f 2617 2634 2635
f 2617 2635 2637
f 2617 2637 2636
f 2617 2636 2622
f 2617 2622 2618
f 2618 2622 2619
f 2622 2636 2637
f 2622 2637 2638
f 2622 2638 2624
f 2622 2624 2623
f 2624 2638 2639
f 2625 2640 2626
f 2626 2640 2641
f 2626 2641 2642
f 2626 2642 2631
f 2626 2631 2643
f 2626 2643 2628
f 2628 2643 2630
f 2628 2630 2629
f 2630 2643 2631
f 2631 2642 2641
f 2631 2641 2644
f 2631 2644 2645
f 2631 2645 2632
f 2632 2645 2634
f 2632 2634 2633
f 2634 2645 2635
f 2635 2645 2646
f 2635 2646 2637
f 2637 2646 2639
f 2637 2639 2638
f 2639 2646 2647
f 2641 2648 2645
f 2641 2645 2644
f 2645 2649 2647
f 2645 2647 2646
f 2645 2648 2650
f 2645 2650 2651
f 2645 2651 2652
f 2645 2652 2653
f 2645 2653 2649
f 2648 2651 2650
f 2654 2655 2656
f 2654 2656 2661
f 2654 2661 2669
f 2654 2669 2685
f 2654 2685 2699
f 2654 2699 2711
f 2654 2711 2728
f 2654 2728 2730
f 2654 2730 2740
f 2654 2740 2750
f 2654 2750 2759
f 2654 2759 2769
f 2654 2769 2773
f 2654 2773 2779
f 2654 2779 2785
f 2654 2785 2784
f 2654 2784 2794
f 2654 2794 2793
f 2654 2793 2801
f 2654 2801 2809
f 2654 2809 2810
f 2654 2810 2804
f 2654 2804 2803
f 2654 2803 2797
f 2654 2797 2790
f 2654 2790 2799
f 2654 2799 2798
f 2654 2798 2795
f 2654 2795 2786
f 2654 2786 2777
f 2654 2777 2768
f 2654 2768 2757
f 2654 2757 2748
f 2654 2748 2739
f 2654 2739 2727
f 2654 2727 2707
f 2654 2707 2692
f 2654 2692 2675
f 2654 2675 2664
f 2654 2664 2657
f 2654 2657 2655
f 2655 2658 2659
f 2655 2659 2660
f 2655 2660 2661
f 2655 2661 2656
f 2655 2657 2662
f 2655 2662 2663
f 2655 2663 2658
f 2657 2664 2662
f 2658 2665 2659
f 2658 2663 2666
f 2658 2666 2667
f 2658 2667 2665
f 2659 2665 2660
f 2660 2665 2668
f 2660 2668 2661
f 2661 2668 2670
f 2661 2670 2671
f 2661 2671 2672
f 2661 2672 2669
f 2662 2664 2675
f 2662 2675 2673
f 2662 2673 2674
f 2662 2674 2663
f 2663 2674 2678
f 2663 2678 2666
f 2665 2667 2676
f 2665 2676 2677
f 2665 2677 2683
f 2665 2683 2668
f 2666 2678 2679
f 2666 2679 2667
f 2667 2679 2680
f 2667 2680 2681
f 2667 2681 2676
f 2668 2682 2671
f 2668 2671 2670
f 2668 2683 2682
f 2669 2672 2684
f 2669 2684 2685
f 2671 2682 2696
f 2671 2696 2686
f 2671 2686 2687
f 2671 2687 2688
f 2671 2688 2684
f 2671 2684 2672
f 2673 2689 2690
f 2673 2690 2678
f 2673 2678 2674
f 2673 2675 2692
f 2673 2692 2691
f 2673 2691 2689
f 2676 2693 2695
f 2676 2695 2709
f 2676 2709 2708
f 2676 2708 2725
f 2676 2725 2724
f 2676 2724 2723
f 2676 2723 2737
f 2676 2737 2745
f 2676 2745 2744
f 2676 2744 2755
f 2676 2755 2767
f 2676 2767 2776
f 2676 2776 2775
f 2676 2775 2788
f 2676 2788 2796
f 2676 2796 2805
f 2676 2805 2806
f 2676 2806 2800
f 2676 2800 2792
f 2676 2792 2791
f 2676 2791 2782
f 2676 2782 2781
f 2676 2781 2780
f 2676 2780 2778
f 2676 2778 2770
f 2676 2770 2760
f 2676 2760 2751
f 2676 2751 2741
f 2676 2741 2732
f 2676 2732 2731
f 2676 2731 2714
f 2676 2714 2702
f 2676 2702 2701
f 2676 2701 2710
f 2676 2710 2698
f 2676 2698 2697
f 2676 2697 2683
f 2676 2683 2677
f 2676 2681 2680
f 2676 2680 2693
f 2678 2690 2705
f 2678 2705 2694
f 2678 2694 2679
f 2679 2694 2695
f 2679 2695 2693
f 2679 2693 2680
f 2682 2683 2697
f 2682 2697 2698
f 2682 2698 2696
f 2684 2699 2685
f 2684 2688 2699
f 2686 2700 2688
f 2686 2688 2687
f 2686 2696 2701
f 2686 2701 2700
f 2688 2700 2702
f 2688 2702 2699
f 2689 2691 2703
f 2689 2703 2704
f 2689 2704 2705
f 2689 2705 2690
f 2691 2692 2707
f 2691 2707 2706
f 2691 2706 2703
f 2694 2705 2708
f 2694 2708 2709
f 2694 2709 2695
f 2696 2698 2710
f 2696 2710 2701
f 2699 2702 2712
f 2699 2712 2711
f 2700 2701 2702
f 2702 2713 2712
f 2702 2714 2715
f 2702 2715 2713
f 2703 2706 2716
f 2703 2716 2717
f 2703 2717 2704
f 2704 2717 2718
f 2704 2718 2705
f 2705 2718 2719
f 2705 2719 2720
f 2705 2720 2721
f 2705 2721 2722
f 2705 2722 2723
f 2705 2723 2724
f 2705 2724 2725
f 2705 2725 2708
f 2706 2707 2727
f 2706 2727 2726
f 2706 2726 2716
f 2711 2712 2728
f 2712 2713 2715
f 2712 2715 2729
f 2712 2729 2730
f 2712 2730 2728
f 2714 2731 2715
f 2715 2731 2732
f 2715 2732 2733
f 2715 2733 2730
f 2715 2730 2729
f 2716 2726 2734
f 2716 2734 2719
f 2716 2719 2717
f 2717 2719 2718
f 2719 2734 2735
f 2719 2735 2721
f 2719 2721 2720
f 2721 2735 2736
f 2721 2736 2722
f 2722 2736 2723
f 2723 2736 2737
f 2726 2727 2739
f 2726 2739 2749
f 2726 2749 2758
f 2726 2758 2756
f 2726 2756 2747
f 2726 2747 2738
f 2726 2738 2734
f 2730 2733 2740
f 2732 2741 2742
f 2732 2742 2733
f 2733 2742 2743
f 2733 2743 2740
f 2734 2738 2735
f 2735 2738 2744
f 2735 2744 2745
f 2735 2745 2746
f 2735 2746 2736
f 2736 2746 2737
f 2737 2746 2745
f 2738 2747 2755
f 2738 2755 2744
f 2739 2748 2749
f 2740 2743 2750
f 2741 2751 2762
f 2741 2762 2752
f 2741 2752 2742
f 2742 2752 2743
f 2743 2752 2753
f 2743 2753 2754
f 2743 2754 2759
f 2743 2759 2750
f 2747 2756 2755
f 2748 2757 2758
f 2748 2758 2749
f 2751 2760 2761
f 2751 2761 2762
f 2752 2762 2753
f 2753 2762 2754
f 2754 2762 2759
f 2755 2758 2763
f 2755 2763 2764
f 2755 2764 2765
f 2755 2765 2766
f 2755 2766 2767
f 2755 2756 2758
f 2757 2765 2764
f 2757 2764 2763
f 2757 2763 2758
f 2757 2768 2765
f 2759 2762 2761
f 2759 2761 2769
f 2760 2770 2761
f 2761 2770 2771
f 2761 2771 2772
f 2761 2772 2773
f 2761 2773 2769
f 2765 2768 2774
f 2765 2774 2766
f 2766 2774 2775
f 2766 2775 2776
f 2766 2776 2767
f 2768 2777 2774
f 2770 2778 2772
f 2770 2772 2771
f 2772 2779 2773
f 2772 2778 2780
f 2772 2780 2781
f 2772 2781 2782
f 2772 2782 2783
f 2772 2783 2784
f 2772 2784 2785
f 2772 2785 2779
f 2774 2777 2786
f 2774 2786 2787
f 2774 2787 2775
f 2775 2787 2789
f 2775 2789 2790
f 2775 2790 2788
f 2782 2791 2783
f 2783 2791 2792
f 2783 2792 2793
f 2783 2793 2794
f 2783 2794 2784
f 2786 2795 2789
f 2786 2789 2787
f 2788 2790 2797
f 2788 2797 2796
f 2789 2795 2798
f 2789 2798 2799
f 2789 2799 2790
f 2792 2800 2801
f 2792 2801 2802
f 2792 2802 2793
f 2793 2802 2801
f 2796 2797 2803
f 2796 2803 2804
f 2796 2804 2805
f 2800 2806 2807
f 2800 2807 2808
f 2800 2808 2801
f 2801 2808 2809
f 2804 2810 2805
f 2805 2810 2807
f 2805 2807 2806
f 2807 2810 2809
f 2807 2809 2808
f 2811 2812 2813
f 2811 2813 2814
f 2811 2814 2815
f 2811 2815 2827
f 2811 2827 2816
f 2811 2816 2828
f 2811 2828 2817
f 2811 2817 2821
f 2811 2821 2812
f 2812 2818 2819
f 2812 2819 2820
f 2812 2820 2813
f 2812 2821 2818
f 2813 2820 2822
f 2813 2822 2836
f 2813 2836 2823
f 2813 2823 2824
f 2813 2824 2826
f 2813 2826 2814
f 2814 2825 2827
f 2814 2827 2815
f 2814 2826 2825
f 2816 2827 2829
f 2816 2829 2845
f 2816 2845 2828
f 2817 2828 2830
f 2817 2830 2831
f 2817 2831 2852
f 2817 2852 2832
f 2817 2832 2821
f 2818 2821 2833
f 2818 2833 2819
f 2819 2833 2834
f 2819 2834 2853
f 2819 2853 2882
f 2819 2882 2915
f 2819 2915 2939
f 2819 2939 2917
f 2819 2917 2883
f 2819 2883 2855
f 2819 2855 2835
f 2819 2835 2820
f 2820 2835 2836
f 2820 2836 2822
f 2821 2832 2837
f 2821 2837 2838
f 2821 2838 2833
f 2823 2836 2824
f 2824 2836 2839
f 2824 2839 2840
f 2824 2840 2841
f 2824 2841 2826
f 2825 2826 2827
f 2826 2841 2842
f 2826 2842 2843
f 2826 2843 2844
f 2826 2844 2827
f 2827 2844 2829
f 2828 2845 2846
f 2828 2846 2830
f 2829 2847 2874
f 2829 2874 2872
f 2829 2872 2871
f 2829 2871 2870
f 2829 2870 2869
f 2829 2869 2903
f 2829 2903 2902
f 2829 2902 2901
f 2829 2901 2900
f 2829 2900 2899
f 2829 2899 2926
f 2829 2926 2948
f 2829 2948 2947
f 2829 2947 2946
f 2829 2946 2974
f 2829 2974 2989
f 2829 2989 2988
f 2829 2988 2998
f 2829 2998 2997
f 2829 2997 3002
f 2829 3002 3001
f 2829 3001 3000
f 2829 3000 2999
f 2829 2999 2990
f 2829 2990 2976
f 2829 2976 2955
f 2829 2955 2954
f 2829 2954 2953
f 2829 2953 2952
f 2829 2952 2933
f 2829 2933 2927
f 2829 2927 2906
f 2829 2906 2905
f 2829 2905 2907
f 2829 2907 2904
f 2829 2904 2875
f 2829 2875 2848
f 2829 2848 2845
f 2829 2844 2847
f 2830 2846 2848
f 2830 2848 2849
f 2830 2849 2850
f 2830 2850 2851
f 2830 2851 2852
f 2830 2852 2831
f 2832 2852 2856
f 2832 2856 2837
f 2833 2838 2834
f 2834 2838 2854
f 2834 2854 2853
f 2835 2855 2859
f 2835 2859 2840
f 2835 2840 2836
f 2836 2840 2839
f 2837 2856 2857
f 2837 2857 2838
f 2838 2857 2858
f 2838 2858 2854
f 2840 2859 2891
f 2840 2891 2860
f 2840 2860 2841
f 2841 2860 2861
f 2841 2861 2842
f 2842 2861 2862
f 2842 2862 2863
f 2842 2863 2864
f 2842 2864 2865
f 2842 2865 2866
f 2842 2866 2867
f 2842 2867 2868
f 2842 2868 2843
f 2843 2868 2869
f 2843 2869 2870
f 2843 2870 2871
f 2843 2871 2872
f 2843 2872 2873
f 2843 2873 2844
f 2844 2873 2874
f 2844 2874 2847
f 2845 2848 2846
f 2848 2875 2876
f 2848 2876 2849
f 2849 2876 2850
f 2850 2876 2877
f 2850 2877 2878
f 2850 2878 2879
f 2850 2879 2880
f 2850 2880 2851
f 2851 2881 2856
f 2851 2856 2852
f 2851 2880 2881
f 2853 2854 2882
f 2854 2858 2882
f 2855 2883 2884
f 2855 2884 2885
f 2855 2885 2859
f 2856 2881 2880
f 2856 2880 2886
f 2856 2886 2887
f 2856 2887 2857
f 2857 2887 2888
f 2857 2888 2889
f 2857 2889 2890
f 2857 2890 2858
f 2858 2890 2882
f 2859 2885 2891
f 2860 2891 2861
f 2861 2891 2862
f 2862 2891 2892
f 2862 2892 2893
f 2862 2893 2894
f 2862 2894 2895
f 2862 2895 2896
f 2862 2896 2863
f 2863 2896 2864
f 2864 2897 2865
f 2864 2896 2898
f 2864 2898 2899
f 2864 2899 2900
f 2864 2900 2897
f 2865 2897 2866
f 2866 2897 2900
f 2866 2900 2867
f 2867 2900 2901
f 2867 2901 2902
f 2867 2902 2903
f 2867 2903 2868
f 2868 2903 2869
f 2872 2874 2873
f 2875 2904 2876
f 2876 2905 2906
f 2876 2906 2877
f 2876 2904 2907
f 2876 2907 2905
f 2877 2908 2909
f 2877 2909 2878
f 2877 2906 2910
f 2877 2910 2908
f 2878 2909 2879
f 2879 2911 2880
f 2879 2909 2911
f 2880 2911 2918
f 2880 2918 2886
f 2882 2890 2912
f 2882 2912 2913
f 2882 2913 2914
f 2882 2914 2915
f 2883 2916 2884
f 2883 2917 2916
f 2884 2893 2885
f 2884 2916 2894
f 2884 2894 2893
f 2885 2892 2891
f 2885 2893 2892
f 2886 2918 2888
f 2886 2888 2887
f 2888 2918 2889
f 2889 2918 2919
f 2889 2919 2890
f 2890 2919 2913
f 2890 2913 2912
f 2894 2920 2895
f 2894 2916 2921
f 2894 2921 2920
f 2895 2920 2922
f 2895 2922 2923
f 2895 2923 2896
f 2896 2923 2924
f 2896 2924 2898
f 2898 2924 2925
f 2898 2925 2926
f 2898 2926 2899
f 2906 2927 2910
f 2908 2928 2929
f 2908 2929 2930
f 2908 2930 2909
f 2908 2910 2931
f 2908 2931 2932
f 2908 2932 2928
f 2909 2930 2911
f 2910 2927 2933
f 2910 2933 2932
f 2910 2932 2931
f 2911 2930 2919
f 2911 2919 2918
f 2913 2934 2914
f 2913 2919 2935
f 2913 2935 2934
f 2914 2934 2935
f 2914 2935 2936
f 2914 2936 2937
f 2914 2937 2938
f 2914 2938 2915
f 2915 2938 2939
f 2916 2917 2940
f 2916 2940 2921
f 2917 2941 2940
f 2917 2939 2965
f 2917 2965 2941
f 2919 2942 2935
f 2919 2930 2942
f 2920 2921 2922
f 2921 2940 2943
f 2921 2943 2944
f 2921 2944 2922
f 2922 2944 2943
f 2922 2943 2923
f 2923 2925 2924
f 2923 2943 2945
f 2923 2945 2946
f 2923 2946 2925
f 2925 2946 2947
f 2925 2947 2948
f 2925 2948 2926
f 2928 2949 2950
f 2928 2950 2929
f 2928 2932 2949
f 2929 2950 2951
f 2929 2951 2930
f 2930 2951 2942
f 2932 2933 2952
f 2932 2952 2953
f 2932 2953 2954
f 2932 2954 2955
f 2932 2955 2956
f 2932 2956 2975
f 2932 2975 2949
f 2935 2957 2936
f 2935 2942 2969
f 2935 2969 2957
f 2936 2957 2958
f 2936 2958 2959
f 2936 2959 2960
f 2936 2960 2961
f 2936 2961 2937
f 2937 2961 2960
f 2937 2960 2962
f 2937 2962 2963
f 2937 2963 2968
f 2937 2968 2964
f 2937 2964 2938
f 2938 2964 2965
f 2938 2965 2939
f 2940 2941 2968
f 2940 2968 2966
f 2940 2966 2967
f 2940 2967 2943
f 2941 2965 2964
f 2941 2964 2968
f 2942 2951 2975
f 2942 2975 2970
f 2942 2970 2969
f 2943 2971 2972
f 2943 2972 2945
f 2943 2967 2973
f 2943 2973 2971
f 2945 2972 2946
f 2946 2972 2986
f 2946 2986 2974
f 2949 2975 2950
f 2950 2975 2951
f 2955 2976 2977
f 2955 2977 2956
f 2956 2977 2978
f 2956 2978 2985
f 2956 2985 2975
f 2957 2979 2958
f 2957 2969 2980
f 2957 2980 2979
f 2958 2979 2981
f 2958 2981 2982
f 2958 2982 2959
f 2959 2982 2967
f 2959 2967 2962
f 2959 2962 2960
f 2962 2967 2968
f 2962 2968 2963
f 2966 2968 2967
f 2967 2982 2983
f 2967 2983 2984
f 2967 2984 2973
f 2969 2970 2975
f 2969 2975 2985
f 2969 2985 2980
f 2971 2973 2986
f 2971 2986 2972
f 2973 2984 2981
f 2973 2981 2987
f 2973 2987 2988
f 2973 2988 2986
f 2974 2986 2989
f 2976 2990 2977
f 2977 2990 2991
f 2977 2991 2992
f 2977 2992 2993
f 2977 2993 2978
f 2978 2993 2980
f 2978 2980 2985
f 2979 2994 2995
f 2979 2995 2981
f 2979 2980 2994
f 2980 2993 2994
f 2981 2984 2982
f 2981 2995 2996
f 2981 2996 2987
f 2982 2984 2983
f 2986 2988 2989
f 2987 2996 2997
f 2987 2997 2998
f 2987 2998 2988
f 2990 2999 2991
f 2991 2993 2992
f 2991 2999 3000
f 2991 3000 3001
f 2991 3001 3002
f 2991 3002 2994
f 2991 2994 2993
f 2994 3002 2996
f 2994 2996 2995
f 2996 3002 2997
